frequency_hz_observed,frequency_hz_nominal,psd_x_g2_per_hz,psd_y_g2_per_hz,psd_z_g2_per_hz,summed_xyz_psd_g2_per_hz
0.0,0.0,8.931610027791783e-08,1.0546357094207204e-07,1.4694279679913334e-07,3.417224680191232e-07
0.20230952860503376,0.19531250000000003,4.507780290223135e-07,4.3484792158800607e-07,6.319324108541008e-07,1.5175583614644203e-06
0.4046190572100675,0.39062500000000006,5.722315067147513e-07,4.864552087428644e-07,1.1235333452249036e-06,2.1822200606825192e-06
0.6069285858151012,0.5859375,4.811500489414639e-07,4.13078879089301e-07,1.266225758282631e-06,2.160454686313396e-06
0.809238114420135,0.7812500000000001,5.168032553007574e-07,2.879112848232849e-07,8.950842629464829e-07,1.699798803070525e-06
1.0115476430251689,0.9765625000000001,4.960101979300139e-07,4.2753101889467183e-07,9.230245567006038e-07,1.8465657735252897e-06
1.2138571716302025,1.171875,4.2802569025273005e-07,4.6524946081985993e-07,9.625182006210588e-07,1.8557933516936488e-06
1.4161667002352363,1.3671875,3.2702783703619237e-07,4.4023861753668594e-07,1.138773577903215e-06,1.9060400324760933e-06
1.61847622884027,1.5625000000000002,3.5653117687380364e-07,5.11681105767383e-07,1.1217013804293455e-06,1.989913663070532e-06
1.820785757445304,1.7578125000000002,4.3220296697365805e-07,4.3400505415696453e-07,1.0650615154446335e-06,1.931269536575256e-06
2.0230952860503377,1.9531250000000002,4.899191045685943e-07,4.29861790738414e-07,1.000967796598097e-06,1.9207486919051053e-06
2.2254048146553713,2.1484375000000004,5.051716540858553e-07,4.3362268126142007e-07,8.947065461126984e-07,1.8335008814599736e-06
2.427714343260405,2.34375,4.668030983791306e-07,4.000227906683384e-07,8.024097950952649e-07,1.6692356841427338e-06
2.630023871865439,2.5390625000000004,3.9433447773314847e-07,3.141850930951879e-07,8.14511678366526e-07,1.5230312491948623e-06
2.8323334004704726,2.734375,4.569155858945738e-07,3.3985719376350217e-07,1.0445391515541075e-06,1.8413119312121835e-06
3.0346429290755066,2.9296875000000004,4.5783901168783315e-07,3.8780057204307965e-07,9.449670878519487e-07,1.7906066715828616e-06
3.23695245768054,3.1250000000000004,4.221853889117909e-07,3.280160782970741e-07,8.371993313148517e-07,1.5874007985237166e-06
3.439261986285574,3.3203125,5.340055072766022e-07,3.409344110661255e-07,8.237492040507186e-07,1.6986891223934462e-06
3.641571514890608,3.5156250000000004,4.974125051361537e-07,3.542829118504192e-07,7.326874554412539e-07,1.5843828724278268e-06
3.8438810434956414,3.7109375,4.3724617484626873e-07,2.874539122265683e-07,7.994694125309107e-07,1.5241694996037477e-06
4.0461905721006755,3.9062500000000004,5.546231926830026e-07,3.595214853510124e-07,8.942539644696704e-07,1.8083986425036855e-06
4.248500100705709,4.1015625,5.382602315888192e-07,4.254875100239462e-07,9.863551889935312e-07,1.9501029306062965e-06
4.450809629310743,4.296875000000001,4.000490845431155e-07,3.243833122729389e-07,9.780051614782744e-07,1.7024375582943288e-06
4.653119157915777,4.492187500000001,5.687068397257564e-07,4.251870171997943e-07,8.551328489941028e-07,1.8490267059196535e-06
4.85542868652081,4.6875,6.522200881618351e-07,4.69740538744606e-07,7.758006904798374e-07,1.8977613173862784e-06
5.057738215125844,4.882812500000001,5.871027607982322e-07,4.8928922932381e-07,7.061392065219378e-07,1.78253119664398e-06
5.260047743730878,5.078125000000001,5.576585639880487e-07,5.367053151122909e-07,7.381421991055703e-07,1.83250607820591e-06
5.462357272335912,5.273437500000001,4.3361776208523504e-07,5.243226860541339e-07,7.628375522216321e-07,1.7207780003610011e-06
5.664666800940945,5.46875,4.1235902747764525e-07,3.822741635643922e-07,8.65770054349705e-07,1.6604032453917424e-06
5.866976329545979,5.664062500000001,3.7907193835657335e-07,4.6176978906176465e-07,9.147925685969697e-07,1.7556342960153077e-06
6.069285858151013,5.859375000000001,4.87846395410434e-07,5.026636752697875e-07,8.899902834976624e-07,1.880500354177884e-06
6.271595386756046,6.0546875,4.677369291758327e-07,4.840387376838459e-07,9.20830239913949e-07,1.8726059067736275e-06
6.47390491536108,6.250000000000001,5.003213345060785e-07,5.240729729818038e-07,8.702147770186331e-07,1.8946090845065153e-06
6.676214443966114,6.445312500000001,5.450128018068519e-07,4.823282489029317e-07,7.999971869428708e-07,1.8273382376526543e-06
6.878523972571148,6.640625,6.295125171053758e-07,4.4308124160126615e-07,7.801490028666225e-07,1.8527427615732646e-06
7.080833501176182,6.835937500000001,5.885484894811328e-07,4.727166922472902e-07,9.248071776860943e-07,1.9860723594145173e-06
7.283143029781216,7.031250000000001,5.526643654593566e-07,4.912970725793275e-07,9.786148755337876e-07,2.0225763135724717e-06
7.485452558386249,7.2265625,5.241608268849021e-07,5.484646772243697e-07,1.0843729673176725e-06,2.1569984714269443e-06
7.687762086991283,7.421875,5.436972706490887e-07,4.817615698024239e-07,9.886557470065777e-07,2.0141145874580902e-06
7.890071615596317,7.617187500000001,5.351465675397404e-07,4.666689488366321e-07,1.0255766628689025e-06,2.0273921792452753e-06
8.092381144201351,7.812500000000001,5.136871588499269e-07,5.279086518281273e-07,7.735325498159377e-07,1.815128360493992e-06
8.294690672806384,8.007812500000002,5.154526587398251e-07,5.70087099524281e-07,7.376589043869884e-07,1.8231986626510945e-06
8.497000201411417,8.203125,5.823600876338491e-07,5.730896417764722e-07,8.574459358399179e-07,2.012895665250239e-06
8.699309730016452,8.398437500000002,5.483758974724548e-07,4.7428112023523685e-07,9.409041281630146e-07,1.963561145870706e-06
8.901619258621485,8.593750000000002,5.221290063119032e-07,4.436650986727304e-07,1.005327148265248e-06,1.971121253249882e-06
9.103928787226518,8.7890625,4.986662847223628e-07,4.850189795136254e-07,1.0337612389567434e-06,2.0174465031927315e-06
9.306238315831553,8.984375000000002,4.586714720781137e-07,4.6237610002273116e-07,9.492583284673898e-07,1.8703059005682347e-06
9.508547844436587,9.179687500000002,5.012974556455318e-07,5.079376777211402e-07,8.069869549469217e-07,1.8162220883135938e-06
9.71085737304162,9.375,4.888433208323096e-07,4.520251522372997e-07,8.785339169383936e-07,1.819402390008003e-06
9.913166901646655,9.570312500000002,4.760967655389177e-07,3.8721592651227535e-07,9.859704275896016e-07,1.8492831196407947e-06
10.115476430251688,9.765625000000002,1.0773971236730953e-06,4.5957004481864414e-07,1.0109279690036815e-06,2.547895137495421e-06
10.317785958856723,9.960937500000002,1.826781221073552e-06,7.67450076823238e-07,8.936775034624445e-07,3.4879088013592344e-06
10.520095487461756,10.156250000000002,7.485948172057846e-07,4.807757910639515e-07,8.026942012392739e-07,2.03206480950901e-06
10.722405016066789,10.351562500000002,4.719982177024437e-07,5.253266365098885e-07,8.397261783136625e-07,1.8370510325259947e-06
10.924714544671824,10.546875000000002,4.103847307970727e-07,5.979492786447903e-07,8.944518843905893e-07,1.9027858938324523e-06
11.127024073276857,10.742187500000002,4.765905961540623e-07,4.5472986484796705e-07,8.07791097765183e-07,1.7391115587672124e-06
11.32933360188189,10.9375,3.270799969099769e-07,4.744138417394539e-07,9.065370771791755e-07,1.7080309158286062e-06
11.531643130486925,11.132812500000002,4.6682872602901494e-07,4.5441711557329496e-07,8.963303139239345e-07,1.8175761555262444e-06
11.733952659091958,11.328125000000002,5.176212908532241e-07,4.414902198210264e-07,9.144516143320917e-07,1.873563125006342e-06
11.936262187696991,11.5234375,4.286061082395505e-07,4.86706775874468e-07,8.461405653121851e-07,1.7614534494262037e-06
12.138571716302026,11.718750000000002,4.053750967860609e-07,3.8702525351463253e-07,7.626453926793745e-07,1.555045742980068e-06
12.34088124490706,11.914062500000002,4.596674036086976e-07,3.922802030147333e-07,8.588021412196601e-07,1.710749747843091e-06
12.543190773512093,12.109375,3.858102114750328e-07,3.553195838057296e-07,1.009837860724034e-06,1.7509676560047964e-06
12.745500302117128,12.304687500000002,4.472365362203606e-07,4.656414802901038e-07,1.033583673485553e-06,1.9464616899960177e-06
12.94780983072216,12.500000000000002,5.462412344440112e-07,3.9110883669436857e-07,8.579582737101686e-07,1.7953083448485485e-06
13.150119359327194,12.6953125,5.781553065074183e-07,2.9940835173841405e-07,9.939076714339315e-07,1.8714713296797637e-06
13.352428887932229,12.890625000000002,4.863959647789719e-07,3.9808634659336253e-07,1.1287096095465894e-06,2.013191920918924e-06
13.554738416537262,13.085937500000002,4.5394097345139946e-07,4.941709925075517e-07,9.119601422822692e-07,1.8600721082412204e-06
13.757047945142295,13.28125,3.8360351878188777e-07,4.491393665365738e-07,6.371333699050202e-07,1.4698762552234819e-06
13.95935747374733,13.476562500000002,3.737428558686922e-07,3.3914389337480974e-07,8.326339645658136e-07,1.5455207138093156e-06
14.161667002352363,13.671875000000002,3.776782062144484e-07,4.146868233777172e-07,6.937937645280643e-07,1.48615879412023e-06
14.363976530957396,13.8671875,3.5697881158124935e-07,4.0978725436977785e-07,9.153796684533015e-07,1.6821457344043287e-06
14.566286059562431,14.062500000000002,3.243693646834109e-07,3.733058088361597e-07,1.1899245273421638e-06,1.8875997008617344e-06
14.768595588167464,14.257812500000002,3.619785688235314e-07,3.817609331605846e-07,1.227409052568657e-06,1.971148554552773e-06
14.970905116772498,14.453125,5.276132654438954e-07,4.365077523707334e-07,1.002110488494615e-06,1.9662315063092437e-06
15.173214645377533,14.648437500000002,4.911252080303514e-07,3.794922402640771e-07,9.020585491121544e-07,1.772675997406583e-06
15.375524173982566,14.84375,4.792794211315941e-07,3.2766049464301813e-07,6.6547236917971e-07,1.4724122849543221e-06
15.577833702587599,15.039062500000002,4.4502560589420903e-07,3.8963576411886585e-07,7.610069357743196e-07,1.5956683057873946e-06
15.780143231192634,15.234375000000002,4.427018267115448e-07,5.867989520537637e-07,8.87499279654011e-07,1.9170000584193195e-06
15.982452759797667,15.4296875,4.317576458886403e-07,4.89811849799633e-07,9.71503895276831e-07,1.8930733909651044e-06
16.184762288402702,15.625000000000002,4.5730431333972567e-07,4.7387520560035e-07,8.872021586854532e-07,1.818381677625529e-06
16.387071817007733,15.820312500000002,4.907676567066054e-07,5.916749380809665e-07,9.805617265639876e-07,2.0630043213515596e-06
16.589381345612768,16.015625000000004,4.341514395959579e-07,6.232523217638926e-07,9.06782546028235e-07,1.9641863073880857e-06
16.791690874217803,16.210937500000004,4.33381253822598e-07,5.316049246819113e-07,8.887939969944327e-07,1.853780175498942e-06
16.994000402822834,16.40625,4.2675379263845487e-07,3.776528437213631e-07,7.994926857381601e-07,1.6038993220979779e-06
17.19630993142787,16.601562500000004,4.231142324842252e-07,4.1397046575809283e-07,8.463026946858099e-07,1.6833873929281282e-06
17.398619460032904,16.796875000000004,4.0781777462631843e-07,4.889633623390636e-07,9.403341417480522e-07,1.8371152787134341e-06
17.600928988637936,16.9921875,4.568547347615686e-07,4.2180852419091803e-07,9.812331423522069e-07,1.8598964013046936e-06
17.80323851724297,17.187500000000004,5.326332624987158e-07,4.085351498327254e-07,6.612714002649977e-07,1.6024398125964388e-06
18.005548045848006,17.382812500000004,5.806293617137642e-07,4.0682129296461707e-07,6.338000790227945e-07,1.621250733701176e-06
18.207857574453037,17.578125,5.408478147804265e-07,4.253048263718163e-07,7.651129876588012e-07,1.7312656288110439e-06
18.410167103058072,17.773437500000004,4.314115771904706e-07,3.4555169991000825e-07,9.824949494272012e-07,1.75945822652768e-06
18.612476631663107,17.968750000000004,3.9998103263665257e-07,3.5119263894115096e-07,1.0588253014077959e-06,1.8099989729855994e-06
18.814786160268138,18.1640625,5.135240924105166e-07,4.586691956583773e-07,9.44110413603154e-07,1.9163037016720478e-06
19.017095688873173,18.359375000000004,6.43606382671454e-07,4.806532070812839e-07,9.92596903192707e-07,2.1168564929454448e-06
19.219405217478208,18.554687500000004,5.893408636486271e-07,4.28401905617774e-07,9.508298443461349e-07,1.9685726136125363e-06
19.42171474608324,18.75,3.9243600298624047e-07,4.583548360845108e-07,9.816784027681092e-07,1.8324692418388605e-06
19.624024274688274,18.945312500000004,4.5714938607031944e-07,4.7096986652264435e-07,8.995158517393379e-07,1.8276351043323016e-06
19.82633380329331,19.140625000000004,4.349474896864851e-07,4.778553829835823e-07,1.0929847619031345e-06,2.0057876345732018e-06
20.028643331898344,19.335937500000004,4.4846266407602736e-07,4.6677029534256675e-07,8.824875508182703e-07,1.7977205102368645e-06
20.230952860503375,19.531250000000004,5.201036295534987e-07,3.285959517356834e-07,7.92717911140433e-07,1.6414174924296151e-06
20.43326238910841,19.726562500000004,5.030940341057889e-07,3.364807154425334e-07,8.369926209650408e-07,1.6765673705133631e-06
20.635571917713445,19.921875000000004,4.842947436128504e-07,4.7178012066044775e-07,9.540278568855928e-07,1.910102721158891e-06
20.837881446318477,20.117187500000004,4.857189254884057e-07,4.632772310861482e-07,8.485581980900251e-07,1.7975543546645788e-06
21.04019097492351,20.312500000000004,4.414718070429864e-07,4.4531360177615227e-07,8.024667092739443e-07,1.6892521180930828e-06
21.242500503528547,20.507812500000004,4.0944247697504824e-07,5.006551094696073e-07,9.6669866823142e-07,1.8767962546760756e-06
21.444810032133578,20.703125000000004,3.5968681922782853e-07,4.69566400538636e-07,9.743038296529872e-07,1.8035570494194517e-06
21.647119560738613,20.8984375,4.888501967058127e-07,4.966172421348441e-07,1.1196696022203646e-06,2.1051370410610215e-06
21.849429089343648,21.093750000000004,4.635591802399263e-07,4.6984629466544734e-07,9.657728686956044e-07,1.899178343600978e-06
22.05173861794868,21.289062500000004,4.562447366072807e-07,3.896788234828256e-07,7.200902203010917e-07,1.5660137803911979e-06
22.254048146553714,21.484375000000004,5.071395820007411e-07,4.610876862669687e-07,9.131340525413295e-07,1.8813613208090395e-06
22.45635767515875,21.679687500000004,5.663214946006624e-07,5.09645635685105e-07,1.082831349717086e-06,2.1587984800028536e-06
22.65866720376378,21.875,4.3213203653523924e-07,4.6124096290972335e-07,8.503552178535203e-07,1.7437282172984829e-06
22.860976732368815,22.070312500000007,4.333185309339971e-07,5.499402044827838e-07,8.32326926755738e-07,1.815585662172519e-06
23.06328626097385,22.265625000000004,5.479241657988685e-07,5.017034305442161e-07,9.72807975801534e-07,2.0224355721446184e-06
23.26559578957888,22.460937500000004,4.673758661670461e-07,5.346102993158969e-07,9.916691977869727e-07,1.9936553632699156e-06
23.467905318183917,22.656250000000004,3.8659122588451375e-07,4.98520850691433e-07,7.965390063705067e-07,1.6816510829464536e-06
23.67021484678895,22.851562500000004,4.145956208554005e-07,5.13625452398437e-07,9.5185617687222e-07,1.8800772501260574e-06
23.872524375393983,23.046875,3.623166558754514e-07,5.718197886923482e-07,1.0620547640020557e-06,1.9961912085698553e-06
24.074833903999018,23.242187500000004,3.328223417060378e-07,5.881050895521768e-07,9.369373237406609e-07,1.8578647549988755e-06
24.277143432604053,23.437500000000004,4.6994154498479616e-07,4.1078019886071116e-07,9.7044569812012e-07,1.8511674419656274e-06
24.479452961209084,23.632812500000004,4.914048629698498e-07,4.3484069002097286e-07,8.560468652857216e-07,1.7822924182765443e-06
24.68176248981412,23.828125000000004,4.7331558927876716e-07,5.080928457528576e-07,6.120050183958857e-07,1.5934134534275105e-06
24.884072018419154,24.023437500000007,4.5106325957398963e-07,5.015551547218176e-07,8.554546948467737e-07,1.808073109142581e-06
25.086381547024185,24.21875,3.8319478447221544e-07,5.567312510820044e-07,7.727526028479026e-07,1.7126786384021225e-06
25.28869107562922,24.414062500000004,3.570490041422514e-07,4.6266265295007543e-07,7.236959985851884e-07,1.5434076556775152e-06
25.491000604234255,24.609375000000004,4.681671103318909e-07,4.012993177331353e-07,9.720810999176411e-07,1.8415475279826673e-06
25.693310132839287,24.804687500000004,4.831380365751199e-07,4.3883910784160746e-07,8.89809120863064e-07,1.8117862652797913e-06
25.89561966144432,25.000000000000004,4.0054153580502066e-07,5.817873866986208e-07,9.074545581073949e-07,1.8897834806110363e-06
26.097929190049356,25.195312500000007,4.5738874342756777e-07,5.420880523202379e-07,9.783169606223735e-07,1.9777937563701794e-06
26.300238718654388,25.390625,5.168107160922352e-07,4.956298321159778e-07,9.036714118357148e-07,1.9161119600439275e-06
26.502548247259423,25.585937500000004,3.8742700548243287e-07,5.922136746977253e-07,1.090200591669373e-06,2.0698412718495312e-06
26.704857775864458,25.781250000000004,3.0947028570537114e-07,5.98315169123109e-07,8.459824691028634e-07,1.7537679239313435e-06
26.90716730446949,25.976562500000004,4.0476409583025355e-07,4.7451462823365895e-07,8.652064036577999e-07,1.7444851277217124e-06
27.109476833074524,26.171875000000004,3.9193350668760155e-07,3.959878082105042e-07,8.902174693842176e-07,1.6781387842823234e-06
27.31178636167956,26.367187500000007,4.033693619696445e-07,4.807584181393969e-07,9.258220238844145e-07,1.8099498039934559e-06
27.51409589028459,26.5625,5.552784178088039e-07,5.224456360609689e-07,9.630802429593784e-07,2.040804296829151e-06
27.716405418889625,26.757812500000004,6.494177221317352e-07,3.657663274140883e-07,7.534159030683837e-07,1.768599952614207e-06
27.91871494749466,26.953125000000004,6.032666029240289e-07,3.342222307309473e-07,8.856707971087669e-07,1.823159630763743e-06
28.12102447609969,27.148437500000004,4.976285887113506e-07,3.517598774767756e-07,8.80756760680542e-07,1.7301452268686682e-06
28.323334004704726,27.343750000000004,4.497885929635158e-07,4.150392069308935e-07,1.1666714233284326e-06,2.031499223222842e-06
28.52564353330976,27.539062500000007,4.347841755622434e-07,6.008517438652968e-07,8.695688897825866e-07,1.9052048092101268e-06
28.727953061914793,27.734375,4.5469933871537427e-07,5.02690365799347e-07,9.321682640949955e-07,1.8895579686097168e-06
28.930262590519828,27.929687500000004,5.238361783535508e-07,3.538649958125738e-07,8.657616493487097e-07,1.7434628235148345e-06
29.132572119124863,28.125000000000004,5.998696763255003e-07,3.859947238699185e-07,1.0463879595976234e-06,2.032252359793042e-06
29.334881647729894,28.320312500000004,6.393190188220488e-07,4.6005300988138114e-07,1.0033009456883135e-06,2.1026729743917432e-06
29.53719117633493,28.515625000000004,4.7566974585070854e-07,4.99898472906686e-07,7.947646227639573e-07,1.770332841521352e-06
29.739500704939964,28.710937500000007,4.815446379147592e-07,5.26567219769796e-07,9.3968885806076e-07,1.9478007157453153e-06
29.941810233544995,28.90625,5.099511776084992e-07,3.6639832494675287e-07,8.638109738281802e-07,1.7401604763834324e-06
30.14411976215003,29.101562500000004,4.180855365156754e-07,3.161276454178764e-07,1.0656658872198602e-06,1.799879069153412e-06
30.346429290755065,29.296875000000004,4.38039752155255e-07,3.8621194735580586e-07,8.253893804238282e-07,1.649641079934889e-06
30.548738819360096,29.492187500000004,4.39975161615908e-07,3.634551398275097e-07,9.406453482681674e-07,1.744075649711585e-06
30.75104834796513,29.6875,3.68734526606412e-07,4.204677161278795e-07,9.405099064089082e-07,1.7297121491431997e-06
30.953357876570166,29.882812500000007,4.018598491593092e-07,4.0790887199038384e-07,9.090623889936983e-07,1.7188311101433914e-06
31.155667405175198,30.078125000000004,4.453924300904597e-07,2.891365307277639e-07,9.750893944120608e-07,1.7096183552302844e-06
31.357976933780233,30.273437500000004,3.545161478454077e-07,3.8614599771687907e-07,9.214102648504646e-07,1.6620724104127513e-06
31.560286462385267,30.468750000000004,4.2186217875207013e-07,4.7509529833140244e-07,8.306690945707009e-07,1.7276265716541734e-06
31.7625959909903,30.664062500000004,3.6685178925764213e-07,4.838997552368879e-07,8.078024217464702e-07,1.6585539662410001e-06
31.964905519595334,30.859375,4.051322659837433e-07,3.5713669120233266e-07,8.563936441122793e-07,1.6186626012983553e-06
32.16721504820037,31.054687500000004,4.660302427972195e-07,3.7701052471974735e-07,8.438808088189143e-07,1.6869215763358812e-06
32.369524576805404,31.250000000000004,4.977748270469677e-07,5.364402838829906e-07,1.1004120285036433e-06,2.134627139433602e-06
32.57183410541044,31.445312500000007,5.626624688884144e-07,4.977139624695261e-07,1.1165861415656944e-06,2.176962572923635e-06
32.774143634015466,31.640625000000004,5.187101459107789e-07,4.6465726376492973e-07,6.857832595970627e-07,1.6691506692727714e-06
32.9764531626205,31.835937500000004,3.675347328711474e-07,4.3189923740260866e-07,7.749340291465455e-07,1.5743679994203015e-06
33.178762691225536,32.03125000000001,4.897865614228666e-07,4.085574245593591e-07,9.712401263171863e-07,1.869584112299412e-06
33.38107221983057,32.22656250000001,5.816979370655599e-07,3.993157469059528e-07,1.345193938012254e-06,2.3262076219837664e-06
33.583381748435606,32.42187500000001,5.065953830448035e-07,4.120361587332836e-07,1.2431299072243307e-06,2.161761449002418e-06
33.78569127704064,32.61718750000001,4.638325669434584e-07,4.5149637496559825e-07,1.0439700543887732e-06,1.9592989962978297e-06
33.98800080564567,32.8125,4.50367787751638e-07,5.372822954060779e-07,7.92237925949499e-07,1.779888009107215e-06
34.190310334250704,33.0078125,4.285353220607001e-07,5.373216511207488e-07,7.99054146564351e-07,1.7649111197457998e-06
34.39261986285574,33.20312500000001,5.065352721846361e-07,3.8774914096680057e-07,8.020369931007925e-07,1.6963214062522292e-06
34.594929391460774,33.39843750000001,5.471690218115026e-07,3.05049145336562e-07,9.40536888493629e-07,1.7927550556416937e-06
34.79723892006581,33.59375000000001,5.267117673774913e-07,3.3923422714642016e-07,8.501562869751465e-07,1.716102281499058e-06
34.99954844867084,33.78906250000001,4.6277280493943414e-07,4.020266727369378e-07,7.831347959797787e-07,1.6479342736561507e-06
35.20185797727587,33.984375,4.971735292381222e-07,4.446332325754409e-07,9.839361042631563e-07,1.9257428660767195e-06
35.404167505880906,34.1796875,4.1817644253336867e-07,4.01737823890809e-07,1.0538512887745584e-06,1.873765555198736e-06
35.60647703448594,34.37500000000001,4.166380709273393e-07,4.364621505760926e-07,1.33892373362608e-06,2.192023955129512e-06
35.808786563090976,34.57031250000001,4.534716261684981e-07,4.201648995806675e-07,1.103244201327191e-06,1.9768807270763568e-06
36.01109609169601,34.76562500000001,4.996865609317594e-07,3.9308823178766507e-07,8.471412838852284e-07,1.7399160766046527e-06
36.213405620301046,34.96093750000001,4.770512037601771e-07,3.5535374574196586e-07,8.977481271902084e-07,1.7301530766923514e-06
36.415715148906074,35.15625,4.5288548497251453e-07,3.9958196787023463e-07,9.644116277897307e-07,1.8168790806324798e-06
36.61802467751111,35.3515625,5.426577811827995e-07,3.3444652534812115e-07,7.888193076443345e-07,1.6659236141752553e-06
36.820334206116144,35.54687500000001,4.494595786858596e-07,3.393001347677569e-07,8.863425083220609e-07,1.6751022217756774e-06
37.02264373472118,35.74218750000001,4.2149594769228974e-07,4.118620455999367e-07,9.372586366282007e-07,1.7706166299204272e-06
37.22495326332621,35.93750000000001,3.95902152204766e-07,4.148091530694138e-07,8.587286527375992e-07,1.6694399580117792e-06
37.42726279193125,36.13281250000001,3.877648879638868e-07,3.559670925372185e-07,9.86585597435837e-07,1.7303175779369422e-06
37.629572320536276,36.328125,4.108270897992848e-07,3.786084215220915e-07,8.355878752146812e-07,1.6250233865360575e-06
37.83188184914131,36.5234375,3.956897828903304e-07,5.46576297935779e-07,9.475702895558536e-07,1.8898363703819628e-06
38.034191377746346,36.71875000000001,4.506103621228579e-07,4.621279483233013e-07,9.466204276503765e-07,1.8593587380965357e-06
38.23650090635138,36.91406250000001,4.842242631979437e-07,5.155374863508916e-07,8.429169473273875e-07,1.8426786968762227e-06
38.438810434956416,37.10937500000001,4.800372276958808e-07,6.009978186369345e-07,8.731400325173574e-07,1.9541750788501728e-06
38.64111996356145,37.30468750000001,4.134628243705676e-07,5.97052667617647e-07,1.101523647779209e-06,2.1120391397674238e-06
38.84342949216648,37.5,4.779238760981879e-07,4.526710683375389e-07,1.2493238002444253e-06,2.179918744680152e-06
39.045739020771514,37.6953125,1.2715596434475884e-06,2.8252813383020915e-06,2.3655181868486498e-05,2.7752022850236177e-05
39.24804854937655,37.89062500000001,3.4682539394792264e-05,0.00010318587956010686,0.0009384475374262773,0.0010763159563811765
39.45035807798158,38.08593750000001,4.783972086517975e-05,0.00014182146042950936,0.0012887234274564978,0.001478384608751187
39.65266760658662,38.28125000000001,3.767680353195052e-06,1.0983872706696207e-05,8.972414885746994e-05,0.0001044757019173612
39.85497713519165,38.47656250000001,5.700762350191198e-07,4.2923140727232047e-07,2.3431800554696523e-06,3.3424876977610925e-06
40.05728666379669,38.67187500000001,4.4366774452607546e-07,4.047201941133791e-07,1.0194608155195427e-06,1.8678487541589972e-06
40.259596192401716,38.8671875,4.764248863628723e-07,3.1468314397055817e-07,8.65431760500799e-07,1.6565397908342295e-06
40.46190572100675,39.06250000000001,5.290182503574111e-07,3.5630728227177167e-07,9.007355766121015e-07,1.786061109241284e-06
40.664215249611786,39.25781250000001,5.23082627712765e-07,4.455472482623498e-07,1.1324769295299547e-06,2.1011068055050698e-06
40.86652477821682,39.45312500000001,4.448493203649614e-07,4.10493035507709e-07,9.915878229909386e-07,1.846930178863609e-06
41.068834306821856,39.64843750000001,4.285654246857945e-07,4.2667973717799667e-07,1.0002177925383705e-06,1.8554629544021616e-06
41.27114383542689,39.84375000000001,4.817951290559904e-07,3.979033888493309e-07,9.95613893076936e-07,1.875312410982257e-06
41.47345336403192,40.03906250000001,5.327187318232688e-07,3.780762924674154e-07,1.272478658666692e-06,2.183273682957376e-06
41.67576289263695,40.23437500000001,4.6610443371889556e-07,4.603381826789401e-07,1.2404512330807884e-06,2.166893849478624e-06
41.87807242124199,40.4296875,5.284812340634172e-07,3.847779216729938e-07,1.016179320671101e-06,1.929438476407512e-06
42.08038194984702,40.62500000000001,4.9383181211355e-07,4.4288730560853286e-07,8.446912190952418e-07,1.7814103368173248e-06
42.28269147845206,40.82031250000001,5.028425290736596e-07,4.728235160139381e-07,9.88662658991194e-07,1.9643287040787918e-06
42.48500100705709,41.01562500000001,4.544407402744056e-07,3.696750496608951e-07,9.804575933053967e-07,1.8045733832406973e-06
42.68731053566212,41.2109375,4.692180622024868e-07,5.221298177664279e-07,8.740604891635513e-07,1.865408369132466e-06
42.889620064267156,41.40625000000001,4.511802672858891e-07,3.597176495385565e-07,1.0799540627430199e-06,1.8908519795674654e-06
43.09192959287219,41.60156250000001,3.683459167490462e-07,3.0207329180996417e-07,1.0684810317207712e-06,1.7389002402797816e-06
43.294239121477226,41.796875,3.6287072961050394e-07,3.7220976472424193e-07,9.030633795653634e-07,1.6381438739001091e-06
43.49654865008226,41.99218750000001,4.889830769476839e-07,4.360688278763386e-07,8.230296237820816e-07,1.7480815286061041e-06
43.698858178687296,42.18750000000001,5.699893610741323e-07,4.4848064150982553e-07,9.554381801709514e-07,1.9739081827549093e-06
43.90116770729232,42.38281250000001,5.40966609101099e-07,4.615291852915853e-07,9.114989823600536e-07,1.913994776752738e-06
44.10347723589736,42.57812500000001,4.273185406127644e-07,3.7186442498342855e-07,9.315107691099844e-07,1.7306937347061772e-06
44.30578676450239,42.7734375,3.2362144750691903e-07,4.339989470096904e-07,1.2444316705933159e-06,2.0020520651099253e-06
44.50809629310743,42.96875000000001,4.588001681999976e-07,5.261501096044532e-07,1.1801708120881951e-06,2.165121089892646e-06
44.71040582171246,43.16406250000001,4.895410499021244e-07,4.7329788758495703e-07,9.550833648095271e-07,1.9179223022966086e-06
44.9127153503175,43.35937500000001,5.464458389189853e-07,3.903575723521355e-07,9.429801619160452e-07,1.8797835731871661e-06
45.115024878922526,43.5546875,4.2451934631620423e-07,3.6166157915017416e-07,9.018887399822409e-07,1.6880696654486193e-06
45.31733440752756,43.75,3.603270846654043e-07,3.838955176642525e-07,8.679953658743223e-07,1.612217968203979e-06
45.519643936132596,43.94531250000001,4.0157337919581786e-07,3.574715014248535e-07,8.607621146555455e-07,1.6198069952762168e-06
45.72195346473763,44.140625000000014,3.869774164892903e-07,3.085216752645067e-07,7.684316967807266e-07,1.4639307885345235e-06
45.924262993342666,44.33593750000001,3.6858919105373844e-07,4.1624315651948116e-07,9.084470254927322e-07,1.6932793730659517e-06
46.1265725219477,44.53125000000001,3.6507618881937465e-07,4.262618419550441e-07,7.496728337059294e-07,1.5410108644803481e-06
46.32888205055273,44.72656250000001,4.4348873099129235e-07,5.064219645837659e-07,7.934712385465768e-07,1.743381934121635e-06
46.53119157915776,44.92187500000001,4.5813160213020006e-07,4.5924481119564535e-07,8.124300197725287e-07,1.729806433098374e-06
46.7335011077628,45.1171875,4.1724151166516097e-07,4.415226414172597e-07,7.078102334927374e-07,1.566574386575158e-06
46.93581063636783,45.31250000000001,4.811735927502993e-07,4.982203649011599e-07,7.135437962235872e-07,1.6929377538750464e-06
47.13812016497287,45.50781250000001,5.210698389949747e-07,5.685267484843706e-07,8.660793831246934e-07,1.9556759706040387e-06
47.3404296935779,45.70312500000001,4.823641758166591e-07,4.553639812914827e-07,1.1860182108484335e-06,2.1237463679565753e-06
47.54273922218293,45.8984375,4.1786475756130534e-07,3.7846839059016937e-07,1.0640986097466179e-06,1.8604317578980926e-06
47.745048750787966,46.09375,6.113450770133529e-07,3.636352570901165e-07,9.371402118624846e-07,1.912120545965954e-06
47.947358279393,46.28906250000001,4.2393207145390966e-07,4.95540231071106e-07,8.895281749262738e-07,1.8090004774512893e-06
48.149667807998036,46.48437500000001,4.1158462552156576e-07,4.2433907668547336e-07,8.371620633722166e-07,1.6730857655792558e-06
48.35197733660307,46.67968750000001,4.4940437725563405e-07,4.6590242166179066e-07,9.228140603852096e-07,1.8381208593026343e-06
48.554286865208105,46.87500000000001,4.135602427000744e-07,4.4024384920353097e-07,8.025464899812092e-07,1.6563505818848146e-06
48.75659639381313,47.07031250000001,4.0144704310725767e-07,4.2928436698695617e-07,6.471117172102569e-07,1.4778431273044708e-06
48.95890592241817,47.26562500000001,4.706855701961918e-07,3.961954958767784e-07,8.092783923777354e-07,1.6761594584507056e-06
49.1612154510232,47.4609375,6.17898793887653e-07,4.859333316233734e-07,9.409760829337647e-07,2.044808208444791e-06
49.36352497962824,47.65625000000001,1.3767821591204234e-06,1.8275174951273638e-06,9.287735268231351e-07,4.133073181070922e-06
49.56583450823327,47.85156250000001,1.753869220559651e-05,2.8364513541137893e-05,2.8442348129150318e-06,4.874744055964943e-05
49.76814403683831,48.046875000000014,1.8320419213574083e-05,2.969681928042577e-05,3.586034862562373e-06,5.1603273356562226e-05
49.970453565443336,48.2421875,1.8869267092553e-06,2.2909227786241466e-06,1.4912275050624394e-06,5.669076992941886e-06
50.17276309404837,48.4375,5.760873018851044e-07,4.983320584036026e-07,1.0434242512716147e-06,2.117843611560322e-06
50.375072622653406,48.63281250000001,4.193204109219499e-07,3.549589717061962e-07,9.395213961689805e-07,1.7138007787971267e-06
50.57738215125844,48.82812500000001,3.509876520174495e-07,3.7669670714415855e-07,7.890670896749798e-07,1.5167514488365879e-06
50.779691679863475,49.02343750000001,2.7839555001846305e-07,4.160250565182777e-07,8.554886918835392e-07,1.5499092984202798e-06
50.98200120846851,49.21875000000001,4.228912931802645e-07,4.02829501971752e-07,9.248266953548545e-07,1.750547490506871e-06
51.18431073707354,49.4140625,4.2626332812412575e-07,4.682306560579829e-07,8.259482523223405e-07,1.7204422365044492e-06
51.38662026567857,49.60937500000001,2.740317778178273e-07,4.5852945754616505e-07,9.378959374175867e-07,1.6704571727815791e-06
51.58892979428361,49.8046875,3.595087961750596e-07,3.958401391043281e-07,1.1072600947612868e-06,1.8626090300406744e-06
51.79123932288864,50.00000000000001,4.494639730955369e-07,3.7955292495515284e-07,9.052737984095177e-07,1.7342906964602076e-06
51.99354885149368,50.19531250000001,4.67587211902863e-07,3.8205938666703693e-07,7.26744912717953e-07,1.576391511287853e-06
52.19585838009871,50.390625000000014,4.165839730956096e-07,3.7930364508749925e-07,7.523267790214463e-07,1.5482143972045552e-06
52.39816790870375,50.58593750000001,4.543969975776923e-07,4.027958488169519e-07,8.438597585782825e-07,1.7010526049729267e-06
52.600477437308776,50.78125,4.454678050674385e-07,3.900919759822426e-07,8.789815981974693e-07,1.7145413792471504e-06
52.80278696591381,50.97656250000001,4.065053181588381e-07,4.902291231339946e-07,8.893680377335094e-07,1.7861024790263422e-06
53.005096494518845,51.17187500000001,4.892668418956821e-07,4.00348810870685e-07,7.139937978438296e-07,1.6036094506101966e-06
53.20740602312388,51.36718750000001,5.012552741445582e-07,4.5132442635414575e-07,8.237822884114357e-07,1.7763619889101397e-06
53.409715551728915,51.56250000000001,4.640241035640725e-07,4.590519831636027e-07,1.028458383668596e-06,1.9515344703962714e-06
53.61202508033395,51.757812500000014,4.785810097442959e-07,4.538415176335277e-07,7.694627190630216e-07,1.701885246440845e-06
53.81433460893898,51.95312500000001,4.550443468068344e-07,4.236812745891322e-07,9.23573081632065e-07,1.8022987030280314e-06
54.01664413754401,52.14843750000001,4.927233708516658e-07,5.013307679969577e-07,9.067925179566916e-07,1.9008466568053152e-06
54.21895366614905,52.34375000000001,3.9721809496759123e-07,4.200460790463369e-07,8.007299905115529e-07,1.617994164525481e-06
54.42126319475408,52.53906250000001,4.0139481861643196e-07,4.4319170371654453e-07,7.73986842094951e-07,1.6185733644279274e-06
54.62357272335912,52.734375000000014,4.5848158772008177e-07,4.7131520072451823e-07,6.733624671114428e-07,1.6031592555560427e-06
54.82588225196415,52.92968750000001,4.967985028417985e-07,3.8658027547648e-07,7.852664129360641e-07,1.6686451912543425e-06
55.02819178056918,53.125,3.910642212542055e-07,4.21157646067902e-07,7.459855351081103e-07,1.558207402430218e-06
55.230501309174215,53.32031250000001,4.175542024440058e-07,4.297772838726024e-07,9.940238228748505e-07,1.8413553091914587e-06
55.43281083777925,53.51562500000001,3.716542090654313e-07,4.537879945700285e-07,9.097677685091963e-07,1.7352099721446562e-06
55.635120366384285,53.710937500000014,4.0227546935695027e-07,3.6961306899439783e-07,6.838323250974381e-07,1.4557208634487863e-06
55.83742989498932,53.90625000000001,4.175925875842019e-07,4.2314092000694325e-07,7.639490578584835e-07,1.6046825654496286e-06
56.039739423594355,54.101562500000014,4.7391323029542413e-07,4.862395904341068e-07,9.63280761325113e-07,1.923433582054644e-06
56.24204895219938,54.29687500000001,5.222769893612331e-07,5.075317825833827e-07,9.022730559417945e-07,1.93208182788641e-06
56.44435848080442,54.49218750000001,4.331477293609137e-07,4.076316683171957e-07,5.54077148294243e-07,1.3948565459723523e-06
56.64666800940945,54.68750000000001,4.492405207102844e-07,4.284163155428923e-07,6.226406120299642e-07,1.500297448283141e-06
56.84897753801449,54.88281250000001,4.4264606173371414e-07,4.658227439101217e-07,8.186102110597354e-07,1.727079016703571e-06
57.05128706661952,55.078125000000014,3.9700670306836126e-07,3.931353917106782e-07,1.0056058896056682e-06,1.7957479843847076e-06
57.25359659522456,55.27343750000001,3.5923209810827634e-07,4.418416790267691e-07,7.799530862127623e-07,1.5810268633478077e-06
57.455906123829585,55.46875,4.060577872114203e-07,4.941765823147761e-07,9.991649517159643e-07,1.8993993212421607e-06
57.65821565243462,55.66406250000001,3.823875674559604e-07,4.878331090293129e-07,1.0245283480145292e-06,1.8947490244998026e-06
57.860525181039655,55.85937500000001,6.01099099649891e-07,5.262952023252379e-07,9.148855349765663e-07,2.042279836951695e-06
58.06283470964469,56.054687500000014,9.656287112039939e-07,8.583792135340546e-07,1.1878691951892454e-06,3.011877119927294e-06
58.265144238249725,56.25000000000001,7.275079818720231e-07,8.35417683571002e-07,1.4370374989218326e-06,2.9999631643648576e-06
58.46745376685476,56.44531250000001,4.78065507369403e-07,4.2871572981302506e-07,9.410543740340385e-07,1.8478356112164665e-06
58.66976329545979,56.64062500000001,4.934310414763552e-07,3.7530579552319233e-07,9.465869553699428e-07,1.8153237923694903e-06
58.87207282406482,56.83593750000001,3.643593812707727e-07,4.359175198917458e-07,9.02842581626597e-07,1.7031194827891154e-06
59.07438235266986,57.03125000000001,3.9473837047429045e-07,3.569084764986781e-07,9.445921407055676e-07,1.696238987678536e-06
59.27669188127489,57.22656250000001,4.912136023579144e-07,3.5079452046840124e-07,1.0170136331743825e-06,1.859021756000698e-06
59.47900140987993,57.421875000000014,5.016302768870607e-07,3.5781004415565337e-07,9.051169238710296e-07,1.7645572449137435e-06
59.68131093848496,57.617187500000014,4.3868854402961214e-07,6.039454632639505e-07,7.369043731899882e-07,1.779538380483551e-06
59.88362046708999,57.8125,7.260508162126289e-07,1.1316867433478241e-06,9.99688365849181e-07,2.857425925409634e-06
60.085929995695025,58.00781250000001,6.712537836651704e-07,9.526833880465944e-07,9.892477150581767e-07,2.6131848867699413e-06
60.28823952430006,58.20312500000001,5.590577314593796e-07,4.519113143613457e-07,9.610405939641303e-07,1.9720096397848555e-06
60.490549052905095,58.398437500000014,4.820917238285574e-07,3.831317260533937e-07,8.83318893652053e-07,1.7485423435340041e-06
60.69285858151013,58.59375000000001,3.619719777961351e-07,4.4850213397615643e-07,9.488375723355097e-07,1.7593116841078013e-06
60.895168110115165,58.78906250000001,3.570229033013444e-07,4.4282215311013034e-07,6.798972969747246e-07,1.4797423533861994e-06
61.09747763872019,58.98437500000001,4.7631093574091524e-07,3.240121249653704e-07,8.563459716252275e-07,1.656669032331513e-06
61.29978716732523,59.17968750000001,3.34490759764824e-07,4.0038970408930945e-07,9.517543620229394e-07,1.6866348258770729e-06
61.50209669593026,59.375,3.4450612158397486e-07,3.6595090392255076e-07,8.61437966187587e-07,1.5718949916941125e-06
61.7044062245353,59.57031250000001,4.1354756052371066e-07,4.6660981418184964e-07,7.21733747973461e-07,1.6018911226790213e-06
61.90671575314033,59.765625000000014,4.1429061366616006e-07,4.784214003346253e-07,7.615492547563676e-07,1.6542612687571529e-06
62.10902528174537,59.960937500000014,3.464289855154832e-07,3.449638741588529e-07,1.0602224301323528e-06,1.751615289806689e-06
62.311334810350395,60.15625000000001,4.224867704661281e-07,4.0183616074812083e-07,9.007106750669066e-07,1.7250336062811554e-06
62.51364433895543,60.35156250000001,4.5685556074692897e-07,5.530746608690205e-07,8.652232761065593e-07,1.8751534977225086e-06
62.715953867560465,60.54687500000001,4.782436738438157e-07,4.482414863440428e-07,1.0551206379713163e-06,1.9816057981591747e-06
62.9182633961655,60.742187500000014,4.4001430865628186e-07,4.473161439556999e-07,9.869722293843012e-07,1.874302681996283e-06
63.120572924770535,60.93750000000001,3.3759937692931533e-07,4.2931959336736517e-07,7.453963272744902e-07,1.5123152975711706e-06
63.32288245337557,61.13281250000001,3.994597055538588e-07,4.239464760026008e-07,7.6430862846927e-07,1.5877148100257297e-06
63.5251919819806,61.32812500000001,4.11424234302406e-07,4.004998816928999e-07,7.677146732103353e-07,1.579638789205641e-06
63.72750151058563,61.52343750000001,4.4827941323436303e-07,3.259184801700426e-07,7.58182199168056e-07,1.5323800925724616e-06
63.92981103919067,61.71875,4.0950737001512945e-07,4.7073424697433536e-07,8.376369322427597e-07,1.7178785492322244e-06
64.1321205677957,61.9140625,3.5070705547133805e-07,4.676966695357175e-07,9.127322518445597e-07,1.7311359768516153e-06
64.33443009640074,62.10937500000001,3.710489929911341e-07,4.803406906663974e-07,8.829718749899865e-07,1.7343615586475181e-06
64.53673962500577,62.30468750000001,4.899350044161388e-07,3.7561283718478107e-07,9.739181589397391e-07,1.839466000540659e-06
64.73904915361081,62.50000000000001,4.0908977276557086e-07,2.7201604091479935e-07,9.545458618038626e-07,1.6356516754842329e-06
64.94135868221584,62.69531250000001,3.9162354546086745e-07,3.764482425805345e-07,8.022389148659461e-07,1.5703107029073481e-06
65.14366821082088,62.890625000000014,4.6995054373637863e-07,5.763142435265708e-07,9.409981989546039e-07,1.9872629862175534e-06
65.3459777394259,63.085937500000014,4.603012832482889e-07,4.583861197900513e-07,6.851906518787992e-07,1.6038780549171396e-06
65.54828726803093,63.28125000000001,3.880656171484122e-07,3.094137398619796e-07,6.829710318852388e-07,1.3804503888956306e-06
65.75059679663597,63.47656250000001,2.968653145431893e-07,3.9679584809130346e-07,6.307003513169815e-07,1.3243615139514742e-06
65.952906325241,63.67187500000001,3.409243500001512e-07,4.92855194914381e-07,6.923354508583044e-07,1.5261149957728366e-06
66.15521585384604,63.867187500000014,4.3709519294708537e-07,4.470090667335857e-07,8.5421107415098e-07,1.738315333831651e-06
66.35752538245107,64.06250000000001,4.710225544891057e-07,4.0630521891304075e-07,1.1819235782192427e-06,2.059251351621389e-06
66.55983491105611,64.25781250000001,4.2645010777357785e-07,4.7481419038746856e-07,1.091609737617812e-06,1.9928740357788586e-06
66.76214443966114,64.45312500000001,4.40644695581637e-07,4.1904625812893585e-07,9.345443111044816e-07,1.7942352648150546e-06
66.96445396826617,64.6484375,3.5907299956538266e-07,4.1214715820575347e-07,7.717058070337777e-07,1.5429259648049138e-06
67.16676349687121,64.84375000000001,3.4811207526851624e-07,4.087658566168716e-07,7.082437078474485e-07,1.4651216397328364e-06
67.36907302547624,65.0390625,4.104930472710662e-07,3.805379495632276e-07,1.1346110206781785e-06,1.9256420175124724e-06
67.57138255408128,65.23437500000001,4.0904889512895827e-07,3.510408497092921e-07,9.257624508108613e-07,1.6858521956491116e-06
67.77369208268631,65.42968750000001,3.954093094688074e-07,4.069009441331192e-07,8.746396445250317e-07,1.6769498981269583e-06
67.97600161129134,65.625,4.4852583122111067e-07,4.838655158508618e-07,7.352512543826108e-07,1.6676426014545833e-06
68.17831113989638,65.82031250000001,1.0806038740669037e-06,9.203351875884505e-07,9.77098675943209e-07,2.9780377375985636e-06
68.38062066850141,66.015625,5.0930095382145135e-06,3.66213297747573e-06,1.820843835281369e-06,1.0575986350971612e-05
68.58293019710645,66.21093750000001,3.810798897772651e-06,3.1139142503753535e-06,1.2809813032396596e-06,8.205694451387664e-06
68.78523972571148,66.40625000000001,7.619041434168014e-07,5.947680051777217e-07,8.826974126304818e-07,2.2393695612250047e-06
68.98754925431652,66.60156250000001,4.7516351755902086e-07,3.5773088405947483e-07,1.0185596914491056e-06,1.8514540930676013e-06
69.18985878292155,66.79687500000001,4.695713527222711e-07,3.893087394654308e-07,8.723791294379919e-07,1.731259221625694e-06
69.39216831152658,66.9921875,4.2302066209928423e-07,4.6950795364086186e-07,8.40885688349231e-07,1.7334143040893772e-06
69.59447784013162,67.18750000000001,4.2239814905256954e-07,4.431761843586152e-07,1.0912114821350854e-06,1.95678581554627e-06
69.79678736873664,67.3828125,3.715826063931799e-07,4.207009492119884e-07,9.341418633786856e-07,1.726425418983854e-06
69.99909689734169,67.57812500000001,3.600364590126016e-07,4.957654053328576e-07,6.500937325556192e-07,1.5058955969010783e-06
70.20140642594671,67.77343750000001,4.038660891270836e-07,4.548141003423799e-07,5.809299054700859e-07,1.4396100949395494e-06
70.40371595455174,67.96875,4.7226665886862184e-07,4.3701806408423975e-07,7.725016357398169e-07,1.6817863586926786e-06
70.60602548315678,68.16406250000001,4.211258550785638e-07,3.795641085889428e-07,8.007639279628239e-07,1.6014538916303305e-06
70.80833501176181,68.359375,4.179876116772778e-07,3.6982077765140987e-07,7.474084924771596e-07,1.5352168818058473e-06
71.01064454036685,68.55468750000001,4.884329793450185e-07,3.334063322302955e-07,6.299401600110926e-07,1.4517794715864066e-06
71.21295406897188,68.75000000000001,4.825125764604032e-07,3.297881151391786e-07,7.010309020111842e-07,1.513331593610766e-06
71.41526359757692,68.94531250000001,4.428165957710357e-07,3.8560450361435145e-07,9.693122332703064e-07,1.7977333326556937e-06
71.61757312618195,69.14062500000001,3.6650219825636345e-07,4.4959309642962924e-07,1.0118007141846437e-06,1.8278960088706364e-06
71.81988265478698,69.3359375,4.6326866695000666e-07,4.474641915232043e-07,8.886568014946658e-07,1.7993896599678768e-06
72.02219218339202,69.53125000000001,5.531625902703047e-07,3.91616144426866e-07,9.07389662283431e-07,1.8521683969806017e-06
72.22450171199705,69.72656250000001,4.886915179905166e-07,4.118042802895566e-07,1.0177215029924165e-06,1.9182173012724897e-06
72.42681124060209,69.92187500000001,4.916355130718366e-07,5.416328360398816e-07,1.172601491579101e-06,2.205869840690819e-06
72.62912076920712,70.11718750000001,4.899142304217645e-07,5.196514323605981e-07,8.878893601466282e-07,1.8974550229289907e-06
72.83143029781215,70.3125,5.34122451142598e-07,3.963601788133737e-07,8.509506103122024e-07,1.7814332402681743e-06
73.03373982641719,70.50781250000001,5.313146776588093e-07,4.067455371784267e-07,8.562018803062015e-07,1.7942620951434376e-06
73.23604935502222,70.703125,3.73406252914053e-07,4.2081940301289574e-07,8.939025808224433e-07,1.688128236749392e-06
73.43835888362726,70.89843750000001,3.0895111634054155e-07,3.7265624637812884e-07,9.211590997072787e-07,1.602766462425949e-06
73.64066841223229,71.09375000000001,3.0806028169575644e-07,4.0495340864457763e-07,7.480257560370101e-07,1.461039446377344e-06
73.84297794083733,71.28906250000001,4.1565978731172154e-07,3.4490396463327434e-07,7.902639750470631e-07,1.550827726992059e-06
74.04528746944236,71.48437500000001,5.337981510192892e-07,3.3955969571662646e-07,9.283034710014253e-07,1.8016613177373411e-06
74.24759699804738,71.6796875,5.521881105436291e-07,3.8580137530263067e-07,8.327907059136012e-07,1.7707801917598609e-06
74.44990652665243,71.87500000000001,4.0262173423527476e-07,4.327903717003952e-07,8.057179809363068e-07,1.6411300868719767e-06
74.65221605525745,72.07031250000001,3.686326107636483e-07,3.607414948670941e-07,9.735987603688253e-07,1.7029728659995677e-06
74.8545255838625,72.26562500000001,4.1238836359998657e-07,3.1937953269584004e-07,8.724419991507193e-07,1.6042098954465458e-06
75.05683511246752,72.46093750000001,4.2978950852638333e-07,3.2543591892581574e-07,6.696970399135486e-07,1.4249224673657477e-06
75.25914464107255,72.65625,3.738134278954986e-07,4.3249268131916245e-07,5.68833072656492e-07,1.375139181871153e-06
75.4614541696776,72.85156250000001,3.547766142681857e-07,4.807200469155087e-07,5.17340548893272e-07,1.3528372100769664e-06
75.66376369828262,73.046875,4.642076179094291e-07,4.005875442627211e-07,5.977159346455188e-07,1.4625110968176688e-06
75.86607322688766,73.24218750000001,3.3916768042751244e-07,3.296845496044366e-07,6.905483903725006e-07,1.3594006204044495e-06
76.06838275549269,73.43750000000001,3.4239987731826985e-07,2.6573275024254784e-07,9.545523913315985e-07,1.562685018892416e-06
76.27069228409773,73.63281250000001,3.448870971016686e-07,3.948963979417708e-07,8.885643354296133e-07,1.6283478304730527e-06
76.47300181270276,73.82812500000001,3.952371886892766e-07,4.0404784820800466e-07,7.753595505705208e-07,1.574644587467802e-06
76.67531134130779,74.0234375,3.845614763416627e-07,4.448559363558235e-07,7.88619358763791e-07,1.6180367714612773e-06
76.87762086991283,74.21875000000001,4.0430595857313584e-07,4.910864943387724e-07,9.358126109040103e-07,1.8312050638159187e-06
77.07993039851786,74.41406250000001,5.18429608727593e-07,4.294550316810518e-07,8.932286902142156e-07,1.8411133306228603e-06
77.2822399271229,74.60937500000001,5.370626753461703e-07,3.8138331477347517e-07,8.718503803033405e-07,1.790296370422986e-06
77.48454945572793,74.80468750000001,5.089398506147471e-07,5.137395888568995e-07,9.145629928117924e-07,1.937242432283439e-06
77.68685898433296,75.0,3.896345919714367e-07,5.256659277187646e-07,9.264332445484341e-07,1.8417337642386352e-06
77.889168512938,75.1953125,4.153444999234069e-07,5.012046345246449e-07,1.0538466058257722e-06,1.9703957402738237e-06
78.09147804154303,75.390625,4.4093913972025777e-07,6.022511602665299e-07,1.071184451770279e-06,2.114374751757067e-06
78.29378757014807,75.58593750000001,3.76769894269088e-07,4.861026251746376e-07,9.155026132896204e-07,1.778375132733346e-06
78.4960970987531,75.78125000000001,3.421073848309608e-07,3.9616112299304937e-07,1.0074842637305887e-06,1.7457527715545988e-06
78.69840662735814,75.97656250000001,4.3085355263420347e-07,3.798404504367796e-07,8.983484799962871e-07,1.7090424830672702e-06
78.90071615596317,76.17187500000001,4.931963192129649e-07,4.943411298525323e-07,7.900724590091064e-07,1.7776099080746038e-06
79.1030256845682,76.3671875,5.077660778893834e-07,4.477229587797966e-07,9.593691011716437e-07,1.9148581378408235e-06
79.30533521317324,76.56250000000001,5.021713763718494e-07,3.3729623318745705e-07,9.118078922116787e-07,1.751275501770985e-06
79.50764474177826,76.75781250000001,4.996450357670265e-07,3.33415117500557e-07,8.589888924809272e-07,1.6920490457485107e-06
79.7099542703833,76.95312500000001,4.172084911437714e-07,3.7922160716317326e-07,6.973152274993585e-07,1.4937453258063031e-06
79.91226379898833,77.14843750000001,4.451655275037339e-07,5.292497513385058e-07,7.75089739417969e-07,1.7495050182602087e-06
80.11457332759338,77.34375000000001,6.089506276482769e-07,4.287436870312127e-07,9.606658915778033e-07,1.998360206257293e-06
80.3168828561984,77.53906250000001,4.356227912063566e-07,4.2031542090753344e-07,9.783542616502907e-07,1.8342924737641807e-06
80.51919238480343,77.734375,4.5863396545922564e-07,4.823708908934163e-07,1.1814249702371476e-06,2.1224298265897897e-06
80.72150191340847,77.92968750000001,4.544404541774658e-07,4.185258380829857e-07,1.1610184435647868e-06,2.0339847358252385e-06
80.9238114420135,78.12500000000001,4.225309827094727e-07,3.485748448842703e-07,7.855794336979248e-07,1.5566852612916678e-06
81.12612097061854,78.32031250000001,5.258240030091514e-07,3.891599062451803e-07,7.209052281058937e-07,1.6358891373602255e-06
81.32843049922357,78.51562500000001,5.244652786455129e-07,4.3477723072794296e-07,7.271942660870354e-07,1.6864367754604913e-06
81.5307400278286,78.7109375,4.414761708312089e-07,4.787006169099045e-07,7.790465266721929e-07,1.6992233144133064e-06
81.73304955643364,78.90625000000001,4.1900519245461997e-07,2.9897315864611044e-07,6.071525240806005e-07,1.3251308751813308e-06
81.93535908503867,79.10156250000001,5.472671341059898e-07,3.056227839900117e-07,9.341538169085139e-07,1.7870437350045155e-06
82.13766861364371,79.29687500000001,5.466166761075549e-07,3.9920064775651783e-07,1.1107871870751596e-06,2.056604510939232e-06
82.33997814224874,79.49218750000001,4.25634896953557e-07,5.350887403998223e-07,8.625664971735139e-07,1.823290134526893e-06
82.54228767085378,79.68750000000001,3.7783882997403827e-07,5.095206555554961e-07,7.635519207213291e-07,1.6509114062508634e-06
82.74459719945881,79.8828125,4.0098766342631516e-07,3.537432087623187e-07,9.85418335781472e-07,1.740149207970106e-06
82.94690672806384,80.07812500000001,3.972201661258361e-07,3.787454409628976e-07,9.862057836475206e-07,1.7621713907362542e-06
83.14921625666888,80.27343750000001,3.551095527496597e-07,4.3954786151040227e-07,7.265841609945018e-07,1.5212415752545638e-06
83.3515257852739,80.46875000000001,4.4132336641421353e-07,4.37365083861391e-07,8.183360350551308e-07,1.6970244853307352e-06
83.55383531387895,80.66406250000001,4.4307124782685914e-07,3.488178267706892e-07,1.0639024563423234e-06,1.8557915309398716e-06
83.75614484248398,80.859375,4.1215085329795715e-07,3.63025642012792e-07,1.0156048232004405e-06,1.7907813185111895e-06
83.958454371089,81.05468750000001,4.064753026328106e-07,4.2594547778239663e-07,8.464051878532334e-07,1.6788259682684405e-06
84.16076389969405,81.25000000000001,5.052161342731228e-07,4.841166417753454e-07,7.60542853864438e-07,1.7498756299129062e-06
84.36307342829907,81.4453125,4.3395683813073945e-07,5.639834187809911e-07,7.254960939373871e-07,1.7234363508491177e-06
84.56538295690412,81.64062500000001,4.216983569285256e-07,6.160516549405701e-07,7.829158181719957e-07,1.8206658300410914e-06
84.76769248550914,81.83593750000001,4.719756043016896e-07,5.904437479393823e-07,8.72372028254647e-07,1.9347913804957186e-06
84.97000201411419,82.03125000000001,3.946261888593584e-07,5.137644629740827e-07,8.998706996526045e-07,1.8082613514860457e-06
85.17231154271921,82.22656250000001,4.361942874361446e-07,4.974874066230771e-07,9.58199576480239e-07,1.8918812705394608e-06
85.37462107132424,82.421875,4.662863012396782e-07,5.227121761988611e-07,1.0223123828964833e-06,2.0113108603350224e-06
85.57693059992928,82.61718750000003,5.04033429400993e-07,4.4265382067762413e-07,8.833371521322178e-07,1.830024402210835e-06
85.77924012853431,82.81250000000001,5.758448442857441e-07,4.407356680423926e-07,8.689330747211246e-07,1.8855135870492614e-06
85.98154965713935,83.00781250000001,4.777171900694008e-07,3.7115715487362173e-07,8.059709299640229e-07,1.6548452749070454e-06
86.18385918574438,83.20312500000001,3.2565326483044475e-07,3.5156797552932887e-07,8.516218947789843e-07,1.528843135138758e-06
86.38616871434941,83.3984375,3.9823714150740794e-07,4.392366218207431e-07,9.645696813544933e-07,1.8020434446826443e-06
86.58847824295445,83.59375,4.5390954272786515e-07,3.961720037461243e-07,9.226826693446122e-07,1.7727642158186015e-06
86.79078777155948,83.78906250000001,5.076168968561533e-07,3.5512962818551367e-07,7.523453784471504e-07,1.6150919034888174e-06
86.99309730016452,83.98437500000001,4.943773072712305e-07,3.730520467778784e-07,8.817697198330962e-07,1.7491990738822052e-06
87.19540682876955,84.17968750000001,4.993508490132238e-07,4.989827104415228e-07,1.0864582055255367e-06,2.084791764980283e-06
87.39771635737459,84.37500000000001,4.559086317720539e-07,5.017843661232011e-07,8.624674879940583e-07,1.8201604858893133e-06
87.60002588597962,84.5703125,5.63481573255936e-07,5.026063833418481e-07,9.744372235537776e-07,2.0405251801515618e-06
87.80233541458465,84.76562500000001,5.000479163641297e-07,3.9116958652435586e-07,1.0674889868487446e-06,1.95870648973723e-06
88.00464494318969,84.96093750000001,4.2573508642789496e-07,4.0165750433717116e-07,1.0048971874978396e-06,1.8322897782629057e-06
88.20695447179472,85.15625000000001,5.121714229020032e-07,4.26593821467635e-07,8.262309244035177e-07,1.7649961687731557e-06
88.40926400039976,85.35156250000001,4.241010456611926e-07,3.5244093022776873e-07,7.08683592947447e-07,1.4852255688364084e-06
88.61157352900479,85.546875,3.4207191517435035e-07,4.1531147102940694e-07,7.87214107707207e-07,1.5445974939109641e-06
88.81388305760981,85.74218750000001,5.323340627886142e-07,3.666204708087769e-07,1.1143159187392628e-06,2.013270452336654e-06
89.01619258621486,85.93750000000001,1.1930873086324132e-06,3.7446730445024863e-07,2.248964605643327e-06,3.816519218725988e-06
89.21850211481988,86.1328125,7.137345645852124e-07,3.892183131645412e-07,1.3556512049903651e-06,2.4586040827401186e-06
89.42081164342493,86.32812500000001,3.990232837760902e-07,3.945613029336372e-07,9.07121330344562e-07,1.7007059170542896e-06
89.62312117202995,86.5234375,3.79411712691331e-07,4.2720446943865954e-07,1.1204019617387981e-06,1.9270181438687888e-06
89.825430700635,86.71875000000001,4.567484043569348e-07,4.370247266573534e-07,1.0247594200050158e-06,1.9185325510193043e-06
90.02774022924002,86.91406250000001,4.855704163878295e-07,4.4226841533188384e-07,9.11691285879351e-07,1.8395301175990643e-06
90.23004975784505,87.109375,5.075424708570057e-07,3.681292234726043e-07,1.0779006664128904e-06,1.9535723607425005e-06
90.4323592864501,87.30468750000001,3.9983956654493936e-07,3.3711384737054527e-07,9.244659784719611e-07,1.6614193923874457e-06
90.63466881505512,87.5,3.872796658583634e-07,3.9476544580998465e-07,8.989248639011195e-07,1.6809699755694676e-06
90.83697834366016,87.69531250000001,4.770541635652118e-07,4.44364368723612e-07,7.29016124589808e-07,1.6504346568786318e-06
91.03928787226519,87.89062500000001,5.176769195097771e-07,4.201815277385335e-07,9.019166081489403e-07,1.8397750553972508e-06
91.24159740087023,88.08593750000001,4.724313546465351e-07,3.5464170301430775e-07,9.558824279677215e-07,1.7829554856285644e-06
91.44390692947526,88.28125000000003,4.0850851495590713e-07,3.4771205550956414e-07,7.805146253629583e-07,1.5367351958284295e-06
91.64621645808029,88.47656250000001,4.642774116123312e-07,3.7153573177572895e-07,8.360523522386848e-07,1.671865495626745e-06
91.84852598668533,88.67187500000001,4.082055682513196e-07,4.990952838777205e-07,7.378158750395859e-07,1.645116727168626e-06
92.05083551529036,88.86718750000001,4.596022787902806e-07,5.049752937271884e-07,5.890240322513361e-07,1.553601604768805e-06
92.2531450438954,89.06250000000001,4.5682388321775246e-07,5.381428484084079e-07,8.04681669252781e-07,1.7996484008789414e-06
92.45545457250043,89.2578125,4.6119288304307506e-07,4.77545042804613e-07,9.182480006950495e-07,1.8569859265427376e-06
92.65776410110546,89.45312500000001,4.987094072700137e-07,3.5848726893109003e-07,8.159088306974688e-07,1.6731055068985723e-06
92.8600736297105,89.64843750000001,5.210198399666266e-07,4.3959946909617733e-07,8.932275330987739e-07,1.8538468421615777e-06
93.06238315831553,89.84375000000001,5.433313521480112e-07,5.230251882735202e-07,9.241874996996695e-07,1.990544040121201e-06
93.26469268692057,90.03906250000001,4.2346152723444897e-07,4.958821834849646e-07,8.566837209361243e-07,1.776027431655538e-06
93.4670022155256,90.234375,3.6010812777836573e-07,3.759231287006992e-07,1.1281788987263847e-06,1.8642101552054495e-06
93.66931174413064,90.42968750000003,4.252960402414167e-07,3.1964578898160483e-07,8.436048340201425e-07,1.588546663243164e-06
93.87162127273567,90.62500000000001,4.13409328513865e-07,4.221691638650596e-07,7.55874876731144e-07,1.5914533691100686e-06
94.0739308013407,90.82031250000001,4.3679808012631603e-07,4.554683715159971e-07,8.801057855690127e-07,1.7723722372113258e-06
94.27624032994574,91.01562500000001,4.6733787788121716e-07,4.080493356842707e-07,9.87915840349018e-07,1.8633030539145059e-06
94.47854985855076,91.2109375,4.5254243509266757e-07,5.484017143620656e-07,1.0109856646222357e-06,2.011929814076969e-06
94.6808593871558,91.40625000000001,4.4983795092258907e-07,5.104824897229725e-07,8.681346684793809e-07,1.8284551091249425e-06
94.88316891576083,91.60156250000001,5.20646660129628e-07,4.3225471210867773e-07,8.613235222446354e-07,1.8142248944829411e-06
95.08547844436586,91.796875,4.311792519692922e-07,3.896399055286269e-07,8.994186027731423e-07,1.7202377602710614e-06
95.2877879729709,91.99218750000001,3.9665934435893356e-07,3.9764398110207053e-07,8.50841110470778e-07,1.645144435931782e-06
95.49009750157593,92.1875,3.5277977648291047e-07,4.380712483454372e-07,8.7092020267567e-07,1.6617712275040179e-06
95.69240703018097,92.38281250000001,3.7542018548489194e-07,4.370312056683291e-07,8.50463906656467e-07,1.6629152978096882e-06
95.894716558786,92.57812500000001,5.926620122510679e-07,4.425987818993256e-07,8.268907056493805e-07,1.862151499799774e-06
96.09702608739104,92.77343750000001,5.405813639800959e-07,4.788977363429429e-07,7.982105811285341e-07,1.8176896814515729e-06
96.29933561599607,92.96875000000001,4.760312048605847e-07,4.190014293872059e-07,8.334597750874365e-07,1.7284924093352272e-06
96.5016451446011,93.1640625,5.261220781423226e-07,3.794433523410409e-07,1.1011076139216234e-06,2.0066730444049866e-06
96.70395467320614,93.35937500000001,3.456248821053573e-07,4.379691735357693e-07,1.1597922388234733e-06,1.9433862944645996e-06
96.90626420181117,93.55468750000001,4.0594552305424136e-07,4.083804159993149e-07,8.823655113177797e-07,1.696691450371336e-06
97.10857373041621,93.75000000000001,4.771880870510722e-07,4.493485476851674e-07,9.960004801108172e-07,1.922537114847057e-06
97.31088325902124,93.94531250000001,5.380482818871159e-07,5.112094915838897e-07,1.0067062936160116e-06,2.055964067087017e-06
97.51319278762627,94.14062500000001,5.282487495048773e-07,5.060150559717647e-07,6.487581181067936e-07,1.6830219235834355e-06
97.71550231623131,94.33593750000001,5.302520967238547e-07,3.1001763906295687e-07,6.051893251578545e-07,1.4454590609446659e-06
97.91781184483634,94.53125000000001,4.89242044236583e-07,3.609995831844064e-07,6.873139646881474e-07,1.5375555921091368e-06
98.12012137344138,94.72656250000001,4.192536408479651e-07,4.2662996447228003e-07,7.222020307849762e-07,1.5680856361052212e-06
98.3224309020464,94.921875,4.933012155141888e-07,4.0098369167258194e-07,9.102672518789708e-07,1.8045521590657414e-06
98.52474043065145,95.11718750000003,4.7185646458454874e-07,3.5160006111785215e-07,9.333735238327348e-07,1.7568300495351358e-06
98.72704995925648,95.31250000000001,4.3519449944576245e-07,3.673532990112991e-07,7.827855851410571e-07,1.5853333835981187e-06
98.9293594878615,95.50781250000001,8.785177019592325e-07,6.99927575292579e-07,6.252084554629645e-07,2.203653732714776e-06
99.13166901646655,95.70312500000001,9.399090884929437e-06,5.97758014541261e-06,2.9733136734821234e-06,1.834998470382417e-05
99.33397854507157,95.8984375,2.7226675237134673e-05,1.6442404540696924e-05,8.774741559453972e-06,5.244382133728557e-05
99.53628807367662,96.09375000000003,1.0436487546826775e-05,5.91436184854809e-06,4.225138744768408e-06,2.0575988140143273e-05
99.73859760228164,96.28906250000001,1.064413573502448e-06,6.986249349721187e-07,1.165307753639282e-06,2.9283462621138487e-06
99.94090713088667,96.484375,5.117976246155203e-07,3.5476852292644216e-07,9.747250134618252e-07,1.8412911610037876e-06
100.14321665949171,96.67968750000001,4.517150421176404e-07,4.5449061834667063e-07,1.0950979004764674e-06,2.0013035609407783e-06
100.34552618809674,96.875,4.0072651349631225e-07,5.382832839787834e-07,1.259926017922432e-06,2.1989358153975276e-06
100.54783571670178,97.07031250000001,3.8746512744291233e-07,4.4823203687504407e-07,9.466908328151647e-07,1.782387997133121e-06
100.75014524530681,97.26562500000001,4.2587182329189124e-07,4.1469243349295846e-07,7.469181976948703e-07,1.58748245447972e-06
100.95245477391185,97.46093750000001,4.4121611471509975e-07,3.5902736231757575e-07,7.015861018857722e-07,1.5018295789184477e-06
101.15476430251688,97.65625000000001,4.363680109149745e-07,4.0694369290541444e-07,7.244531728540887e-07,1.5677648766744776e-06
101.35707383112191,97.8515625,4.1773022681577886e-07,4.772441748315736e-07,1.0453506319047796e-06,1.940325033552132e-06
101.55938335972695,98.04687500000001,3.5835978999435185e-07,3.798656251687809e-07,1.010314166504597e-06,1.7485395816677298e-06
101.76169288833198,98.24218750000001,3.5212138013066434e-07,3.738757304692133e-07,9.464198784915354e-07,1.672416989091413e-06
101.96400241693702,98.43750000000001,3.7131601410801535e-07,4.041713965554172e-07,9.983006048479576e-07,1.7737880155113901e-06
102.16631194554205,98.63281250000001,3.7737074286849617e-07,3.385746696942954e-07,7.688113982741443e-07,1.4847568108369359e-06
102.36862147414708,98.828125,4.798293285486655e-07,3.683041640041361e-07,8.012555119655167e-07,1.6493890045183183e-06
102.57093100275212,99.02343750000001,5.273181991241671e-07,5.421988017602766e-07,8.5184222950454e-07,1.921359230388984e-06
102.77324053135715,99.21875000000001,5.612088636081548e-07,5.023600715081246e-07,8.414955489677912e-07,1.9050644840840707e-06
102.97555005996219,99.41406250000001,5.106114693893074e-07,4.361387162568553e-07,8.026483029151187e-07,1.7493984885612815e-06
103.17785958856722,99.609375,5.010073860739973e-07,4.0937305546102366e-07,7.928894464902215e-07,1.7032698880252423e-06
103.38016911717226,99.80468750000003,4.2998902386667776e-07,3.43116626539387e-07,8.090691990567553e-07,1.58217484946282e-06
103.58247864577729,100.00000000000001,2.3113910872882827e-07,1.2520950308307918e-07,4.7297852711019035e-07,8.293271389220979e-07
