phase,start_s,end_s,xyz_points,vector_ac_rms_mg,hann_psd_rms_mg,largest_psd_bin_hz,band_0_power_g2,band_0_fraction,band_1_power_g2,band_1_fraction,band_2_power_g2,band_2_fraction,band_3_power_g2,band_3_fraction,band_4_power_g2,band_4_fraction
normal_after,0,5,1020,16.564867416491786,14.90174581156267,97.09432795962158,2.119393716350415e-05,0.09548363598232347,4.023282810427015e-05,0.18125828549981263,5.749644699233135e-05,0.2590349198706894,6.751669555205312e-05,0.30417847949095794,3.552416954480013e-05,0.1600446791562166
normal_after,5,10,1036,31.77927800690449,34.01855148435799,44.99755308220618,2.020372974474255e-05,0.017458601117457857,6.769772872989751e-05,0.05849947793727075,0.000983388138311172,0.8497728621064072,6.03882699266114e-05,0.052183172619225664,2.5558592773421547e-05,0.02208588621963839
normal_after,10,15,1036,31.132499071015463,29.976850943938977,39.39785758753163,1.8045878590610544e-05,0.02008236305581208,3.666905204457808e-05,0.040807168926363185,0.0007517422028772395,0.8365766048327326,5.643257252763143e-05,0.06280101043475979,3.570367863574664e-05,0.039732852750332434
normal_after,15,20,1035,28.292658102403102,28.291624954459678,39.435923150418134,1.8562608515261153e-05,0.023195411970564652,3.536236493860138e-05,0.04418800419832969,0.0006504580051298265,0.8127974786589802,5.658701549922817e-05,0.07070984315648368,3.930070336437974e-05,0.049109262015641836
normal_after,20,25,1037,30.458750390614494,30.33960766212954,39.35986543942407,1.8736162500604974e-05,0.020355444776056098,3.3736304588218264e-05,0.036651981694304336,0.0007774387984629641,0.8446293379642333,4.8282840297224214e-05,0.05245570907433949,4.225556777561637e-05,0.045907526491066775
normal_after,25,30,1035,30.795828401309727,30.892895170505355,39.435923150418134,2.5264238851606358e-05,0.02647288706308659,3.8522212098259815e-05,0.040365125436290714,0.0007940689062197832,0.83205738348727,5.392841588083626e-05,0.0565083662915802,4.256014838883677e-05,0.04459623772177268
normal_after,30,35,1036,31.24598785979433,31.51187724953882,39.39785758753163,1.6511079869208654e-05,0.016627646736857186,4.006595696235597e-05,0.04034881932747313,0.0008335311310788106,0.8394157923975769,5.749250507916773e-05,0.057898397442564496,4.538890217444314e-05,0.04570934409552835
normal_after,35,40,1036,31.796972224327376,32.09204102299172,39.39785758753163,1.695900159001272e-05,0.01646742657313809,3.367015871457341e-05,0.03269419272091285,0.0008802245843375219,0.8547103220383782,6.035404672661727e-05,0.05860461935728669,3.864356486422116e-05,0.037523439310284526
normal_after,40,45,1036,31.768649296467917,31.919638159322478,39.39785758753163,1.957634418906357e-05,0.019217197160833265,3.3415263196482517e-05,0.03280222777175523,0.0008788295886593389,0.8627066071649601,4.831807882731521e-05,0.04743163679028143,3.854956019695775e-05,0.03784233111216994
normal_after,45,50,1036,32.439055223469616,32.37175744765964,39.39785758753163,1.4675064745585525e-05,0.014003961340856906,3.805836488933269e-05,0.03631792294250459,0.0009005268567309083,0.8593449846179781,5.3316218860971165e-05,0.050878022053995074,4.1345892471534654e-05,0.039455109044665135
normal_after,50,55,1036,33.22821303829914,32.90606650321999,39.39785758753163,1.549615082901774e-05,0.014311146471865894,3.6449963621726334e-05,0.03366260267084496,0.0009350613734129946,0.8635564033126858,5.0063895490516326e-05,0.04623546513081925,4.573151154179199e-05,0.04223438241378397
normal_after,55,60,1036,32.28165962195296,32.71344368679361,39.39785758753163,1.7160623523405222e-05,0.016037454857610715,3.462903945612998e-05,0.03236255700631461,0.0009223630619660183,0.8619940847972366,5.50335267372646e-05,0.05143156363171922,4.084784510913604e-05,0.03817433970711875
normal_after,60,65,1036,32.179610462462236,31.736675837334534,39.39785758753163,1.8722166944459997e-05,0.018588829111299974,3.0050936247607404e-05,0.02983691579070342,0.0008647578725453051,0.8585991334807876,5.10814936130601e-05,0.05071769514394334,4.256053936150231e-05,0.04225742647326563
normal_after,65,70,1035,32.854573052596294,33.37394619888665,39.435923150418134,1.9418956236873273e-05,0.017434968844268435,4.1035938177227965e-05,0.036843396467249795,0.0009424624054416991,0.846173320302825,6.429654432058693e-05,0.05772752321749173,4.6579728403299654e-05,0.04182079116816513
normal_after,70,75,1036,32.34592272258197,32.19541042288294,39.39785758753163,1.880779037572871e-05,0.01814479814998079,3.955355544318069e-05,0.038159255568732946,0.000888280046937301,0.856967343337285,5.143127307324404e-05,0.049618272527901776,3.846630364641276e-05,0.037110330416099555
normal_after,75,80,1036,32.47751971620045,32.366755519188835,39.39785758753163,2.267481150115831e-05,0.021645301697340837,3.7491652562769924e-05,0.03578941023662232,0.0008770210071291742,0.8372014159079975,6.542936861982305e-05,0.06245866359551649,4.4945897736902846e-05,0.042905208562522924
normal_after,80,85,1036,32.13307805300562,31.38352670372597,39.39785758753163,1.4429408007268449e-05,0.01465102772660516,3.207995835261872e-05,0.0325726709686082,0.0008517688014896225,0.8648510265282943,4.549094835943718e-05,0.046189638922674484,4.110431905633025e-05,0.04173563585381784
normal_after,85,90,1036,33.034076996466126,33.133445678570986,39.39785758753163,1.91204545520264e-05,0.017417266732495742,3.471323388856399e-05,0.03162109206867953,0.0009360873885683881,0.8527037726670093,6.395926604596568e-05,0.05826198293069243,4.390697602842188e-05,0.03999588560112305
normal_after,90,95,1036,33.19993364664727,33.189295466243486,39.39785758753163,1.629026689247221e-05,0.01478925755006944,3.545694476374313e-05,0.03218988930696414,0.0009562988006267592,0.8681840113882453,5.3542176419099635e-05,0.04860872090556328,3.990502942067875e-05,0.036228120849157726
normal_after,95,100,1036,34.145384388504915,33.98721329631476,39.39785758753163,1.9862908064005903e-05,0.017197390589026123,4.1136025098253114e-05,0.03561574612413361,0.0010013676276556874,0.8669883664823377,5.101256072049975e-05,0.044166892825053816,4.1616339033385136e-05,0.036031603979448656
normal_after,100,105,1036,33.17256871661871,33.033438234651506,39.39785758753163,1.577480199875114e-05,0.01445659104102919,3.681173419942697e-05,0.03373558583330014,0.0009369598205248733,0.8586633891364565,5.80144662835631e-05,0.05316652555077686,4.362325724997848e-05,0.039977908438437286
normal_after,105,110,1036,33.50165152035181,33.90833869532764,39.39785758753163,1.484380923238218e-05,0.012911299556765909,3.510032668509931e-05,0.030530628983227094,0.0009962174916326634,0.8665203288990966,5.859515325584235e-05,0.05096667333950748,4.491906453551245e-05,0.039071069221402736
normal_after,110,115,1036,34.22668378006235,33.87028941628213,39.39785758753163,1.933968578553763e-05,0.016859394567019247,3.9818244530417864e-05,0.03471160301923741,0.000994970736177291,0.8673669474193186,5.5499250889216844e-05,0.048381539353395925,3.748835115605151e-05,0.03268051564102878
normal_after,115,120,1036,33.91005549027649,34.056425194400404,39.39785758753163,1.961553668332337e-05,0.016912795334561137,3.784628087449998e-05,0.03263160284311358,0.0010112992724932383,0.8719566481303573,5.115024707959016e-05,0.044102472144176535,3.9893195195190705e-05,0.03439648154779143
normal_after,120,125,1036,34.027068369709475,34.12138275723705,39.39785758753163,1.9238121635502544e-05,0.016523959423679003,3.522718411184698e-05,0.030257245062866214,0.0010200729814862628,0.8761585395200128,4.9834666786062383e-05,0.04280386762633896,3.988321136004193e-05,0.03425638836710323
normal_after,125,130,1036,34.37452749552949,34.30625248461883,39.39785758753163,1.9776615263661506e-05,0.016804775513150686,3.541610295356788e-05,0.03009411123949586,0.0010292073368027815,0.874547945686043,5.4093204701430515e-05,0.045964597565121834,3.835169415403222e-05,0.0325885699961886
normal_after,130,135,1036,34.0984021986625,34.18608845882996,39.39785758753163,1.6496534755912938e-05,0.014115909510293756,3.448484586572375e-05,0.029508316196072835,0.0010254846996695032,0.8774963614426293,5.150711214897619e-05,0.04407408858826504,4.067518575210449e-05,0.03480532426273919
normal_after,135,140,1036,34.342954570418655,34.26664060071703,39.39785758753163,2.150333266685563e-05,0.01831376573338697,3.5996135060362605e-05,0.03065686584568077,0.0010111713167434556,0.8611853287143496,6.274071281606794e-05,0.053434448243933313,4.2750768404683546e-05,0.036409591462649354
normal_after,140,145,1036,34.48187709941366,33.94469370001204,39.39785758753163,1.5959105714088475e-05,0.013851543662530434,3.867703195873169e-05,0.03356933693599863,0.001002685352410226,0.870270564498434,5.089378121252456e-05,0.04417274033057056,4.3938315546823424e-05,0.03813581457246624
normal_after,145,150,1036,34.32949489477861,33.84338562268245,39.39785758753163,2.0026009246466105e-05,0.017484780052427207,3.547424089215699e-05,0.030972686164900193,0.000982398936681099,0.8577360132118449,6.297132363119016e-05,0.05498048711307106,4.4468989755504716e-05,0.03882603345775673
normal_after,150,155,1037,34.08281821809595,34.11343087662779,39.35986543942407,1.8032061313717747e-05,0.015495505613500736,4.28764077177735e-05,0.03684501760051553,0.0010151333279788247,0.8723353314122266,5.239810086845349e-05,0.04502730176090438,3.5256322398611655e-05,0.030296843612852748
normal_after,155,160,1035,33.34665944082282,33.54782238362922,39.435923150418134,2.1902070949239598e-05,0.0194616335374782,3.613783851546929e-05,0.03211118125106091,0.0009670983664340924,0.8593394682107701,5.151952064865913e-05,0.04577896004512557,4.873956062000096e-05,0.04330875695556517
normal_after,160,165,1036,32.84900196705725,32.83623621162295,39.39785758753163,2.095677877523324e-05,0.01943736598385257,3.701381233493457e-05,0.03433022911240579,0.0009208994506780796,0.8541322046264433,6.199722539547692e-05,0.05750228949400513,3.730241859792463e-05,0.03459791078329308
normal_after,165,170,1036,32.32234145778928,32.136371315417804,39.39785758753163,1.8514582198517226e-05,0.01792765526340986,3.482421783115935e-05,0.03372026251528997,0.0008909403165872431,0.8626968021632441,5.332616154660842e-05,0.05163567994556544,3.513335533224639e-05,0.03401960011249075
normal_after,170,175,1036,33.467617386010176,34.093976247303345,39.39785758753163,2.0548366071599104e-05,0.01767965383896053,3.494089887184667e-05,0.030062876762264244,0.0010095295264754595,0.8685913277048649,5.8209463714728154e-05,0.05008296839963001,3.9032401029034946e-05,0.033583173294280406
normal_after,175,180,1036,33.596686066006185,33.59577719817799,39.39785758753163,2.0311139096531127e-05,0.017996389716141564,4.1030047261766405e-05,0.03635407729153718,0.0009659642939575718,0.8558786291265628,5.463910272530701e-05,0.04841218317257516,4.6678402841007896e-05,0.04135872069318337
normal_after,180,185,1036,32.87303960125191,32.935452750184666,39.39785758753163,1.682223676807143e-05,0.015510458971898951,4.015435227961235e-05,0.03702316417030827,0.0009296058165290178,0.8571162727110376,5.725073957186426e-05,0.05278639573814979,4.074061237525004e-05,0.03756370840860533
normal_after,185,190,1036,32.095154494927435,32.526014822125504,39.39785758753163,1.9166220578023768e-05,0.018118324003882174,3.711531666866627e-05,0.03508606875163713,0.0009121269307283589,0.862257177742813,5.030674659844467e-05,0.04755626863112102,3.912107171419327e-05,0.03698216087054703
normal_after,190,195,1036,32.46488036103418,32.56771868896972,39.39785758753163,1.4570224392230269e-05,0.013737242633588486,3.991506293401601e-05,0.037633113224524624,0.0009106402110589143,0.8585787833088872,5.883871827272643e-05,0.055474900550798956,3.667253417048413e-05,0.03457596028220067
normal_after,195,200,1036,32.729939513009505,32.7784515642547,39.39785758753163,1.4642310549451053e-05,0.01362835888892535,3.7918324080515535e-05,0.035292553541368496,0.0009270047104625701,0.86281142878655,5.87599822844375e-05,0.054690967260575714,3.607480170604101e-05,0.03357669152258044
normal_after,200,205,1036,32.5843503020666,32.47783320964279,39.39785758753163,1.8784722240416567e-05,0.017810255408273523,3.313108436946859e-05,0.03141239284889256,0.0009057572933560979,0.8587706821594662,5.493527821432994e-05,0.052085483266644424,4.210542629945698e-05,0.03992118631672331
normal_after,205,210,1036,32.73376333963092,32.9191267018407,39.39785758753163,2.100042841894232e-05,0.019379375373868964,3.267887294182923e-05,0.03015634409455414,0.0009286729241091338,0.8569873355357884,5.566578270593885e-05,0.05136886148310988,4.563035580905339e-05,0.0421080835126784
normal_after,210,215,1036,32.49054801545492,32.534000020609206,39.39785758753163,1.8524354342916758e-05,0.01750167730887087,3.599064744554581e-05,0.03400370593591765,0.0009040898155802086,0.8541775825278214,5.357245076845803e-05,0.050614867791785735,4.625581893204782e-05,0.04370216643560449
normal_after,215,220,1036,32.86459773834242,32.682201546297634,39.39785758753163,1.602942131241568e-05,0.015008339359792598,3.890316117573511e-05,0.03642501084190103,0.000922744846381373,0.8639655497896618,5.015699422351584e-05,0.046961969237817584,4.0199882911431844e-05,0.03763913077082708
normal_after,220,225,1036,33.23077141717313,33.399200626648934,39.39785758753163,1.8862415705539074e-05,0.01691024236625007,3.746456981160638e-05,0.03358715901248629,0.0009589167343768706,0.8596732592742153,6.019325293960804e-05,0.0539635278912265,4.000627729892303e-05,0.03586581145582182
normal_after,225,230,1035,32.77557975620554,32.80275140334866,39.435923150418134,1.8365558883288306e-05,0.0170693924198627,3.829521185197105e-05,0.035592491524877125,0.0009245307750798784,0.8592811525293852,5.5997149421429724e-05,0.05204509832465993,3.8746430721245344e-05,0.03601186520121529
normal_after,230,235,1036,32.65018307254145,32.83338235465329,39.39785758753163,2.2365784028005814e-05,0.020748047127272486,3.6854485757252954e-05,0.03418876827145396,0.000925874121643937,0.8589048291683445,5.523843907735407e-05,0.05124299402063484,3.763773177383348e-05,0.0349153614122941
normal_after,235,240,1036,33.003400667519344,32.10090119896457,39.39785758753163,2.427059329690583e-05,0.02355337272556298,3.856904574377281e-05,0.03742929144580005,0.0008572201293449606,0.8318884078079447,5.865737382507468e-05,0.056923989121468996,5.173372271210162e-05,0.05020493889922316
normal_after,240,245,1036,33.06861947194476,33.24727921525794,39.39785758753163,1.9729886864000946e-05,0.017849482811335818,3.492927613891219e-05,0.03160025794124014,0.0009576117043353386,0.8663442306734762,5.0451911475907224e-05,0.04564347139422092,4.262503840500028e-05,0.03856255717972703
normal_after,245,250,1036,33.1267325197722,32.97217891465316,39.39785758753163,2.254940112136648e-05,0.02074276033851802,3.9737200814667266e-05,0.03655348665739894,0.0009217750535343549,0.8479231407778103,5.871625204532947e-05,0.05401195080956019,4.431950639469778e-05,0.04076866141671276
normal_after,250,255,1036,33.18327922528987,33.069541796611105,39.39785758753163,2.18982688720305e-05,0.020025688472192667,3.581047348363468e-05,0.03274822271183891,0.0009417786170127747,0.861244571627251,5.278468545659361e-05,0.04827092375354547,4.12368701088062e-05,0.037710593435172086
normal_after,255,260,1036,34.315830270998205,34.197005469671986,39.39785758753163,1.9916092905569126e-05,0.017031038428120666,3.242983221587919e-05,0.02773203164420371,0.0010155804805070188,0.8684630199494453,5.5587300770227214e-05,0.04753489853768021,4.5886092070718265e-05,0.0392390114405501
normal_after,260,265,1036,33.477436208477,33.86592256859556,39.39785758753163,1.7547975731415352e-05,0.015300679662128022,3.468826182165393e-05,0.030245880795182953,0.0009969185314075758,0.8692473326708972,5.9917625666185076e-05,0.05224422522948486,3.7803176845318185e-05,0.032961881642307025
normal_after,265,270,1036,33.416947003179644,33.22262794866933,39.39785758753163,1.9072671571044234e-05,0.017282719631612892,3.9599616828755396e-05,0.03588323075880495,0.0009545902159608154,0.8650028394857067,5.377008868311593e-05,0.04872381741675295,3.6536288335171545e-05,0.03310739270712281
normal_after,270,275,1036,33.95555171259272,34.22412892308821,39.39785758753163,1.594825271325782e-05,0.013616625054202138,3.520177595934306e-05,0.03005529151679003,0.0010114739588201493,0.8635969028691184,6.0167505171719176e-05,0.05137104190034562,4.8442396039555495e-05,0.0413601386595441
normal_after,275,280,1036,33.62518451273464,33.6869152107017,39.39785758753163,1.8765448408698957e-05,0.016536804351144047,4.024255850240857e-05,0.035463224861458996,0.000976714213517717,0.8607165416008222,5.58965967650311e-05,0.04925813998505979,4.314990898997446e-05,0.03802528920151457
normal_after,280,285,1036,33.44158220793251,33.23555890753417,39.39785758753163,1.7566831167567522e-05,0.015904477367427027,3.461295835235814e-05,0.03133752510533191,0.0009695380755190405,0.8777904353871321,4.604896682494103e-05,0.04169134112319735,3.6754288933501766e-05,0.03327622101691185
normal_after,285,290,1036,33.96665971416911,34.42545988058151,39.39785758753163,1.7449213582392324e-05,0.014725041679860242,3.7556998340602506e-05,0.03169359830026176,0.0010228616598601651,0.8631724577760009,6.123457635813604e-05,0.051674631917624524,4.5900213430657e-05,0.038734270326252734
normal_after,290,295,1036,33.67021442400366,33.897432040745755,39.39785758753163,2.2077247763997184e-05,0.019214380810511994,3.646012579269695e-05,0.031732159228764774,0.0010060920536435103,0.875627073437184,4.989597711544187e-05,0.04342571662270965,3.4470651384412894e-05,0.03000066990082978
normal_after,295,300,1036,33.80081041443581,33.97792957296242,39.39785758753163,2.3805301161618603e-05,0.020620809861194838,3.5525951092433295e-05,0.03077356079814299,0.0009927606996211387,0.8599567586047012,5.615310436109262e-05,0.048641371108249,4.618589588730354e-05,0.04000749962771194
