axis,frequency_hz,mean_amplitude_g,mean_psd_g2_per_hz
x_g,0.0,0.00013742504768363668,4.379975125992152e-08
x_g,0.4040290699080974,0.0006401424728693042,3.7453784937227717e-07
x_g,0.8080581398161948,0.000752212078179608,5.656551150499781e-07
x_g,1.212087209724292,0.000745134037728664,6.045295153490464e-07
x_g,1.6161162796323896,0.0007222626098000866,6.026525081811585e-07
x_g,2.020145349540487,0.0007511364505697045,6.435268450796625e-07
x_g,2.424174419448584,0.0007178629574636297,5.140538224756282e-07
x_g,2.8282034893566816,0.0007079359152921259,5.004591963201348e-07
x_g,3.232232559264779,0.0007288486354679525,5.220242726489813e-07
x_g,3.6362616291728767,0.0007502312995569935,5.478118627692153e-07
x_g,4.040290699080974,0.0005859150186330294,3.659828050159641e-07
x_g,4.444319768989072,0.000497792885496888,2.6601362552798253e-07
x_g,4.848348838897168,0.0005179291977994011,2.763523965105082e-07
x_g,5.252377908805266,0.0006018907004395535,4.0278471515924957e-07
x_g,5.656406978713363,0.0006475475662483651,4.083729856191018e-07
x_g,6.060436048621461,0.0007960551789681043,6.306469697920953e-07
x_g,6.464465118529558,0.0010962741160990303,1.1726809235572356e-06
x_g,6.868494188437656,0.0011234673357592238,1.2512718682344469e-06
x_g,7.272523258345753,0.0008217556303827415,7.531958118393592e-07
x_g,7.676552328253851,0.0006629261792569913,4.390924588807397e-07
x_g,8.080581398161948,0.000629140272944615,3.8239131914229295e-07
x_g,8.484610468070045,0.000646018223855303,4.2345432629017365e-07
x_g,8.888639537978143,0.0006651968954821128,4.4559222087567623e-07
x_g,9.29266860788624,0.0006241557073224159,4.1344421827253e-07
x_g,9.696697677794337,0.0008781348941553944,7.917171993072993e-07
x_g,10.100726747702435,0.0009585603485019587,9.702886229546596e-07
x_g,10.504755817610532,0.0010015152931900809,1.0714119702281858e-06
x_g,10.90878488751863,0.0007818099988158727,6.678938211244276e-07
x_g,11.312813957426727,0.0005837822443449307,3.718532916585423e-07
x_g,11.716843027334825,0.0006693955310732809,5.098687172106739e-07
x_g,12.120872097242922,0.0006051156560789531,3.5432181887195704e-07
x_g,12.52490116715102,0.0006030538030976836,3.984142506390592e-07
x_g,12.928930237059117,0.0006692865710102259,4.943168220155128e-07
x_g,13.332959306967213,0.0008720134665930237,7.623419251048412e-07
x_g,13.736988376875312,0.0007970343727062055,5.969299375024446e-07
x_g,14.141017446783408,0.0005001829969380767,2.7615107090003393e-07
x_g,14.545046516691507,0.0005520163602744442,3.429274054746719e-07
x_g,14.949075586599603,0.0007045799965564261,5.731280792990725e-07
x_g,15.353104656507702,0.0008100304858073012,7.36574599019518e-07
x_g,15.757133726415798,0.0007362320806266403,5.696400290128324e-07
x_g,16.161162796323897,0.0006544900972926151,4.284393814566608e-07
x_g,16.56519186623199,0.0006033123597756065,4.1880687529858025e-07
x_g,16.96922093614009,0.000483580505429369,2.3733503796793303e-07
x_g,17.37325000604819,0.0006110298645212539,3.58669251359779e-07
x_g,17.777279075956287,0.000725102594231247,5.907873965915398e-07
x_g,18.18130814586438,0.0007171031698144032,5.724357845860999e-07
x_g,18.58533721577248,0.000578188765550178,3.781268952888334e-07
x_g,18.98936628568058,0.000656550345422869,4.548748748805203e-07
x_g,19.393395355588673,0.0007202090156783761,5.27683711940917e-07
x_g,19.79742442549677,0.0007471767981335819,5.267275815726846e-07
x_g,20.20145349540487,0.0006382844744049552,4.287072189277774e-07
x_g,20.60548256531297,0.0007131525230043603,5.235788226272349e-07
x_g,21.009511635221063,0.000634389311923159,4.465504940016681e-07
x_g,21.41354070512916,0.0006527473271871291,4.279091870189806e-07
x_g,21.81756977503726,0.0007937399445759919,6.096945629433135e-07
x_g,22.22159884494536,0.000841496314075891,7.297296773486954e-07
x_g,22.625627914853453,0.0007686445240547336,6.151292714266561e-07
x_g,23.02965698476155,0.0007053104083192923,4.992871199798697e-07
x_g,23.43368605466965,0.0006917341838601209,4.6507249345788326e-07
x_g,23.837715124577745,0.0005511123181463018,3.1512780270039435e-07
x_g,24.241744194485843,0.0007185129625426927,5.514524258273905e-07
x_g,24.64577326439394,0.0008031230974514846,7.362592640565853e-07
x_g,25.04980233430204,0.0007970268531064223,6.719380376717772e-07
x_g,25.453831404210135,0.0007528457141894017,6.282724944295396e-07
x_g,25.857860474118233,0.0006235089243673265,3.843598788715189e-07
x_g,26.26188954402633,0.0006087089166035315,3.671935796884732e-07
x_g,26.665918613934426,0.0007010244376848691,5.4501837165994e-07
x_g,27.069947683842525,0.0005931902732870708,4.141767697077324e-07
x_g,27.473976753750623,0.0005353421675631911,3.374601429493965e-07
x_g,27.87800582365872,0.0007330180115389492,5.539806304930482e-07
x_g,28.282034893566816,0.000769141779029328,5.909528245414276e-07
x_g,28.686063963474915,0.0007631774259894837,5.338606444434744e-07
x_g,29.090093033383013,0.0005715265209947066,3.7355177818646355e-07
x_g,29.494122103291108,0.0006061669273518807,3.6281829328032933e-07
x_g,29.898151173199206,0.0005830934334117146,3.462541488973132e-07
x_g,30.302180243107305,0.0007238728569346691,5.339823494661954e-07
x_g,30.706209313015403,0.0009415096365032418,8.605725045944126e-07
x_g,31.110238382923498,0.0007249568547045252,5.429442842306688e-07
x_g,31.514267452831596,0.0005248456527338503,2.837278821693657e-07
x_g,31.918296522739695,0.0006393646283597477,3.8202604698350355e-07
x_g,32.32232559264779,0.0007024331617207328,5.000084754773181e-07
x_g,32.72635466255589,0.0005979489190465193,3.771027523144152e-07
x_g,33.13038373246398,0.00048223055477299056,2.3745187948738992e-07
x_g,33.53441280237208,0.000540496596407024,2.857483446505768e-07
x_g,33.93844187228018,0.0005322863938865117,3.157943477202381e-07
x_g,34.34247094218828,0.0006291939466001799,3.793149993240663e-07
x_g,34.74650001209638,0.0006767873338607855,4.3704508569658346e-07
x_g,35.150529082004475,0.0005996144460712503,3.572555016052917e-07
x_g,35.55455815191257,0.0006535393722359493,4.3590148703445664e-07
x_g,35.958587221820665,0.0007483289847727411,5.611571231640307e-07
x_g,36.36261629172876,0.000727706966351274,6.300278972192984e-07
x_g,36.76664536163686,0.0005822256446355409,3.469113929498595e-07
x_g,37.17067443154496,0.00040370229867220923,1.7442003562669095e-07
x_g,37.57470350145306,0.0006926422193473893,4.5000616145170937e-07
x_g,37.97873257136116,0.0007548331741493689,5.595366515019618e-07
x_g,38.382761641269255,0.000602967890323723,4.006330844732978e-07
x_g,38.786790711177346,0.0005856113299897821,3.380819394409035e-07
x_g,39.190819781085445,0.0006647536257212496,4.6396615555911657e-07
x_g,39.59484885099354,0.0007128631765487408,5.329372005468724e-07
x_g,39.99887792090164,0.0006319625463549327,4.2856768523801276e-07
x_g,40.40290699080974,0.0006061814634250978,3.8754270817239563e-07
x_g,40.80693606071784,0.0006016317539844394,3.6835555476737973e-07
x_g,41.21096513062594,0.0007106138879741577,5.223707171070047e-07
x_g,41.614994200534035,0.0008071448707820123,6.643553534472016e-07
x_g,42.019023270442126,0.0006914158558783237,5.068842749668375e-07
x_g,42.423052340350225,0.0006799058431077573,4.628788955182242e-07
x_g,42.82708141025832,0.0006352112001076818,4.4470664209238785e-07
x_g,43.23111048016642,0.0006156886080470559,3.697975933320705e-07
x_g,43.63513955007452,0.0007096467138769801,4.794504086973826e-07
x_g,44.03916861998262,0.0007303039038656749,5.126862856208778e-07
x_g,44.44319768989072,0.0006016574081432765,3.5314726593138815e-07
x_g,44.84722675979881,0.0006111745863931594,3.45385420670035e-07
x_g,45.251255829706906,0.0005732182599901688,3.4562050465026314e-07
x_g,45.655284899615005,0.0007202990719698837,5.109877845886845e-07
x_g,46.0593139695231,0.000619220754732099,4.07346215501139e-07
x_g,46.4633430394312,0.0005596533852488507,3.0252497836710555e-07
x_g,46.8673721093393,0.0006399896135061612,4.15502791821106e-07
x_g,47.2714011792474,0.0005949022882200911,3.9184411926260097e-07
x_g,47.67543024915549,0.0006809705632873264,4.934523327252172e-07
x_g,48.07945931906359,0.0006283784667113531,3.6216551769669747e-07
x_g,48.483488388971686,0.00041202650575640487,1.8992943137884918e-07
x_g,48.887517458879785,0.0005397242448145178,3.0818749294361595e-07
x_g,49.29154652878788,0.0004927833648855618,2.429770453200233e-07
x_g,49.69557559869598,0.000517065684267448,2.9209614074272667e-07
x_g,50.09960466860408,0.0006231861574344632,4.073340607230942e-07
x_g,50.50363373851217,0.0006144007757911146,4.2788523605265774e-07
x_g,50.90766280842027,0.0005850015198464249,4.2401378045148423e-07
x_g,51.31169187832837,0.0006898997620663471,5.152143869544397e-07
x_g,51.715720948236466,0.0007029841447520447,4.769100895917576e-07
x_g,52.119750018144565,0.0006302140578276638,4.001897259435235e-07
x_g,52.52377908805266,0.0005812755913672428,3.3470170887764535e-07
x_g,52.92780815796076,0.0005657196693730216,3.1968591371362147e-07
x_g,53.33183722786885,0.0007139422869159793,5.033206992772746e-07
x_g,53.73586629777695,0.0007149963647478469,5.144145865695676e-07
x_g,54.13989536768505,0.0009443179996139053,8.750488600312247e-07
x_g,54.54392443759315,0.0008769240887689731,8.183683862025736e-07
x_g,54.947953507501246,0.0006051890288837565,4.1750425292170424e-07
x_g,55.351982577409345,0.0006209553949142452,4.299560800173344e-07
x_g,55.75601164731744,0.0007227501475996099,5.486187296512117e-07
x_g,56.160040717225534,0.0007846293027260746,6.248696178207162e-07
x_g,56.56406978713363,0.0007505722408222374,5.459377748437141e-07
x_g,56.96809885704173,0.0006072369866388989,4.402841681926235e-07
x_g,57.37212792694983,0.0007497078581163448,5.502064565992477e-07
x_g,57.77615699685793,0.0006618178547492491,4.823780153890518e-07
x_g,58.180186066766026,0.0005716249416927614,4.292910602834568e-07
x_g,58.584215136674125,0.0005261512401701189,3.062202372975458e-07
x_g,58.988244206582216,0.0005746637677956171,3.5182760904706613e-07
x_g,59.392273276490315,0.0007371442265095158,5.563843110024912e-07
x_g,59.79630234639841,0.0007312610905185104,5.271462980346285e-07
x_g,60.20033141630651,0.0006599500324469435,4.293598426299276e-07
x_g,60.60436048621461,0.0008230829024330632,6.812050062711118e-07
x_g,61.00838955612271,0.0007105658595715439,5.08843450981215e-07
x_g,61.41241862603081,0.0006132405366777333,3.5964552232426505e-07
x_g,61.8164476959389,0.0005511880618229815,3.1558381126574873e-07
x_g,62.220476765846996,0.0005881703839354428,3.583542066734679e-07
x_g,62.624505835755095,0.0005993139810327461,3.6249734414553707e-07
x_g,63.02853490566319,0.0006646157386669825,4.5739680411665254e-07
x_g,63.43256397557129,0.0004832809171693683,2.7229086992835466e-07
x_g,63.83659304547939,0.0006307857347088111,3.8604016061988135e-07
x_g,64.24062211538748,0.0007158858554259412,4.799347509628537e-07
x_g,64.64465118529559,0.0005992016565926509,3.538559770335134e-07
x_g,65.04868025520368,0.0006175713057769005,3.84878459121276e-07
x_g,65.45270932511178,0.0005352438723092772,2.8709403340933347e-07
x_g,65.85673839501987,0.000635838609928927,4.4767508958698496e-07
x_g,66.26076746492797,0.0006812714644082115,4.5616303774010645e-07
x_g,66.66479653483607,0.0006017641371775685,3.735314773264571e-07
x_g,67.06882560474416,0.000680439493938763,4.5192518338782827e-07
x_g,67.47285467465227,0.000677862881694008,4.6654894116464333e-07
x_g,67.87688374456036,0.0007567385828073821,5.687068655381898e-07
x_g,68.28091281446846,0.0007240149675575433,5.535667694112862e-07
x_g,68.68494188437656,0.0005845209896903452,4.157437055800969e-07
x_g,69.08897095428465,0.0005853874865422585,4.0098738909487483e-07
x_g,69.49300002419275,0.0005878773038468006,3.5071925048243607e-07
x_g,69.89702909410084,0.0007486615615932973,5.979246203837508e-07
x_g,70.30105816400895,0.0007095472289481676,5.297603700257049e-07
x_g,70.70508723391704,0.0007775561500896713,6.364734934374288e-07
x_g,71.10911630382515,0.0012460883751016971,1.5739582622430924e-06
x_g,71.51314537373324,0.0009070513631509409,7.889559214321272e-07
x_g,71.91717444364133,0.0006620550225059748,4.463887765689178e-07
x_g,72.32120351354943,0.0006409166666376098,4.091820601908612e-07
x_g,72.72523258345753,0.0005143051736711003,2.6485972248838845e-07
x_g,73.12926165336563,0.0004345599989674437,2.0046568646883688e-07
x_g,73.53329072327372,0.0005332775286529325,2.845203131005024e-07
x_g,73.93731979318183,0.0006081980446998082,3.858048762333025e-07
x_g,74.34134886308992,0.0006339736550866756,4.0990241013035603e-07
x_g,74.74537793299801,0.000628421344196021,3.776137311048485e-07
x_g,75.14940700290612,0.0005710801322745541,3.585850788832805e-07
x_g,75.55343607281421,0.0007540310397909328,5.614415598109351e-07
x_g,75.95746514272231,0.0006668994565980173,4.7403747777443347e-07
x_g,76.3614942126304,0.0005171322690560553,2.56015251707095e-07
x_g,76.76552328253851,0.0006254297037309305,4.067922477524484e-07
x_g,77.1695523524466,0.0006928082718940963,4.5682191316214687e-07
x_g,77.57358142235469,0.0006936859700040557,4.7664409271500987e-07
x_g,77.9776104922628,0.0007281231898960017,5.094162359835922e-07
x_g,78.38163956217089,0.0006465391605479236,4.3076567363195e-07
x_g,78.785668632079,0.0005650197200565783,3.3444764711935543e-07
x_g,79.18969770198709,0.0006206094433892697,3.804973738537839e-07
x_g,79.59372677189519,0.0006385819539437898,4.03129875000894e-07
x_g,79.99775584180328,0.0005931511788554949,4.053051028352583e-07
x_g,80.40178491171139,0.0005917955757608504,3.4951850390341346e-07
x_g,80.80581398161948,0.0005306172285082882,2.6554933014091674e-07
x_g,81.20984305152757,0.0006054301969536146,3.883467872819615e-07
x_g,81.61387212143568,0.0006242730235635933,4.2285913803012754e-07
x_g,82.01790119134377,0.0006039553590777765,3.786838237041252e-07
x_g,82.42193026125187,0.000630295145075968,3.8570625941041035e-07
x_g,82.82595933115996,0.0006456963634329804,4.4764503924503093e-07
x_g,83.22998840106807,0.0005872807464959443,3.605129975359378e-07
x_g,83.63401747097616,0.0005051990206078641,2.75865285137227e-07
x_g,84.03804654088425,0.0006968068383220742,5.182828708385747e-07
x_g,84.44207561079236,0.0007748625201039862,6.348505253188491e-07
x_g,84.84610468070045,0.0006678396147638594,4.69667759288314e-07
x_g,85.25013375060855,0.0006336765799435245,4.2542593883605387e-07
x_g,85.65416282051665,0.0007110771225983171,4.875748912183367e-07
x_g,86.05819189042475,0.0007181572251119878,5.062634996597143e-07
x_g,86.46222096033284,0.0006032901414396806,3.4743814638551126e-07
x_g,86.86625003024093,0.000675626021726846,4.16077263476876e-07
x_g,87.27027910014904,0.0007599305384669144,5.561110563926793e-07
x_g,87.67430817005713,0.0007673693602298521,5.546216352508125e-07
x_g,88.07833723996524,0.0005833554785671332,3.6819054440564263e-07
x_g,88.48236630987333,0.0007103770290831234,4.918883923540902e-07
x_g,88.88639537978143,0.000689514161172303,5.049738661836958e-07
x_g,89.29042444968952,0.000725377058629935,5.063811801475859e-07
x_g,89.69445351959762,0.0006805526626282118,5.117298485416983e-07
x_g,90.09848258950572,0.000547923975391265,3.325286227542771e-07
x_g,90.50251165941381,0.0006587097923912225,4.300764815184733e-07
x_g,90.90654072932192,0.0008026189382474811,6.104370768143198e-07
x_g,91.31056979923001,0.0006797232542100906,5.058814477699787e-07
x_g,91.71459886913811,0.0006654258625860873,4.951485012825793e-07
x_g,92.1186279390462,0.0005639184529216791,3.3373684054675516e-07
x_g,92.5226570089543,0.0005561968563882361,3.1494700055453185e-07
x_g,92.9266860788624,0.0006272588683820812,3.992143304468538e-07
x_g,93.3307151487705,0.0006179383303391976,4.0821805480416167e-07
x_g,93.7347442186786,0.0006327471572441217,4.231326820737337e-07
x_g,94.13877328858669,0.0006172303960694916,3.9752039774410477e-07
x_g,94.5428023584948,0.0005966407515415605,3.816709557796436e-07
x_g,94.94683142840289,0.0006431066586846076,4.1922581992636854e-07
x_g,95.35086049831098,0.0006665423631879583,5.069516684667295e-07
x_g,95.75488956821908,0.0007100436743229664,5.110998220513622e-07
x_g,96.15891863812718,0.0006674883801493909,4.809093115736823e-07
x_g,96.56294770803528,0.0007116953274055552,5.575272757880128e-07
x_g,96.96697677794337,0.0007119303898406554,5.839762428889653e-07
x_g,97.37100584785148,0.0005998103285503373,4.219825474277664e-07
x_g,97.77503491775957,0.0006222247064564605,4.056716025826033e-07
x_g,98.17906398766766,0.0005620790524865162,3.3440971732798796e-07
x_g,98.58309305757577,0.0004985631838096052,2.427007363034905e-07
x_g,98.98712212748386,0.0006023672495798245,3.4971998878742755e-07
x_g,99.39115119739196,0.0006194459211140595,3.9409459335157033e-07
x_g,99.79518026730005,0.0005489276961660618,3.2611612852176583e-07
x_g,100.19920933720816,0.0005888380466143938,3.624697477651786e-07
x_g,100.60323840711625,0.00048084415549517334,2.42052969275111e-07
x_g,101.00726747702434,0.0004074151435246341,1.8466412662017248e-07
x_g,101.41129654693245,0.000501804767497811,2.7278616211447433e-07
x_g,101.81532561684054,0.0005131925808219266,2.7784550559959193e-07
x_g,102.21935468674864,0.0005626529459096837,2.8573697995358854e-07
x_g,102.62338375665674,0.0005807070908122316,3.3104796899590924e-07
x_g,103.02741282656484,0.0005583555348342613,3.37539869893314e-07
x_g,103.43144189647293,0.00025967614363779835,1.8562267389944907e-07
y_g,0.0,0.00014718342488808568,5.073740096263542e-08
y_g,0.4040290699080974,0.0005458556358169555,3.173366294228518e-07
y_g,0.8080581398161948,0.0005786093310464351,3.607299663574006e-07
y_g,1.212087209724292,0.0006044541677371711,3.9184016089238515e-07
y_g,1.6161162796323896,0.0006045920948265654,3.671009330907367e-07
y_g,2.020145349540487,0.0005607379838329454,3.24944322339027e-07
y_g,2.424174419448584,0.0005836251032116891,3.219466268703056e-07
y_g,2.8282034893566816,0.00056543226387103,3.4571392508320043e-07
y_g,3.232232559264779,0.0004900700709396818,2.574384957508636e-07
y_g,3.6362616291728767,0.000540501521553071,2.972698676440115e-07
y_g,4.040290699080974,0.0005841389448014702,3.4231837949267503e-07
y_g,4.444319768989072,0.0006016862374905895,3.3800328931775065e-07
y_g,4.848348838897168,0.000563105449564478,3.228075001518794e-07
y_g,5.252377908805266,0.00047302276740292254,2.2479282952849743e-07
y_g,5.656406978713363,0.000467105084992212,2.2387496820138563e-07
y_g,6.060436048621461,0.0005912322018826714,3.5192781382607424e-07
y_g,6.464465118529558,0.0006648620313928016,4.714981291593221e-07
y_g,6.868494188437656,0.000669023651324687,5.337708701649711e-07
y_g,7.272523258345753,0.0006740230624652943,4.778057237742524e-07
y_g,7.676552328253851,0.0005533255580268547,3.6135693462784856e-07
y_g,8.080581398161948,0.0006177082110338644,4.1567936395950457e-07
y_g,8.484610468070045,0.0005818529002807291,3.639504618625989e-07
y_g,8.888639537978143,0.0005531279550285037,3.1845761688452786e-07
y_g,9.29266860788624,0.0006354492237354587,3.69444921513913e-07
y_g,9.696697677794337,0.0005614777900392588,3.08460769267935e-07
y_g,10.100726747702435,0.00056854127123541,3.1954289974341233e-07
y_g,10.504755817610532,0.0006177154409632044,3.973311503732378e-07
y_g,10.90878488751863,0.0005533134172788969,3.080516012086512e-07
y_g,11.312813957426727,0.00041016507039391724,1.6389332311992288e-07
y_g,11.716843027334825,0.0005891295408832024,3.390102013464936e-07
y_g,12.120872097242922,0.0005812143017058967,3.2996842633292174e-07
y_g,12.52490116715102,0.0006140641253089215,3.6287139909044487e-07
y_g,12.928930237059117,0.0006064661830964941,3.5329961905582536e-07
y_g,13.332959306967213,0.0005066658972704401,2.7764660016682807e-07
y_g,13.736988376875312,0.0005961709304969191,3.574586077846321e-07
y_g,14.141017446783408,0.0005946570088284548,3.6043432195912856e-07
y_g,14.545046516691507,0.0005783561794260317,3.3201290035261304e-07
y_g,14.949075586599603,0.0005259986140318811,2.7205246132099207e-07
y_g,15.353104656507702,0.0005045252835789001,2.8086475322054787e-07
y_g,15.757133726415798,0.0005468471911476946,3.1193604406583587e-07
y_g,16.161162796323897,0.0005659826292782226,3.594950014606787e-07
y_g,16.56519186623199,0.0006402127030588545,4.039505439841854e-07
y_g,16.96922093614009,0.0006373092733912853,4.0337865736379065e-07
y_g,17.37325000604819,0.000568152435475918,3.347735478918047e-07
y_g,17.777279075956287,0.0005579337989567052,3.150341541890597e-07
y_g,18.18130814586438,0.0006301063980682285,4.0555011136352897e-07
y_g,18.58533721577248,0.0006118230257438152,3.9844259191847207e-07
y_g,18.98936628568058,0.0005341554349009811,3.209087953839345e-07
y_g,19.393395355588673,0.0004707551722705179,2.4067481703090183e-07
y_g,19.79742442549677,0.0004509840415274269,2.264034127251778e-07
y_g,20.20145349540487,0.0004904453008065627,2.5735853378634e-07
y_g,20.60548256531297,0.0005785048358274327,3.2122316133192674e-07
y_g,21.009511635221063,0.0005885779216465854,3.7110756659348656e-07
y_g,21.41354070512916,0.0005917773438473506,3.9893850017477165e-07
y_g,21.81756977503726,0.0005979613622036159,3.7278585721944887e-07
y_g,22.22159884494536,0.0007126925668298799,5.009629437119724e-07
y_g,22.625627914853453,0.0006071777122357987,3.540662854023392e-07
y_g,23.02965698476155,0.0004873793240126824,2.3925263539352643e-07
y_g,23.43368605466965,0.0006128933834040061,4.009515695730126e-07
y_g,23.837715124577745,0.0006489936387223574,4.858061324709229e-07
y_g,24.241744194485843,0.0006968760567187794,4.7316890587699313e-07
y_g,24.64577326439394,0.0007086174505997031,4.5786656024386907e-07
y_g,25.04980233430204,0.0005671942171272696,3.0880996323294157e-07
y_g,25.453831404210135,0.0006746766145679171,4.2999180388074986e-07
y_g,25.857860474118233,0.000573587390458142,3.2487667887284416e-07
y_g,26.26188954402633,0.0005606605302286584,3.399572362360954e-07
y_g,26.665918613934426,0.000665475404269044,4.156153783879395e-07
y_g,27.069947683842525,0.000530357302488912,3.226746457582811e-07
y_g,27.473976753750623,0.0005127328761521923,2.8493331488443004e-07
y_g,27.87800582365872,0.00036355256405071993,1.6122619543943586e-07
y_g,28.282034893566816,0.0005002684416792046,2.396195802292367e-07
y_g,28.686063963474915,0.0006083796136554704,3.9490756708752476e-07
y_g,29.090093033383013,0.0005530589541711329,3.159492453153785e-07
y_g,29.494122103291108,0.0005744240301563606,3.448480236496936e-07
y_g,29.898151173199206,0.0005911736879951586,3.6497001839627603e-07
y_g,30.302180243107305,0.0006255789346753178,3.847161158370197e-07
y_g,30.706209313015403,0.0006548565331108182,4.208569408548992e-07
y_g,31.110238382923498,0.0005464333481808226,3.363954460049264e-07
y_g,31.514267452831596,0.0005452094993555314,3.219506067217352e-07
y_g,31.918296522739695,0.0005480969826347256,3.125776425842675e-07
y_g,32.32232559264779,0.0005976451851925897,3.415621509764756e-07
y_g,32.72635466255589,0.0005571299212679601,2.8966005504869365e-07
y_g,33.13038373246398,0.0005562996950540966,3.0232940369997144e-07
y_g,33.53441280237208,0.0005928531498788573,3.602043107086062e-07
y_g,33.93844187228018,0.0005487783021607048,3.0807858937990815e-07
y_g,34.34247094218828,0.0005256678860915093,3.0910850690785354e-07
y_g,34.74650001209638,0.0005523316608916374,3.1649551710509323e-07
y_g,35.150529082004475,0.00044577479153724093,2.2518618327285074e-07
y_g,35.55455815191257,0.0005160867633005488,2.587305498789828e-07
y_g,35.958587221820665,0.0005252768312383946,3.1255523836648386e-07
y_g,36.36261629172876,0.0006529037817576675,4.1635273882394455e-07
y_g,36.76664536163686,0.0005402249240599406,3.3159497351979183e-07
y_g,37.17067443154496,0.0006635408282846273,5.059313535710795e-07
y_g,37.57470350145306,0.0006144115261549056,4.1456689534106756e-07
y_g,37.97873257136116,0.0006094372776549929,3.33266795048705e-07
y_g,38.382761641269255,0.0006549966710781396,3.9432763126899447e-07
y_g,38.786790711177346,0.0005535753630264271,3.2714698495532154e-07
y_g,39.190819781085445,0.00050186251401379,2.558947981042066e-07
y_g,39.59484885099354,0.000532885415715755,2.9557768952459433e-07
y_g,39.99887792090164,0.0005585820406004594,3.1818326300773917e-07
y_g,40.40290699080974,0.0004349138845216632,2.0338861285700066e-07
y_g,40.80693606071784,0.000486734056406811,2.404533446129026e-07
y_g,41.21096513062594,0.0005086589151690157,2.734611314897706e-07
y_g,41.614994200534035,0.0005377759973411893,3.1347180573143206e-07
y_g,42.019023270442126,0.0005884109605542758,3.565051647562422e-07
y_g,42.423052340350225,0.0005533436417357664,3.066591483990036e-07
y_g,42.82708141025832,0.0005292336347779134,2.83536216818358e-07
y_g,43.23111048016642,0.0005153580893248466,2.608748620787443e-07
y_g,43.63513955007452,0.0004943563763445951,2.5942699290018266e-07
y_g,44.03916861998262,0.0005041406042917739,2.559609711667979e-07
y_g,44.44319768989072,0.00038618331415191435,1.6959511906231755e-07
y_g,44.84722675979881,0.0006137224874531763,3.753625815778697e-07
y_g,45.251255829706906,0.0005928975646670584,3.424884498055961e-07
y_g,45.655284899615005,0.0005322060568153388,2.905206209452909e-07
y_g,46.0593139695231,0.000569053488117935,3.4878530932086944e-07
y_g,46.4633430394312,0.0006257729885033609,4.1381941647769083e-07
y_g,46.8673721093393,0.0006299629218459226,3.9563291689814635e-07
y_g,47.2714011792474,0.0005893006585833881,3.410216488922861e-07
y_g,47.67543024915549,0.0005550435429090861,3.3779318975491603e-07
y_g,48.07945931906359,0.0004681725001747816,2.319595013547341e-07
y_g,48.483488388971686,0.00047890273887905203,2.6418626708934164e-07
y_g,48.887517458879785,0.0005141893956295961,2.668820047456551e-07
y_g,49.29154652878788,0.00048501996211221737,2.477634440169582e-07
y_g,49.69557559869598,0.0004657660044520521,2.3367774007024147e-07
y_g,50.09960466860408,0.0004590965904487678,2.2979655233795306e-07
y_g,50.50363373851217,0.0004913468696173128,2.3228792786047154e-07
y_g,50.90766280842027,0.0004278863676544019,1.9302498618114173e-07
y_g,51.31169187832837,0.0005093117296526271,2.851771249767018e-07
y_g,51.715720948236466,0.000548408507627764,3.201361019770148e-07
y_g,52.119750018144565,0.0004962039040160296,2.6687249238301056e-07
y_g,52.52377908805266,0.0005648429039243892,3.126860068996252e-07
y_g,52.92780815796076,0.000557792838951249,3.285751441805723e-07
y_g,53.33183722786885,0.0004519681831118056,2.0837362607829406e-07
y_g,53.73586629777695,0.0005454833436581238,2.7389017432799733e-07
y_g,54.13989536768505,0.0007191519659600789,5.234739536651692e-07
y_g,54.54392443759315,0.0005885104094197578,3.5308044965476766e-07
y_g,54.947953507501246,0.0004501558331174765,2.0481015334435155e-07
y_g,55.351982577409345,0.0005173815915408527,2.9274066250477576e-07
y_g,55.75601164731744,0.0005937773896933196,3.313291565917672e-07
y_g,56.160040717225534,0.0005735133238065058,3.47579401579611e-07
y_g,56.56406978713363,0.0005086792787060547,3.1873711394815043e-07
y_g,56.96809885704173,0.0006346805037054959,4.07515453673167e-07
y_g,57.37212792694983,0.0006407676311192622,4.4064631848972925e-07
y_g,57.77615699685793,0.0006643445614897714,4.404591129637936e-07
y_g,58.180186066766026,0.0005903248810035596,3.553303880090115e-07
y_g,58.584215136674125,0.0005333406755032008,3.023961934876453e-07
y_g,58.988244206582216,0.0004952588711473105,2.586659521841205e-07
y_g,59.392273276490315,0.0005185596072452278,2.5369140991096744e-07
y_g,59.79630234639841,0.0005749585072852966,3.674512699767592e-07
y_g,60.20033141630651,0.000618838890640283,3.834314615897437e-07
y_g,60.60436048621461,0.0005341863871139677,2.998416037980599e-07
y_g,61.00838955612271,0.0006233598547583515,3.6621192283418476e-07
y_g,61.41241862603081,0.0005333461971348187,2.943254965514176e-07
y_g,61.8164476959389,0.0005435696089426057,3.106759888039945e-07
y_g,62.220476765846996,0.0005728302746617002,3.4622684997892636e-07
y_g,62.624505835755095,0.0006384201375293965,4.061248658525519e-07
y_g,63.02853490566319,0.000649262341498478,3.986958637915654e-07
y_g,63.43256397557129,0.0005745136446912542,3.141672432675157e-07
y_g,63.83659304547939,0.0005141077093645747,2.805537525593526e-07
y_g,64.24062211538748,0.0006380961427922728,4.081157564834146e-07
y_g,64.64465118529559,0.0006182666099825742,3.655084371142836e-07
y_g,65.04868025520368,0.0005914142043648523,3.3433304611517333e-07
y_g,65.45270932511178,0.0005169932885776632,2.526372386430701e-07
y_g,65.85673839501987,0.00047385605048236415,2.54062127457804e-07
y_g,66.26076746492797,0.0005517212192127672,3.022104685916588e-07
y_g,66.66479653483607,0.0005503634182014907,2.905098203084181e-07
y_g,67.06882560474416,0.0005511160066111637,3.1580366190646417e-07
y_g,67.47285467465227,0.0006087240368346725,3.681851721949982e-07
y_g,67.87688374456036,0.0006420414789524362,3.9295591331039246e-07
y_g,68.28091281446846,0.0006150528204174566,3.8270846515013866e-07
y_g,68.68494188437656,0.0006467792712148777,4.2539701338276106e-07
y_g,69.08897095428465,0.000539711515437883,3.004612872443856e-07
y_g,69.49300002419275,0.000528122869427795,2.988603405652233e-07
y_g,69.89702909410084,0.0005616063300179855,3.2919919504988177e-07
y_g,70.30105816400895,0.0005651287410095459,3.2485687452233425e-07
y_g,70.70508723391704,0.0005033039721059957,2.7343577801777263e-07
y_g,71.10911630382515,0.0005951891232956946,3.539000688110099e-07
y_g,71.51314537373324,0.0006510205318424523,4.206381751366811e-07
y_g,71.91717444364133,0.0006055990700359011,3.622678187764773e-07
y_g,72.32120351354943,0.0005588999368559861,3.138376580145816e-07
y_g,72.72523258345753,0.0005905161343669857,3.356999925447145e-07
y_g,73.12926165336563,0.0005537730959641432,3.138716179983233e-07
y_g,73.53329072327372,0.0005625302058456423,3.106824266092974e-07
y_g,73.93731979318183,0.0004946125596092919,2.5371501730702626e-07
y_g,74.34134886308992,0.0004856188431665642,2.43794104887546e-07
y_g,74.74537793299801,0.0005594473719549443,3.0368617856674725e-07
y_g,75.14940700290612,0.0005512697027182861,3.1617067195723077e-07
y_g,75.55343607281421,0.0005249959055387087,2.889669581305762e-07
y_g,75.95746514272231,0.0005300262494988948,2.8841545887770234e-07
y_g,76.3614942126304,0.00048035585095895057,2.430438065286129e-07
y_g,76.76552328253851,0.000513942343486832,3.027996566677985e-07
y_g,77.1695523524466,0.0004955814332225307,2.5565653170479046e-07
y_g,77.57358142235469,0.0005604431220634923,2.965543354522388e-07
y_g,77.9776104922628,0.0005502280996201784,3.2175383998188317e-07
y_g,78.38163956217089,0.0005162512749754221,2.7449142767120845e-07
y_g,78.785668632079,0.0004316610135603255,2.0231826019314674e-07
y_g,79.18969770198709,0.00047634943595512133,2.381164756045831e-07
y_g,79.59372677189519,0.0004935026763726346,2.80575782248378e-07
y_g,79.99775584180328,0.0004944811800116044,2.4475241252290073e-07
y_g,80.40178491171139,0.0005851520544616016,3.258077657362156e-07
y_g,80.80581398161948,0.0006154622374224391,3.7666311589180484e-07
y_g,81.20984305152757,0.0005591909651736095,3.712121870178379e-07
y_g,81.61387212143568,0.0005293314029015761,2.897870973244386e-07
y_g,82.01790119134377,0.0004891076692853334,2.4935973223825077e-07
y_g,82.42193026125187,0.0005205625713004662,2.6716957506412036e-07
y_g,82.82595933115996,0.0005352399846802089,3.0658763987736134e-07
y_g,83.22998840106807,0.0006944927629856675,4.799546624386571e-07
y_g,83.63401747097616,0.0007831062567406792,6.239867229166471e-07
y_g,84.03804654088425,0.0007076219517606896,5.2518602755215e-07
y_g,84.44207561079236,0.0005613429248453973,2.937379277202779e-07
y_g,84.84610468070045,0.0004974186577412753,2.3906129104300005e-07
y_g,85.25013375060855,0.000514651137004449,2.5171617665988915e-07
y_g,85.65416282051665,0.0004607801814517849,2.1509883570447566e-07
y_g,86.05819189042475,0.000457887960666778,2.2763374144648713e-07
y_g,86.46222096033284,0.00045471715112057085,2.201859935885879e-07
y_g,86.86625003024093,0.000489305176052487,2.3472446572155203e-07
y_g,87.27027910014904,0.0005885623150161773,3.425635939033691e-07
y_g,87.67430817005713,0.0005555039699286275,2.934598106683482e-07
y_g,88.07833723996524,0.0005315826155309601,2.8317050641319225e-07
y_g,88.48236630987333,0.0004932765111823426,2.5303701643096356e-07
y_g,88.88639537978143,0.000489442649017064,2.5575533757171477e-07
y_g,89.29042444968952,0.0005840356253051618,3.5913354330873197e-07
y_g,89.69445351959762,0.0006238577755012207,4.033246428228139e-07
y_g,90.09848258950572,0.0006116709849817908,3.5598238791475357e-07
y_g,90.50251165941381,0.0005143088384621859,2.741594428036722e-07
y_g,90.90654072932192,0.0005062685317002081,2.992148249462088e-07
y_g,91.31056979923001,0.0005402551905926583,2.8358187170452205e-07
y_g,91.71459886913811,0.0005221939269975856,2.939087986787446e-07
y_g,92.1186279390462,0.000535730114894621,2.923760044431143e-07
y_g,92.5226570089543,0.0005794132172161873,3.1944263895347587e-07
y_g,92.9266860788624,0.0006673605495475876,4.6082258149880443e-07
y_g,93.3307151487705,0.0005775539992724863,3.2294022926201994e-07
y_g,93.7347442186786,0.0005771613555504753,3.2440385647142167e-07
y_g,94.13877328858669,0.0006618167794686334,4.381444629302873e-07
y_g,94.5428023584948,0.0006379945947249957,4.2589166625813426e-07
y_g,94.94683142840289,0.0005652419956907294,3.175003404015946e-07
y_g,95.35086049831098,0.00043418053706251837,2.1387957687819797e-07
y_g,95.75488956821908,0.0005097557053708904,2.903398598343003e-07
y_g,96.15891863812718,0.0005013171484337973,2.734750923040604e-07
y_g,96.56294770803528,0.000588417919159631,3.70182963714819e-07
y_g,96.96697677794337,0.00048634921092180987,2.4380859738118087e-07
y_g,97.37100584785148,0.0004906104970069707,2.2933975332572087e-07
y_g,97.77503491775957,0.0005617723377374186,3.219314955770469e-07
y_g,98.17906398766766,0.0006401497674122978,3.946391437891733e-07
y_g,98.58309305757577,0.0006256326977728125,4.071650957312505e-07
y_g,98.98712212748386,0.00045512456166399293,2.3119578302487345e-07
y_g,99.39115119739196,0.0006211099473225782,3.8006207032560166e-07
y_g,99.79518026730005,0.0005222481498730261,2.8217797990581643e-07
y_g,100.19920933720816,0.0004672336944373833,2.3182061948538044e-07
y_g,100.60323840711625,0.0005464242374330007,2.9843360889897546e-07
y_g,101.00726747702434,0.0006180935102736086,4.081725467233164e-07
y_g,101.41129654693245,0.0006267112180906865,4.381910766869488e-07
y_g,101.81532561684054,0.0005296891274322679,3.0728187084479714e-07
y_g,102.21935468674864,0.0005830807977763279,3.410338089028724e-07
y_g,102.62338375665674,0.0006214563862880091,3.9700016086561205e-07
y_g,103.02741282656484,0.0005173719823092343,2.8841856225734037e-07
y_g,103.43144189647293,0.00025391394056921857,1.5094228679500054e-07
z_g,0.0,0.00021791496693469975,1.146597754800673e-07
z_g,0.4040290699080974,0.0007328703995856059,5.261164379643641e-07
z_g,0.8080581398161948,0.0006616678366330278,4.989676126341158e-07
z_g,1.212087209724292,0.0007624949428205763,5.919906256445405e-07
z_g,1.6161162796323896,0.0009631213951708709,8.755443118626039e-07
z_g,2.020145349540487,0.001035322560432298,1.0481229778078814e-06
z_g,2.424174419448584,0.0009719396560057743,1.0705789008976136e-06
z_g,2.8282034893566816,0.0009597686707857422,9.793404731205326e-07
z_g,3.232232559264779,0.0009445228245993502,9.254838642654637e-07
z_g,3.6362616291728767,0.0008797278750691733,8.142314169052965e-07
z_g,4.040290699080974,0.0008858653521333691,8.462753037588076e-07
z_g,4.444319768989072,0.0008841180382049906,7.468985018383845e-07
z_g,4.848348838897168,0.0009659155008372622,1.0098159134218464e-06
z_g,5.252377908805266,0.0009461782341819825,1.0042175024590292e-06
z_g,5.656406978713363,0.0007453317797148406,5.971695443223338e-07
z_g,6.060436048621461,0.0006759043341691761,5.167264288394976e-07
z_g,6.464465118529558,0.0008586065200066595,7.29656118675478e-07
z_g,6.868494188437656,0.0009043288704268412,8.820716329144908e-07
z_g,7.272523258345753,0.0008273248423847022,6.682888821532397e-07
z_g,7.676552328253851,0.0008602720374003632,6.865031274003119e-07
z_g,8.080581398161948,0.0009871157121546603,9.881283540606339e-07
z_g,8.484610468070045,0.0010054322359004057,9.42795992942434e-07
z_g,8.888639537978143,0.000961486257196522,9.356540333489543e-07
z_g,9.29266860788624,0.0009800406059749178,1.0069188795032304e-06
z_g,9.696697677794337,0.0008780415379525131,7.735304451528738e-07
z_g,10.100726747702435,0.0008288296813166452,7.434737826317572e-07
z_g,10.504755817610532,0.0009551377086613411,8.869952316515392e-07
z_g,10.90878488751863,0.0008510034421168561,7.505445186525923e-07
z_g,11.312813957426727,0.0008137469290535107,6.825477967473388e-07
z_g,11.716843027334825,0.0010027230224781255,9.619934501887475e-07
z_g,12.120872097242922,0.0010213684138179952,1.0488109837954204e-06
z_g,12.52490116715102,0.000900412701299106,8.756607942755103e-07
z_g,12.928930237059117,0.0008529121504532389,7.518922678269492e-07
z_g,13.332959306967213,0.0009498715668073968,9.788774127890104e-07
z_g,13.736988376875312,0.0010173840696385216,1.187591873664294e-06
z_g,14.141017446783408,0.0010230930694337434,1.1199354187416375e-06
z_g,14.545046516691507,0.0007747231668780918,6.619750153228479e-07
z_g,14.949075586599603,0.0009225421276685276,8.167061377024414e-07
z_g,15.353104656507702,0.0011005494389049481,1.217178346835274e-06
z_g,15.757133726415798,0.0011053510333574493,1.1749612770017299e-06
z_g,16.161162796323897,0.0009954249240563384,1.0055365379119453e-06
z_g,16.56519186623199,0.0009630972069499675,9.978249381383944e-07
z_g,16.96922093614009,0.0008935746834592021,7.822734714404686e-07
z_g,17.37325000604819,0.0007021506445897586,5.053268285283391e-07
z_g,17.777279075956287,0.0008735547181973981,6.975479144945874e-07
z_g,18.18130814586438,0.0008616455748889871,7.528154987549626e-07
z_g,18.58533721577248,0.0007518367905634309,5.648552394703063e-07
z_g,18.98936628568058,0.0007888791256872063,6.334074759654434e-07
z_g,19.393395355588673,0.0007313338275004515,5.865327430199008e-07
z_g,19.79742442549677,0.0007739266160687764,6.222252000737643e-07
z_g,20.20145349540487,0.0009393567421157453,9.109734283324933e-07
z_g,20.60548256531297,0.0008626991557482233,7.392775626854195e-07
z_g,21.009511635221063,0.0009367323624511923,8.303731998436199e-07
z_g,21.41354070512916,0.0009002685987997659,8.020368916478178e-07
z_g,21.81756977503726,0.0009233899697219716,9.039453861349055e-07
z_g,22.22159884494536,0.0008293795768734345,6.955019473595995e-07
z_g,22.625627914853453,0.0008659485475434175,7.678662907304572e-07
z_g,23.02965698476155,0.0009186523996679671,9.112131988131246e-07
z_g,23.43368605466965,0.0010694318638883444,1.0686912842465698e-06
z_g,23.837715124577745,0.0007509118092285602,6.287955156604761e-07
z_g,24.241744194485843,0.0007884502159290716,6.74988351842595e-07
z_g,24.64577326439394,0.0007839243894424419,6.733292252710855e-07
z_g,25.04980233430204,0.0008271104799700192,7.085889975223227e-07
z_g,25.453831404210135,0.0009603976583823786,8.534828221386924e-07
z_g,25.857860474118233,0.0008723989546998708,8.239292965789187e-07
z_g,26.26188954402633,0.0008786399871202056,8.795015151324544e-07
z_g,26.665918613934426,0.0008481640408488516,7.714454809469165e-07
z_g,27.069947683842525,0.0008623508564919991,7.17815434680586e-07
z_g,27.473976753750623,0.0008747670818927106,7.558683663285163e-07
z_g,27.87800582365872,0.0010142872504472849,1.063403666791899e-06
z_g,28.282034893566816,0.0009831119480658468,9.701164350821775e-07
z_g,28.686063963474915,0.0009249484880643023,8.580317482843643e-07
z_g,29.090093033383013,0.0008957683373264023,9.112340992758666e-07
z_g,29.494122103291108,0.0008759173204707183,7.885078683886964e-07
z_g,29.898151173199206,0.0008247445080807745,7.254379694564527e-07
z_g,30.302180243107305,0.0009746564429925348,9.871656736288452e-07
z_g,30.706209313015403,0.001116221927678618,1.2269577500450108e-06
z_g,31.110238382923498,0.0010891041496971184,1.2116982996561922e-06
z_g,31.514267452831596,0.0009597842107692714,9.360241845160584e-07
z_g,31.918296522739695,0.0010632580678005198,1.0577432232267309e-06
z_g,32.32232559264779,0.0009425556554585005,1.0524539026869333e-06
z_g,32.72635466255589,0.0009143910171540873,8.307743489019839e-07
z_g,33.13038373246398,0.0008679658467767693,7.60174034312898e-07
z_g,33.53441280237208,0.000872783749956229,7.473738779249104e-07
z_g,33.93844187228018,0.0008218708832047348,6.409884254108662e-07
z_g,34.34247094218828,0.000712465274783643,6.001343586870678e-07
z_g,34.74650001209638,0.0008051921024671826,7.629592667977678e-07
z_g,35.150529082004475,0.00088682067722103,7.969081659019397e-07
z_g,35.55455815191257,0.0009117744952150475,8.29201316899102e-07
z_g,35.958587221820665,0.001013854947267281,9.59125217289115e-07
z_g,36.36261629172876,0.0009205574206633807,7.815364463034168e-07
z_g,36.76664536163686,0.0009360323044166826,8.293318949569508e-07
z_g,37.17067443154496,0.0008190930403756754,7.441457895213972e-07
z_g,37.57470350145306,0.0008996735357713657,9.276452717067965e-07
z_g,37.97873257136116,0.001050851824480993,1.1101111538872735e-06
z_g,38.382761641269255,0.0008878270231718145,7.981991744841759e-07
z_g,38.786790711177346,0.0010025237204019186,1.0941309100115698e-06
z_g,39.190819781085445,0.0011119441759714973,1.2480880323203948e-06
z_g,39.59484885099354,0.0010744909796843213,1.070875470879759e-06
z_g,39.99887792090164,0.0010472179483186055,1.0615346335746389e-06
z_g,40.40290699080974,0.0010256502865109477,1.018164605926776e-06
z_g,40.80693606071784,0.0009204140621712924,1.0237875682048448e-06
z_g,41.21096513062594,0.0010107935916568015,1.0474829280116374e-06
z_g,41.614994200534035,0.0009246052554076458,8.694270039745487e-07
z_g,42.019023270442126,0.0008091299284448286,7.555717305223011e-07
z_g,42.423052340350225,0.0007961986424362379,6.353433880095907e-07
z_g,42.82708141025832,0.000857667628453626,7.455070552890118e-07
z_g,43.23111048016642,0.0008687114008305972,7.387857434362706e-07
z_g,43.63513955007452,0.0009507258440710131,8.995906354969187e-07
z_g,44.03916861998262,0.0009632920839491934,9.2469982344956e-07
z_g,44.44319768989072,0.0010871609548905206,1.143777358677724e-06
z_g,44.84722675979881,0.0008673940737436296,8.485613757376766e-07
z_g,45.251255829706906,0.000794733745292881,7.292841163245079e-07
z_g,45.655284899615005,0.0008992402102853541,8.414517005724387e-07
z_g,46.0593139695231,0.0007832954039571366,6.302582254977564e-07
z_g,46.4633430394312,0.0009376193478039437,9.387839236082251e-07
z_g,46.8673721093393,0.0009887464109230887,9.665512249377608e-07
z_g,47.2714011792474,0.0009660869784859776,9.950032301159955e-07
z_g,47.67543024915549,0.00099158807039289,9.398033801033919e-07
z_g,48.07945931906359,0.0006658567204082365,4.946926061128063e-07
z_g,48.483488388971686,0.00068836531514083,5.788302711273078e-07
z_g,48.887517458879785,0.0007779257590996749,6.086446605307771e-07
z_g,49.29154652878788,0.0008931572426832774,7.776307468952325e-07
z_g,49.69557559869598,0.0008875500379967598,7.911303440218793e-07
z_g,50.09960466860408,0.0006742380570981656,4.616496640521093e-07
z_g,50.50363373851217,0.0007263025694781933,5.226152839128729e-07
z_g,50.90766280842027,0.0008937201231499788,9.078576493643535e-07
z_g,51.31169187832837,0.0009617366982144686,1.0259815225946124e-06
z_g,51.715720948236466,0.000925657485042577,9.61959350488002e-07
z_g,52.119750018144565,0.001026517382680517,1.1015902145004332e-06
z_g,52.52377908805266,0.0008861893044861492,9.617293031544606e-07
z_g,52.92780815796076,0.000896309436520845,8.05145137638563e-07
z_g,53.33183722786885,0.0007440320084172803,6.33047777058295e-07
z_g,53.73586629777695,0.0009015805221774634,8.135098065538697e-07
z_g,54.13989536768505,0.0010077671778834173,1.0971174874243204e-06
z_g,54.54392443759315,0.0009373662498272005,8.977394317224734e-07
z_g,54.947953507501246,0.0009313819246627207,1.0262550560228257e-06
z_g,55.351982577409345,0.0008954438241707876,9.645287355121834e-07
z_g,55.75601164731744,0.0007998200926831316,7.14011718052906e-07
z_g,56.160040717225534,0.0007119941743782761,5.630401608758046e-07
z_g,56.56406978713363,0.0008018698003230988,6.533555674146229e-07
z_g,56.96809885704173,0.0009729354561237457,9.709688639392722e-07
z_g,57.37212792694983,0.0008264352664230438,7.192083433457204e-07
z_g,57.77615699685793,0.0009117577539453761,9.051748265800539e-07
z_g,58.180186066766026,0.0008815869905655279,9.185884877396725e-07
z_g,58.584215136674125,0.0008507747050931113,8.336813861072484e-07
z_g,58.988244206582216,0.0007303802895964266,5.854433222642609e-07
z_g,59.392273276490315,0.0007066010768748956,5.168181158809246e-07
z_g,59.79630234639841,0.0007804829142914903,6.561417060512323e-07
z_g,60.20033141630651,0.0008482194601348971,7.160913113098232e-07
z_g,60.60436048621461,0.0009413439026356233,9.569870578828411e-07
z_g,61.00838955612271,0.0009530302528717978,8.993431202903143e-07
z_g,61.41241862603081,0.0009646778310614668,9.232166720861403e-07
z_g,61.8164476959389,0.0008287629102304866,7.253940924363444e-07
z_g,62.220476765846996,0.0008481455910108245,7.897907888538998e-07
z_g,62.624505835755095,0.0008090773833819176,6.385104922479446e-07
z_g,63.02853490566319,0.0008013221453360299,6.240947055109803e-07
z_g,63.43256397557129,0.0009543651688268013,9.077249651024818e-07
z_g,63.83659304547939,0.0009176301657161487,8.40273705776496e-07
z_g,64.24062211538748,0.0008702325294080695,7.774096028125589e-07
z_g,64.64465118529559,0.0008341294354569359,6.84660563661608e-07
z_g,65.04868025520368,0.0007851664989833996,5.936342626819722e-07
z_g,65.45270932511178,0.0008548242075435347,7.621043618916688e-07
z_g,65.85673839501987,0.0008504402957573943,8.0403356887109e-07
z_g,66.26076746492797,0.0008847671854640947,8.147020963413238e-07
z_g,66.66479653483607,0.0007908168671885583,7.264331293064572e-07
z_g,67.06882560474416,0.0008898823423913842,8.15889291962714e-07
z_g,67.47285467465227,0.0009813542342565144,9.743744480391244e-07
z_g,67.87688374456036,0.000867528632994706,7.957607192447884e-07
z_g,68.28091281446846,0.000744090054816079,5.705730210378875e-07
z_g,68.68494188437656,0.0009796551087181864,9.382836446413607e-07
z_g,69.08897095428465,0.0009808150791386435,9.397031850660682e-07
z_g,69.49300002419275,0.0008197107449470814,6.740237755342264e-07
z_g,69.89702909410084,0.0007769783929741211,5.942677792701024e-07
z_g,70.30105816400895,0.0008248821244398056,7.13465781138017e-07
z_g,70.70508723391704,0.0008845030869974896,8.891708151760447e-07
z_g,71.10911630382515,0.0010396741260151024,1.128698668907257e-06
z_g,71.51314537373324,0.0009070812705876982,8.324667571046489e-07
z_g,71.91717444364133,0.0008992508860384478,1.0842086354899863e-06
z_g,72.32120351354943,0.0009547093465985183,9.502809682920688e-07
z_g,72.72523258345753,0.0008039373264648431,6.531412097246431e-07
z_g,73.12926165336563,0.0009512429213337796,8.934534793382891e-07
z_g,73.53329072327372,0.0009597089786160827,9.533367643725716e-07
z_g,73.93731979318183,0.0008320436245248232,7.811041566027822e-07
z_g,74.34134886308992,0.0007905461407277721,6.971682943251632e-07
z_g,74.74537793299801,0.000843934441137466,6.920938412883823e-07
z_g,75.14940700290612,0.0008284635487855436,6.896684288655487e-07
z_g,75.55343607281421,0.0008882597576781048,8.597658853218315e-07
z_g,75.95746514272231,0.0008304133647034778,7.459916064733945e-07
z_g,76.3614942126304,0.0007427452964388548,5.971666099362375e-07
z_g,76.76552328253851,0.0007824295828048858,6.064927347800109e-07
z_g,77.1695523524466,0.0007766122093597716,6.869064369227182e-07
z_g,77.57358142235469,0.0009429683671507607,9.901202244120726e-07
z_g,77.9776104922628,0.0009756816775387686,1.0102130712476178e-06
z_g,78.38163956217089,0.0009541082513703045,9.134303933594591e-07
z_g,78.785668632079,0.0010370221395915454,1.078911428540981e-06
z_g,79.18969770198709,0.0009452827208859901,1.0116024443410442e-06
z_g,79.59372677189519,0.0008564060230880817,7.418286219048447e-07
z_g,79.99775584180328,0.0007261543374695879,5.634646792824963e-07
z_g,80.40178491171139,0.0007994834988188757,6.752821760866783e-07
z_g,80.80581398161948,0.000807306543806361,7.303646893861987e-07
z_g,81.20984305152757,0.0007898981200352601,6.730785588697976e-07
z_g,81.61387212143568,0.000796336831083098,7.372438200902611e-07
z_g,82.01790119134377,0.0008035467132375217,7.489867604375479e-07
z_g,82.42193026125187,0.0009332645137026217,9.112311609037217e-07
z_g,82.82595933115996,0.0010553982612954544,1.0155269503235422e-06
z_g,83.22998840106807,0.0009156589746545757,9.11720329715579e-07
z_g,83.63401747097616,0.000850141430094863,6.793289510254949e-07
z_g,84.03804654088425,0.000924195870142663,8.311627708445117e-07
z_g,84.44207561079236,0.0008617773107224054,7.495828176463543e-07
z_g,84.84610468070045,0.0007310452175291961,5.243208961461064e-07
z_g,85.25013375060855,0.0007013091867686984,5.283571704399193e-07
z_g,85.65416282051665,0.0008288947799096919,7.707370408199991e-07
z_g,86.05819189042475,0.0008599099338135851,7.864369718938868e-07
z_g,86.46222096033284,0.0009885619913342421,9.821370430570226e-07
z_g,86.86625003024093,0.0009077795942653883,8.846423329135044e-07
z_g,87.27027910014904,0.000958256365792232,9.324499428895565e-07
z_g,87.67430817005713,0.0010519598092106868,1.177337176182702e-06
z_g,88.07833723996524,0.0008761906094064331,7.082227334511756e-07
z_g,88.48236630987333,0.0007252574394181265,5.316203613815155e-07
z_g,88.88639537978143,0.0008490462912887222,6.660658701305245e-07
z_g,89.29042444968952,0.0008533999644887942,7.330435762457621e-07
z_g,89.69445351959762,0.0007171440495630082,5.547918720672428e-07
z_g,90.09848258950572,0.0009033438058876441,9.19691498591106e-07
z_g,90.50251165941381,0.0010356893490201622,1.0687056499795774e-06
z_g,90.90654072932192,0.0011314540683997677,1.2847576211973704e-06
z_g,91.31056979923001,0.0010793216307333688,1.1807149037587615e-06
z_g,91.71459886913811,0.0009002163406432913,8.022286455265796e-07
z_g,92.1186279390462,0.0009477944598744097,9.529378767620003e-07
z_g,92.5226570089543,0.0010563172724089751,1.2117440164097007e-06
z_g,92.9266860788624,0.0010445158534150357,1.0205784242536926e-06
z_g,93.3307151487705,0.001058639291777777,1.1949264511872708e-06
z_g,93.7347442186786,0.0009028201989884539,8.918383995340109e-07
z_g,94.13877328858669,0.0009567075361492458,9.327559974580356e-07
z_g,94.5428023584948,0.0009231744926005932,8.993107396483101e-07
z_g,94.94683142840289,0.0009989724079560519,9.640709293173283e-07
z_g,95.35086049831098,0.0009154973098563004,8.636001126476073e-07
z_g,95.75488956821908,0.0009381358483740642,8.814644456243636e-07
z_g,96.15891863812718,0.0008321589565414273,8.321363029209765e-07
z_g,96.56294770803528,0.0008512022644153546,7.055237009817046e-07
z_g,96.96697677794337,0.0008772756971552022,7.827866766904444e-07
z_g,97.37100584785148,0.0009053042089108356,7.918528655945145e-07
z_g,97.77503491775957,0.0008941846278092884,7.958817690391562e-07
z_g,98.17906398766766,0.0007085178227782067,5.41906613057455e-07
z_g,98.58309305757577,0.000838404138236838,7.276681591752191e-07
z_g,98.98712212748386,0.0008641160367749249,7.151195277557794e-07
z_g,99.39115119739196,0.0007123055566874729,5.321925786026064e-07
z_g,99.79518026730005,0.0008984962061759889,8.921618628005991e-07
z_g,100.19920933720816,0.0008825816031179858,8.295588949736275e-07
z_g,100.60323840711625,0.0009208198135182278,9.143227829418857e-07
z_g,101.00726747702434,0.0009490118408123434,9.010511459961972e-07
z_g,101.41129654693245,0.0009955413254023177,1.0871017961810108e-06
z_g,101.81532561684054,0.0008327460217410444,7.8387498177574e-07
z_g,102.21935468674864,0.0009563927605779878,8.952449734146236e-07
z_g,102.62338375665674,0.0009653749104591475,9.660020913187891e-07
z_g,103.02741282656484,0.0009007732299207386,1.046561179145101e-06
z_g,103.43144189647293,0.00037505181600088074,5.131970598379905e-07
