id,mode,method,repeat,valid_decisions,invalid_decisions,normal_alarms,window_deadline_ms,deadline_exceedances,model_load_ms,model_warmup_ms,process_entry_to_ready_ms,windows_dropped,unprocessed_windows,complete_to_decision_median_ms,complete_to_decision_p95_ms,complete_to_decision_p99_ms,complete_to_decision_maximum_ms,model_core_median_ms,model_core_p95_ms,model_core_p99_ms,model_core_maximum_ms,transfer_in_median_ms,transfer_in_p95_ms,transfer_in_p99_ms,transfer_in_maximum_ms,transfer_out_median_ms,transfer_out_p95_ms,transfer_out_p99_ms,transfer_out_maximum_ms,score_and_other_overhead_median_ms,score_and_other_overhead_p95_ms,score_and_other_overhead_p99_ms,score_and_other_overhead_maximum_ms,standardization_median_ms,standardization_p95_ms,standardization_p99_ms,standardization_maximum_ms,scorer_call_median_ms,scorer_call_p95_ms,scorer_call_p99_ms,scorer_call_maximum_ms,dequeue_to_decision_median_ms,dequeue_to_decision_p95_ms,dequeue_to_decision_p99_ms,dequeue_to_decision_maximum_ms,assembly_median_ms,assembly_p95_ms,assembly_p99_ms,assembly_maximum_ms,queue_wait_median_ms,queue_wait_p95_ms,queue_wait_p99_ms,queue_wait_maximum_ms,cpu_primary_percent_one_core,rss_primary_max_mib,rss_primary_slope_mib_per_min,queue_high_watermark
sensor_live_rms_01,sensor_live,rms,1,194,0,0,618.0940710168209,0,4.999717,0.427592,1327.739234,0,0,5.789099,6.04957675,6.161964559999999,7.907625,0.041898000000000005,0.04538545,0.04932051,0.053796,0.0,0.0,0.0,0.0,0.0,0.0,0.0,0.0,0.001427,0.00168535,0.001779,0.001834,0.098676,0.1072356,0.11359213,0.114926,0.0598145,0.0646432,0.07182514999999999,0.073333,0.163676,0.17758235,0.18722791999999996,0.192592,5.5595715,5.805579450000001,5.8857959499999986,7.637903,0.065824,0.0840137,0.09819654,0.111241,5.018184151474591,75.46875,0.07430982865737408,1
sensor_live_isolation_forest_01,sensor_live,isolation_forest,1,194,0,1,618.1028717852038,0,1011.289969,279.436469,2617.930153,0,0,27.5138,28.0393318,28.32015949,28.367588,21.517515500000002,21.9178646,22.034756209999998,22.142959,0.0,0.0,0.0,0.0,0.0,0.0,0.0,0.0,0.0078335,0.0084573,0.008796059999999998,0.009111,0.104843,0.11887049999999999,0.12925409999999993,0.139166,21.544877,21.9447871,22.06335352,22.170922,21.6612465,22.0555688,22.17684021,22.281848,5.8582304999999995,5.9712576,6.5811176399999995,6.723091,0.075528,0.09614095,0.10743038,0.11763,8.600011488897875,171.0,0.044784095915713584,1
sensor_live_tflite_autoencoder_01,sensor_live,tflite_autoencoder,1,194,0,13,618.1267603177025,0,11.666832,0.961389,1336.391672,0,0,5.9155655,6.3132916,6.3834227,6.446651,0.061629,0.07371965,0.11372934999999999,0.131906,0.017361,0.018519249999999998,0.01983095999999995,0.02826,0.0068055,0.0078583,0.00896818,0.020278,0.051139000000000004,0.058802749999999994,0.06263255999999999,0.064741,0.101129,0.1089468,0.12060758999999999,0.12511,0.1534995,0.17150404999999996,0.21741240999999997,0.242647,0.26192499999999996,0.28429514999999994,0.32930150999999996,0.357776,5.575334,5.9627008,6.03419111,6.082192,0.06999,0.08978660000000001,0.10253345999999998,0.1045,5.163152043415875,86.296875,0.08748868893979234,1
sensor_live_isolation_forest_02,sensor_live,isolation_forest,2,194,0,0,618.1068483312139,0,1024.454523,264.118667,2600.100086,0,0,27.0991915,27.5563425,27.89565862,28.094164,21.410074,21.7704384,22.00379213,22.147666,0.0,0.0,0.0,0.0,0.0,0.0,0.0,0.0,0.0074815,0.008329499999999998,0.010182329999999993,0.011538,0.099564,0.1122115,0.11456469,0.116277,21.436954,21.8020539,22.03219998,22.174702,21.5419565,21.91027495,22.14698185,22.282072,5.493819,5.63566125,6.13559863,6.805721,0.0729625,0.08947655,0.09368278999999999,0.101444,8.58575903822455,171.0,0.0472680348402535,1
sensor_live_tflite_autoencoder_02,sensor_live,tflite_autoencoder,2,194,0,2,618.0498116072043,0,11.61514,0.946183,1341.073493,0,0,5.9706385,6.15735095,6.2612679799999995,8.206727,0.0601295,0.06334755,0.1014157699999999,0.11763,0.016602,0.01744435,0.01770659,0.017759,0.006352,0.007211849999999999,0.00874359,0.009556,0.04974,0.05522605,0.06034963999999999,0.068203,0.0979815,0.111924,0.11537494999999999,0.118685,0.149601,0.16302914999999998,0.21297523,0.217704,0.253759,0.27660270000000003,0.32093502999999995,0.325685,5.6497595,5.8289707,5.92701534,7.82295,0.06550900000000001,0.08356335,0.09284889999999997,0.099611,5.084996402322966,86.421875,0.09030889961966308,1
sensor_live_rms_02,sensor_live,rms,2,194,0,32,618.0962443651348,0,4.97153,0.428796,1332.834434,0,0,5.655763,5.9968436,6.11326446,7.838584,0.039315,0.043346300000000004,0.045205260000000004,0.052148,0.0,0.0,0.0,0.0,0.0,0.0,0.0,0.0,0.00126,0.001555,0.00164714,0.001685,0.0958425,0.10604255,0.11524132999999999,0.124593,0.0569905,0.06270165,0.06639617999999997,0.070537,0.15932400000000002,0.1738537,0.18359894999999998,0.191315,5.4284765,5.76625855,5.8504041,7.579195,0.0678985,0.09338515,0.10171258999999999,0.106111,5.117357656017375,75.46875,0.06591792804487508,1
sensor_live_tflite_autoencoder_03,sensor_live,tflite_autoencoder,3,194,0,12,618.080062566011,0,11.588989,0.942555,1370.794911,0,0,5.84831,6.2572137,7.061619129999999,8.124234,0.062230999999999995,0.06663815,0.0855498,0.092037,0.017176,0.01816635,0.01868559,0.019241,0.006574,0.00733335,0.008540179999999996,0.00913,0.050537,0.05674825,0.06145443,0.066278,0.101269,0.1153421,0.11869445999999995,0.138278,0.154639,0.16689389999999998,0.17798727999999997,0.194111,0.26275,0.2846238,0.29555058999999984,0.32537,5.5094585,5.91066985,6.655572669999998,7.745549,0.066806,0.0876068,0.10664694999999995,0.119296,5.021277384470475,86.421875,0.09143547383129574,1
sensor_live_rms_03,sensor_live,rms,3,194,0,0,618.11815609491,0,4.911459,0.427907,1328.949656,0,0,5.7861910000000005,6.11434745,6.203063129999997,7.652458,0.041741,0.0449889,0.047543149999999985,0.051407,0.0,0.0,0.0,0.0,0.0,0.0,0.0,0.0,0.001388,0.00174,0.00190833,0.002056,0.097537,0.10980065,0.11334119999999998,0.118999,0.0602225,0.0645757,0.07081038999999999,0.073963,0.1635185,0.179924,0.18831981999999997,0.197296,5.5465800000000005,5.8698149,5.944795239999997,7.392273,0.069083,0.0835433,0.10422796,0.1235,5.03831361198207,75.484375,0.0708593234969564,1
sensor_live_isolation_forest_03,sensor_live,isolation_forest,3,194,0,0,618.0805738819816,0,995.526791,263.157668,2584.726983,0,0,27.376418,28.05773495,28.577293349999994,29.233849,21.416444,21.8612884,22.0491211,22.089729,0.0,0.0,0.0,0.0,0.0,0.0,0.0,0.0,0.007741,0.00851395,0.008909259999999999,0.009148,0.1063795,0.11971275,0.12177097999999999,0.13924,21.4443135,21.88924865,22.077766049999997,22.120359,21.562702,22.005436850000002,22.19744987,22.239099,5.8235665,5.999787,6.698013649999996,7.487286,0.07128699999999999,0.0917533,0.10145967,0.135296,8.624532038046508,171.0,0.042376728036914696,1
offline_replay_rms_01,offline_replay,rms,1,194,0,1,617.9487792856661,0,4.996827,0.426722,1332.315366,0,0,5.6850615,6.06080985,6.148980429999998,6.918016,0.041944,0.04487035,0.045742719999999994,0.04613,0.0,0.0,0.0,0.0,0.0,0.0,0.0,0.0,0.0015,0.0017472999999999998,0.0017999199999999998,0.002,0.0960275,0.1040575,0.10956163999999999,0.110203,0.0599355,0.0634721,0.06448026,0.068203,0.161287,0.173203,0.17757777,0.184111,5.4532555,5.7985466,5.862616859999998,6.627239,0.0643425,0.10576735,0.11381143999999997,0.144,1.8440432729821983,143.609375,0.09471771998588534,1
offline_replay_isolation_forest_01,offline_replay,isolation_forest,1,194,0,0,617.9487792856661,0,997.023499,264.265378,2588.33628,0,0,27.2854185,27.612515,28.016009169999997,28.958387,21.518304,21.792176,21.88447905,22.804886,0.0,0.0,0.0,0.0,0.0,0.0,0.0,0.0,0.0076205,0.00838395,0.008863749999999997,0.009446,0.1026665,0.1121941,0.11609731,0.117315,21.545147,21.819850250000002,21.91146503,22.848516,21.654878500000002,21.928565749999997,22.02140364,22.95509,5.503215,5.70198475,6.194514449999999,7.098945,0.08894450000000001,0.10782485,0.11722789999999998,0.140203,5.315944157524342,238.46875,0.11966914414579034,1
offline_replay_tflite_autoencoder_01,offline_replay,tflite_autoencoder,1,194,0,51,617.9487792856661,0,11.630638,0.935351,1335.961808,0,0,5.826335,6.231120349999999,6.320500019999999,6.512103,0.061490500000000003,0.08088769999999995,0.11124063999999999,0.115093,0.017,0.01781685,0.018542709999999997,0.030945,0.006722,0.009207699999999997,0.009700209999999999,0.010203,0.0506665,0.058111,0.061276519999999994,0.063074,0.0989165,0.108471,0.11655230999999999,0.130297,0.1534345,0.1866247,0.21420585,0.217444,0.2591205,0.29467545,0.31633085,0.323148,5.4900215,5.85836505,5.935924129999999,6.136788,0.0851205,0.10095055,0.10740966,0.11263,1.8016590873123564,153.40625,0.07827586665296858,1
offline_replay_isolation_forest_02,offline_replay,isolation_forest,2,194,0,0,617.9487792856661,0,994.982772,262.316704,2584.540541,0,0,27.184483999999998,27.641169899999998,27.80220555,28.606429,21.437844,21.730532850000003,21.919623749999996,22.126889,0.0,0.0,0.0,0.0,0.0,0.0,0.0,0.0,0.007601999999999999,0.00835135,0.008861559999999997,0.014111,0.1039165,0.1115518,0.11619728,0.146463,21.465028500000003,21.7621119,21.949011379999998,22.155463,21.575473,21.8791222,22.05880659,22.262815,5.48662,5.88322695,6.115965849999999,6.620206,0.0890925,0.10660495,0.11582498999999985,0.139611,5.2836517297174,238.484375,0.12788837205512624,1
offline_replay_tflite_autoencoder_02,offline_replay,tflite_autoencoder,2,194,0,51,617.9487792856661,0,11.71262,0.966259,1340.342062,0,0,5.869778500000001,6.2579218,6.586884059999999,6.785069,0.062083,0.09163429999999999,0.11585437999999999,0.122815,0.01713,0.017921199999999998,0.01873528999999997,0.027463,0.006898,0.0090686,0.010719249999999923,0.026185,0.052999500000000005,0.060559049999999996,0.07011359,0.081499,0.100305,0.10880884999999997,0.11846838999999994,0.138296,0.1562405,0.1994926,0.22183474999999997,0.232204,0.263805,0.30459325,0.32845725,0.37887,5.526135,5.893415650000001,6.1943059599999994,6.334717,0.0892495,0.1098737,0.1295407699999997,0.205093,1.876381180994625,153.375,0.08007599235557622,1
offline_replay_rms_02,offline_replay,rms,2,194,0,1,617.9487792856661,0,5.051329,0.429462,1343.680434,0,0,5.469638,5.7499166,6.0773255899999965,6.835507,0.036231,0.04123495,0.04527930999999996,0.053,0.0,0.0,0.0,0.0,0.0,0.0,0.0,0.0,0.001445,0.0017535999999999997,0.0018725899999999997,0.00198,0.08855550000000001,0.0973272,0.10356156,0.108038,0.051833500000000005,0.059541949999999996,0.06712260999999999,0.071704,0.1452405,0.16317534999999997,0.17145240999999997,0.18176,5.254196,5.531079500000001,5.838632749999996,6.554655,0.0512495,0.09540364999999999,0.10138404999999999,0.105815,1.651918083734917,142.125,0.08147365564267249,1
offline_replay_tflite_autoencoder_03,offline_replay,tflite_autoencoder,3,194,0,51,617.9487792856661,0,11.768318,0.9905,1348.055779,0,0,5.8890265,6.1458531,6.23642596,6.782446,0.0640375,0.08188474999999998,0.0992323299999999,0.120574,0.017703,0.018713399999999998,0.01969151,0.019871,0.006926,0.00908755,0.009668389999999997,0.010148,0.0545,0.062044249999999995,0.06821540999999999,0.073834,0.1034535,0.11447909999999999,0.11921525999999999,0.122556,0.1609255,0.18870725,0.21518795,0.22537,0.27255549999999995,0.3002381,0.32339868999999993,0.338408,5.530124,5.7590584,5.83892017,6.349113,0.089056,0.11251514999999998,0.13684269,0.227982,1.9935055530673849,153.390625,0.07712109398744463,1
offline_replay_rms_03,offline_replay,rms,3,194,0,1,617.9487792856661,0,4.981536,0.427352,1318.005302,0,0,5.8846725,6.340629799999999,6.55769627,7.518566,0.0453615,0.050768749999999994,0.05661653999999998,0.066389,0.0,0.0,0.0,0.0,0.0,0.0,0.0,0.0,0.001538,0.00179635,0.00189026,0.001907,0.104111,0.11764184999999999,0.1270841999999999,0.156666,0.065083,0.07232854999999999,0.07756712999999998,0.091667,0.17405549999999997,0.19467515,0.20455437999999992,0.287685,5.612057999999999,6.05995885,6.2549313,7.213474,0.0930925,0.12344794999999997,0.1545141799999999,0.248945,2.043477162157787,142.125,0.08648133794793916,1
offline_replay_isolation_forest_03,offline_replay,isolation_forest,3,194,0,0,617.9487792856661,0,995.912517,261.665079,2578.774783,0,0,27.1576085,27.99098795,29.324903729999992,32.462339,21.314083500000002,21.8982527,22.956681539999998,23.283434,0.0,0.0,0.0,0.0,0.0,0.0,0.0,0.0,0.0075185,0.00895795,0.010274859999999962,0.018981,0.103611,0.11298949999999999,0.12031868999999998,0.133445,21.342297,21.92680875,22.988978099999997,23.315694,21.453232,22.0395855,23.127328869999996,23.437379,5.576903,6.1111352,6.7030657399999996,9.14196,0.1004075,0.11686049999999999,0.12473412999999998,0.215222,5.060908397366536,238.484375,0.11642974938060902,1
