name,phase,pwm_percent,start_s,end_s,xyz_points,host_rate_xyz_per_s,mean_x_g,mean_y_g,mean_z_g,std_x_g,std_y_g,std_z_g,ac_rms_x_g,ac_rms_y_g,ac_rms_z_g,min_x_g,min_y_g,min_z_g,max_x_g,max_y_g,max_z_g,vector_ac_rms_g,magnitude_ac_rms_g,mean_vector_norm_g
PRE_1,standstill_before,0.0,0,5,1034,206.60524442620348,-0.15346914893617006,0.014211992263055964,-1.0921848162475858,0.006658011408079742,0.005845634461641252,0.009413936313775058,0.006658011408079742,0.005845634461641252,0.009413936313775058,-0.1716,-0.0039,-1.1193,-0.1326,0.039,-1.0295999999999998,0.012927596647832894,0.009204571835329658,1.1030060893943652
PRE_1,standstill_before,0.0,5,10,1033,206.7166496802501,-0.1535875121006778,0.014573088092933045,-1.0927701839303021,0.006563433045723128,0.005707478140737199,0.009417737876147653,0.006563433045723128,0.005707478140737199,0.009417737876147653,-0.1794,-0.0039,-1.1232,-0.1326,0.039,-1.0491,0.012819818515739998,0.009177888051935815,1.1036068927190092
PRE_1,standstill_before,0.0,10,15,1034,206.67640483603955,-0.15347292069632512,0.014340232108317075,-1.0921584139265024,0.0065357018168945855,0.0057557158827813565,0.009314671555585446,0.0065357018168945855,0.0057557158827813565,0.009314671555585446,-0.1755,-0.011699999999999999,-1.1232,-0.12869999999999998,0.0351,-1.0569,0.012751735950492888,0.009141518595415031,1.102982130750283
PRE_1,standstill_before,0.0,15,20,1033,206.69151477742253,-0.15342139399806387,0.014312584704743319,-1.0922000968054248,0.006596651824079721,0.005855262681019129,0.0087823113822187,0.006596651824079721,0.005855262681019129,0.0087823113822187,-0.1755,-0.0039,-1.1232,-0.12869999999999998,0.039,-1.0647,0.012447044210017013,0.00858693724475884,1.1030158773467493
PRE_1,standstill_before,0.0,20,25,1034,206.74693417778306,-0.1533484526112186,0.014117698259187468,-1.0923620889748578,0.006630866988962869,0.005918906052692203,0.009771540896753085,0.006630866988962869,0.005918906052692203,0.009771540896753085,-0.1716,-0.011699999999999999,-1.1271,-0.12869999999999998,0.0351,-1.0569,0.013209271644675651,0.00953825264852007,1.1031636282763801
PRE_1,standstill_before,0.0,25,30,1032,206.68830877695294,-0.153630523255814,0.014315116279069628,-1.0929372093023269,0.00649023629524104,0.005655266478245538,0.009038030714085326,0.00649023629524104,0.005655266478245538,0.009038030714085326,-0.1794,-0.0039,-1.1271,-0.1326,0.0351,-1.0608,0.012481634720531662,0.008798508137433976,1.1037748881486191
PRE_2,standstill_before,0.0,0,5,1034,206.61446731029264,-0.15382369439071555,0.014159187620889597,-1.0921433268858827,0.006437232237951798,0.005666549658010066,0.009338573472561519,0.006437232237951798,0.005666549658010066,0.009338573472561519,-0.1755,0.0,-1.1232,-0.12869999999999998,0.039,-1.0257,0.012678986490033406,0.009126591801198842,1.1030137161483786
PRE_2,standstill_before,0.0,5,10,1033,206.6772770361435,-0.15387066795740562,0.01406718296224575,-1.0916790900290443,0.006575023970458956,0.005802209204924969,0.009276192781078864,0.006575023970458956,0.005802209204924969,0.009276192781078864,-0.1716,-0.0156,-1.1232,-0.1326,0.0351,-1.0569,0.012764964723083432,0.008996735070035417,1.1025594331829889
PRE_2,standstill_before,0.0,10,15,1034,206.64576674720288,-0.15348046421663458,0.01404980657640219,-1.092347001934239,0.006504780668451294,0.0059014885970275575,0.009015762883600202,0.006504780668451294,0.0059014885970275575,0.009015762883600202,-0.1794,-0.011699999999999999,-1.1349,-0.12869999999999998,0.039,-1.053,0.01258664846489356,0.008772381030002541,1.1031661808611195
PRE_2,standstill_before,0.0,15,20,1033,206.6978280066051,-0.15375740561471454,0.014244627299128591,-1.0922151984511144,0.006521474382309342,0.005676250405465488,0.00933934993956362,0.006521474382309342,0.005676250405465488,0.00933934993956362,-0.1755,-0.0039,-1.1232,-0.12869999999999998,0.039,-1.0608,0.012726857588512996,0.00909552359516347,1.103076737546335
PRE_2,standstill_before,0.0,20,25,1034,206.68821142831453,-0.15363133462282408,0.014151644100580132,-1.0927053191489384,0.0065992266089143345,0.005541233008490102,0.00921535179201328,0.0065992266089143345,0.005541233008490102,0.00921535179201328,-0.1794,-0.0039,-1.1193,-0.1326,0.0429,-1.053,0.012616567034686752,0.00895828983424468,1.1035432798513718
PRE_2,standstill_before,0.0,25,30,1032,206.70481329614384,-0.15389127906976743,0.014197965116278933,-1.092491279069769,0.006687339182419626,0.005602431100097656,0.009431610296369552,0.006687339182419626,0.005602431100097656,0.009431610296369552,-0.1755,-0.0039,-1.1349,-0.1326,0.0351,-1.0608,0.012847685097115766,0.009194747646804178,1.1033681628679848
PWM50_1,operating50,50.0,0,5,1035,206.9930311442005,-0.15435333333333343,0.015279710144927447,-1.0917663768115953,0.008683080109801882,0.006846854344057399,0.010199020977598318,0.008683080109801882,0.006846854344057399,0.010199020977598318,-0.1833,-0.0156,-1.1271,-0.1248,0.0429,-1.0257,0.015043115485279802,0.010081866290398428,1.1027294512207164
PWM50_1,operating50,50.0,5,10,1035,206.94282370059375,-0.1542817391304347,0.01538144927536218,-1.0916420289855095,0.0082532268536109,0.006600676573877431,0.009808254521207233,0.0082532268536109,0.006600676573877431,0.009808254521207233,-0.18719999999999998,-0.0039,-1.1232,-0.12869999999999998,0.0351,-1.0608,0.014418271098952226,0.009671772628933786,1.1025977341979811
PWM50_1,operating50,50.0,10,15,1035,206.97375517117695,-0.15404434782608706,0.015373913043478148,-1.091464927536235,0.008649384912077753,0.006515267513697857,0.009186405460494498,0.008649384912077753,0.006515267513697857,0.009186405460494498,-0.1794,-0.0078,-1.1232,-0.12869999999999998,0.039,-1.0647,0.014200373777366866,0.009010823693340213,1.1023890902676385
PWM50_1,operating50,50.0,15,20,1035,206.96047251447308,-0.15384086956521745,0.015618840579710061,-1.0915855072463791,0.008442191098773134,0.006472785287678118,0.010065603293903292,0.008442191098773134,0.006472785287678118,0.010065603293903292,-0.1794,-0.0078,-1.1271,-0.1248,0.0429,-1.0569,0.014645269188335973,0.009940821529016415,1.1024835059809155
PWM50_1,operating50,50.0,20,25,1034,206.97686015534114,-0.15406508704061883,0.015758413926498932,-1.091637911025148,0.008385718819406536,0.00650912703940588,0.009615236834763926,0.008385718819406536,0.00650912703940588,0.009615236834763926,-0.18719999999999998,-0.0078,-1.1232,-0.1248,0.039,-1.0491,0.01432277187983791,0.009485903119801147,1.1025686860425798
PWM50_1,operating50,50.0,25,30,1033,206.92530894908052,-0.15418780251694067,0.015599999999999895,-1.091920716360119,0.008512152141899702,0.00661958723338307,0.01025801585699001,0.008512152141899702,0.00661958723338307,0.01025801585699001,-0.18719999999999998,-0.011699999999999999,-1.1427,-0.1326,0.0429,-1.0569,0.01488296202203962,0.01011412901837017,1.1028635859712652
PWM50_2,operating50,50.0,0,5,1035,206.87725073758057,-0.15464347826086955,0.015656521739130316,-1.091672173913045,0.008465666007183332,0.006918131570260872,0.010238856490381308,0.008465666007183332,0.006918131570260872,0.010238856490381308,-0.1833,-0.011699999999999999,-1.131,-0.12869999999999998,0.0429,-1.0334999999999999,0.014978725833636288,0.010108108157106669,1.1026821243393863
PWM50_2,operating50,50.0,5,10,1035,206.90984674097405,-0.15447014492753616,0.01567536231884049,-1.091261449275366,0.00877755412975249,0.006914764832936264,0.00984310503551498,0.00877755412975249,0.006914764832936264,0.00984310503551498,-0.1794,-0.0078,-1.1271,-0.1248,0.0429,-1.0608,0.014891143204459724,0.009670059272504005,1.102251465561436
PWM50_2,operating50,50.0,10,15,1034,206.99676801017492,-0.153993423597679,0.015354835589941865,-1.0913550290135419,0.008981817829843529,0.006976652194525354,0.010485805955983857,0.008981817829843529,0.006976652194525354,0.010485805955983857,-0.1833,-0.0078,-1.131,-0.1209,0.0429,-1.053,0.015469287440551913,0.010286172314751508,1.102272899440278
PWM50_2,operating50,50.0,15,20,1035,206.91567782362958,-0.1543910144927537,0.015524637681159326,-1.0914837681159435,0.009048042809411844,0.006984546208472704,0.010098076887001489,0.009048042809411844,0.006984546208472704,0.010098076887001489,-0.1833,-0.011699999999999999,-1.1427,-0.1209,0.046799999999999994,-1.0569,0.015251954669321367,0.009949389851105446,1.1024583510463384
PWM50_2,operating50,50.0,20,25,1035,206.92872812693753,-0.15435333333333323,0.015430434782608575,-1.0916344927536246,0.008565505250318682,0.006680668723531554,0.00968736806903809,0.008565505250318682,0.006680668723531554,0.00968736806903809,-0.18719999999999998,-0.0078,-1.131,-0.11699999999999999,0.046799999999999994,-1.0608,0.014554872548113525,0.009561285201776858,1.102600977506439
PWM50_2,operating50,50.0,25,30,1033,206.9210014233798,-0.15428596321393998,0.015871829622458734,-1.0911316553727037,0.008335179906409907,0.006458569297363121,0.009297425705671438,0.008335179906409907,0.006458569297363121,0.009297425705671438,-0.1833,-0.0039,-1.131,-0.1248,0.0351,-1.053,0.014058110335089165,0.009110290016673484,1.102099978575807
PWM75_1,operating75,75.0,0,5,1035,206.89359642857343,-0.1543043478260867,0.015927826086956455,-1.0916081159420297,0.023332184866866286,0.013206187929221984,0.011464348932683607,0.023332184866866286,0.013206187929221984,0.011464348932683607,-0.21059999999999998,-0.0195,-1.1232,-0.09359999999999999,0.0702,-1.0257,0.029158627312236056,0.010694965447424853,1.1025750796169838
PWM75_1,operating75,75.0,5,10,1035,206.94019304096892,-0.15394637681159384,0.016063478260869513,-1.0912388405797109,0.02402226370555398,0.013328415740911257,0.011210962483888908,0.02402226370555398,0.013328415740911257,0.011210962483888908,-0.21059999999999998,-0.0195,-1.1232,-0.0897,0.0624,-1.053,0.02967156044964449,0.01019578556417178,1.1021613899320764
PWM75_1,operating75,75.0,10,15,1035,206.96264254467184,-0.15405565217391268,0.01619536231884054,-1.0913292753623203,0.023476727389534015,0.013314900945465807,0.011190502484326228,0.023476727389534015,0.013314900945465807,0.011190502484326228,-0.21059999999999998,-0.023399999999999997,-1.1349,-0.09749999999999999,0.058499999999999996,-1.053,0.02921764299120947,0.010204108500418094,1.1022681257254132
PWM75_1,operating75,75.0,15,20,1034,206.94452318748097,-0.15394816247582194,0.01594700193423592,-1.0916039651837532,0.02364818421245353,0.013288133174929382,0.011531788280680121,0.02364818421245353,0.013288133174929382,0.011531788280680121,-0.2067,-0.0195,-1.131,-0.10139999999999999,0.058499999999999996,-1.0491,0.02947529882412092,0.010562658540825222,1.1025214557573315
PWM75_1,operating75,75.0,20,25,1035,206.9341370666958,-0.15405942028985475,0.01662492753623182,-1.091227536231886,0.02369108019536798,0.013209988055067963,0.01162148290642545,0.02369108019536798,0.013209988055067963,0.01162148290642545,-0.2145,-0.0156,-1.1349,-0.09359999999999999,0.0624,-1.0491,0.029509827688123387,0.010540882152706633,1.1021743188018596
PWM75_1,operating75,75.0,25,30,1033,206.93251782372346,-0.15392729912875092,0.016219167473378447,-1.0923888673765747,0.02328811483378769,0.013273586305206623,0.011737523992815753,0.02328811483378769,0.013273586305206623,0.011737523992815753,-0.2145,-0.0195,-1.1388,-0.09359999999999999,0.054599999999999996,-1.0569,0.029262499131061562,0.010724603435383675,1.1032996475930177
PWM75_2,operating75,75.0,0,5,1035,206.87891226467627,-0.15414231884057944,0.01622550724637676,-1.091246376811596,0.023308812922162466,0.013074045040774815,0.0117052444546054,0.023308812922162466,0.013074045040774815,0.0117052444546054,-0.21059999999999998,-0.0195,-1.1388,-0.09749999999999999,0.058499999999999996,-1.0452,0.029176088862468325,0.010780043163406243,1.1021986102546986
PWM75_2,operating75,75.0,5,10,1035,206.95382637848277,-0.15443999999999986,0.016150144927536185,-1.09149507246377,0.02334920089871803,0.013314638614257234,0.011176878517750155,0.02334920089871803,0.013314638614257234,0.011176878517750155,-0.2145,-0.023399999999999997,-1.1271,-0.10139999999999999,0.058499999999999996,-1.0569,0.029109919227601994,0.010301820998600142,1.1024853894695705
PWM75_2,operating75,75.0,10,15,1034,206.95099182083226,-0.15432156673114097,0.016426015473887747,-1.0913965183752412,0.023268715955681918,0.013566830432788004,0.011231235262361871,0.023268715955681918,0.013566830432788004,0.011231235262361871,-0.21839999999999998,-0.023399999999999997,-1.131,-0.09359999999999999,0.0624,-1.0569,0.02918274619936836,0.01054049540972942,1.1023753082613474
PWM75_2,operating75,75.0,15,20,1035,206.92384603247368,-0.15402550724637668,0.01603333333333327,-1.0923994202898561,0.023547343339873638,0.013212048373443917,0.011127128343430813,0.023547343339873638,0.013212048373443917,0.011127128343430813,-0.21059999999999998,-0.023399999999999997,-1.1232,-0.10139999999999999,0.0624,-1.0569,0.029203571455547923,0.010116694330709195,1.1033210856817226
PWM75_2,operating75,75.0,20,25,1035,206.94100318439877,-0.15440231884057956,0.01623681159420284,-1.0921243478260887,0.024149867713198908,0.01353141085360806,0.011473573351150583,0.024149867713198908,0.01353141085360806,0.011473573351150583,-0.2145,-0.0312,-1.1349,-0.0897,0.0624,-1.0569,0.029965948603346133,0.010573878404030757,1.103104392715691
PWM75_2,operating75,75.0,25,30,1033,206.95630533691238,-0.15451248789932234,0.01605682478218775,-1.0912486931268162,0.023667072246443807,0.013535489702848562,0.011262469296393122,0.023667072246443807,0.013535489702848562,0.011262469296393122,-0.2067,-0.0195,-1.131,-0.09359999999999999,0.0624,-1.0491,0.02949886446740806,0.010373974982724375,1.1022502623224493
POST_1,standstill_after,0.0,0,5,1034,206.7452828046608,-0.15398210831721465,0.014566537717601401,-1.0921320116054178,0.006969556554932818,0.00573174523914737,0.009589752671555452,0.006969556554932818,0.00573174523914737,0.009589752671555452,-0.1716,-0.0039,-1.1271,-0.1248,0.0351,-1.0218,0.013167800817163833,0.009382108797419754,1.1030299200276432
POST_1,standstill_after,0.0,5,10,1034,206.68162948827495,-0.15388404255319177,0.01474381044487413,-1.0919698259187656,0.006489134401638001,0.005838252218098747,0.008869467031577554,0.006489134401638001,0.005838252218098747,0.008869467031577554,-0.1833,-0.011699999999999999,-1.1193,-0.1326,0.039,-1.0647,0.0124443360477326,0.008672346622041326,1.1028580050106207
POST_1,standstill_after,0.0,10,15,1034,206.68640070271294,-0.15350686653771797,0.01471740812379095,-1.0921659574468106,0.006647931372643635,0.005878275798022152,0.009252744989856686,0.006647931372643635,0.005878275798022152,0.009252744989856686,-0.1833,-0.0039,-1.1193,-0.12869999999999998,0.046799999999999994,-1.0569,0.012820390311543185,0.009010930011880643,1.1029992922852758
POST_1,standstill_after,0.0,15,20,1033,206.75470862622475,-0.15373475314617638,0.014478702807357092,-1.092022652468541,0.006549708828098208,0.005911790396645013,0.009320499112698393,0.006549708828098208,0.005911790396645013,0.009320499112698393,-0.1755,-0.0039,-1.1193,-0.1326,0.039,-1.0608,0.012834315530504292,0.009102776149347304,1.1028859780885454
POST_1,standstill_after,0.0,20,25,1034,206.73140778570206,-0.15397833655705997,0.014717408123790939,-1.092675145067699,0.006565220679569682,0.005710728870289101,0.009943837026262758,0.006565220679569682,0.005710728870289101,0.009943837026262758,-0.1755,-0.0078,-1.131,-0.12869999999999998,0.0351,-1.0569,0.013213418997605263,0.009704889813756343,1.1035691654261996
POST_1,standstill_after,0.0,25,30,1032,206.74758984709018,-0.1540386627906979,0.014368023255813805,-1.0921322674418639,0.0066071877230195345,0.0057803265619037385,0.009381620426954574,0.0066071877230195345,0.0057803265619037385,0.009381620426954574,-0.1755,-0.0039,-1.131,-0.12869999999999998,0.0351,-1.0608,0.012848420393376024,0.009133218731868746,1.1030354660274224
POST_2,standstill_after,0.0,0,5,1034,206.72066988351378,-0.1537105415860738,0.014411895551257117,-1.0920264023210864,0.006572515828065126,0.005940498295981958,0.009353013830543896,0.006572515828065126,0.005940498295981958,0.009353013830543896,-0.1755,-0.011699999999999999,-1.1232,-0.12869999999999998,0.039,-1.0295999999999998,0.01288279286603167,0.00916371152539418,1.1028854413285178
POST_2,standstill_after,0.0,5,10,1033,206.72409753352773,-0.1536328170377545,0.014675024201355129,-1.0923473378509216,0.005867817745491753,0.005577674313695288,0.008771848130881992,0.005867817745491753,0.005577674313695288,0.008771848130881992,-0.1716,-0.0039,-1.1232,-0.1326,0.0351,-1.0647,0.011936794187520456,0.008558394246515656,1.1031958599071436
POST_2,standstill_after,0.0,10,15,1034,206.7361126998099,-0.15335599613152817,0.014826789168278377,-1.092569535783368,0.006767787497062893,0.005884918923404732,0.008965972120789168,0.006767787497062893,0.005884918923404732,0.008965972120789168,-0.1755,-0.0078,-1.131,-0.12869999999999998,0.039,-1.0608,0.012681635320857369,0.008753562465683304,1.103379393385801
POST_2,standstill_after,0.0,15,20,1034,206.74322658014276,-0.15307311411992292,0.014619342359767752,-1.0928599613152836,0.006492530492635996,0.005686953846738738,0.008946901303721971,0.006492530492635996,0.005686953846738738,0.008946901303721971,-0.1755,-0.0078,-1.1154,-0.1248,0.0351,-1.0647,0.012431469711634535,0.008709973437284291,1.1036249356024204
POST_2,standstill_after,0.0,20,25,1033,206.72440438016253,-0.15313823814133615,0.014410745401742349,-1.0921774443368848,0.006610451081279081,0.005739077401058029,0.00939202172455894,0.006610451081279081,0.005739077401058029,0.00939202172455894,-0.1755,-0.0039,-1.131,-0.1326,0.039,-1.0569,0.01283920344055291,0.009151513283498782,1.1029553751092178
POST_2,standstill_after,0.0,25,30,1032,206.71799336897357,-0.15324127906976776,0.014662790697674262,-1.0929561046511644,0.006573231002014224,0.00559555568060912,0.00918408114370535,0.006573231002014224,0.00559555568060912,0.00918408114370535,-0.1755,0.0,-1.1193,-0.12869999999999998,0.039,-1.0569,0.012604164218019456,0.008948297603650126,1.1037440526391205
