sample_index,window_index,host_monotonic_ns,host_utc_ns,x_g,y_g,z_g,gap,overrun,saturated,diagnostics_json
1,1,4919155180020,1789812709479041647,-0.5889,-0.6708,0.0858,0,0,0,"{""sensor_sample_index"":0}"
2,1,4919159251593,1789812709483116905,-0.624,-0.7098,0.156,0,0,0,"{""sensor_sample_index"":1}"
3,1,4919165426221,1789812709489285385,-0.6513,-0.6941999999999999,0.1638,0,0,0,"{""sensor_sample_index"":2}"
4,1,4919169325720,1789812709493142551,-0.6162,-0.7176,0.12869999999999998,0,0,0,"{""sensor_sample_index"":3}"
5,1,4919173066867,1789812709496882846,-0.624,-0.7176,0.0897,0,0,0,"{""sensor_sample_index"":4}"
6,1,4919178705051,1789812709502520160,-0.6356999999999999,-0.7137,0.0702,0,0,0,"{""sensor_sample_index"":5}"
7,1,4919184444031,1789812709508290047,-0.6356999999999999,-0.702,0.09359999999999999,0,0,0,"{""sensor_sample_index"":6}"
8,1,4919188577345,1789812709512432916,-0.6435,-0.7137,0.1209,0,0,0,"{""sensor_sample_index"":7}"
9,1,4919192461214,1789812709516271341,-0.6201,-0.7253999999999999,0.11309999999999999,0,0,0,"{""sensor_sample_index"":8}"
10,1,4919198201120,1789812709522048636,-0.6201,-0.7137,0.0624,0,0,0,"{""sensor_sample_index"":9}"
11,1,4919202122878,1789812709525944691,-0.6317999999999999,-0.7098,0.023399999999999997,0,0,0,"{""sensor_sample_index"":10}"
12,1,4919208047340,1789812709531904282,-0.6317999999999999,-0.7098,0.050699999999999995,0,0,0,"{""sensor_sample_index"":11}"
13,1,4919211992653,1789812709535874929,-0.6123,-0.7098,0.1209,0,0,0,"{""sensor_sample_index"":12}"
14,1,4919217834874,1789812709541660131,-0.624,-0.702,0.15209999999999999,0,0,0,"{""sensor_sample_index"":13}"
15,1,4919221605558,1789812709545416593,-0.6279,-0.7098,0.13649999999999998,0,0,0,"{""sensor_sample_index"":14}"
16,1,4919227262594,1789812709551075832,-0.6396,-0.7098,0.0702,0,0,0,"{""sensor_sample_index"":15}"
17,1,4919230985741,1789812709554792776,-0.6123,-0.7137,0.0897,0,0,0,"{""sensor_sample_index"":16}"
18,1,4919236679314,1789812709560532959,-0.6356999999999999,-0.7059,0.1755,0,0,0,"{""sensor_sample_index"":17}"
19,1,4919240649831,1789812709564471977,-0.624,-0.7137,0.1794,0,0,0,"{""sensor_sample_index"":18}"
20,1,4919246320682,1789812709570134494,-0.6435,-0.7059,0.1248,0,0,0,"{""sensor_sample_index"":19}"
21,1,4919251954773,1789812709575760492,-0.6162,-0.7253999999999999,0.050699999999999995,0,0,0,"{""sensor_sample_index"":20}"
22,1,4919255728198,1789812709579575621,-0.6396,-0.7098,0.050699999999999995,0,0,0,"{""sensor_sample_index"":21}"
23,1,4919261787529,1789812709585626083,-0.6279,-0.702,0.11309999999999999,0,0,0,"{""sensor_sample_index"":22}"
24,1,4919265620936,1789812709589432915,-0.6668999999999999,-0.6980999999999999,0.10919999999999999,0,0,0,"{""sensor_sample_index"":23}"
25,1,4919271275101,1789812709595084284,-0.6044999999999999,-0.7332,0.0819,0,0,0,"{""sensor_sample_index"":24}"
26,1,4919275024563,1789812709598831394,-0.6162,-0.7176,0.0429,0,0,0,"{""sensor_sample_index"":25}"
27,1,4919280630099,1789812709604438133,-0.6279,-0.702,0.0312,0,0,0,"{""sensor_sample_index"":26}"
28,1,4919284336987,1789812709608143503,-0.6317999999999999,-0.702,0.10529999999999999,0,0,0,"{""sensor_sample_index"":27}"
29,1,4919290246559,1789812709614093020,-0.6317999999999999,-0.7059,0.11309999999999999,0,0,0,"{""sensor_sample_index"":28}"
30,1,4919294093577,1789812709617901741,-0.6201,-0.7214999999999999,0.1638,0,0,0,"{""sensor_sample_index"":29}"
31,1,4919299702520,1789812709623512295,-0.6083999999999999,-0.7137,0.1248,0,0,0,"{""sensor_sample_index"":30}"
32,1,4919303435926,1789812709627247035,-0.6435,-0.702,0.0741,0,0,0,"{""sensor_sample_index"":31}"
33,1,4919309315128,1789812709633169996,-0.624,-0.7098,0.0741,0,0,0,"{""sensor_sample_index"":32}"
34,1,4919313205461,1789812709637013495,-0.6123,-0.7214999999999999,0.1326,0,0,0,"{""sensor_sample_index"":33}"
35,1,4919318823163,1789812709642631531,-0.6123,-0.7098,0.1638,0,0,0,"{""sensor_sample_index"":34}"
36,1,4919324458976,1789812709648269178,-0.6317999999999999,-0.7059,0.10529999999999999,0,0,0,"{""sensor_sample_index"":35}"
37,1,4919328215549,1789812709652028084,-0.6317999999999999,-0.7214999999999999,0.046799999999999994,0,0,0,"{""sensor_sample_index"":36}"
38,1,4919333852511,1789812709657659508,-0.624,-0.7214999999999999,0.046799999999999994,0,0,0,"{""sensor_sample_index"":37}"
39,1,4919337775214,1789812709661629081,-0.6356999999999999,-0.6980999999999999,0.13649999999999998,0,0,0,"{""sensor_sample_index"":38}"
40,1,4919343584842,1789812709667399321,-0.6435,-0.6941999999999999,0.1248,0,0,0,"{""sensor_sample_index"":39}"
41,1,4919347374693,1789812709671193820,-0.6356999999999999,-0.6980999999999999,0.09359999999999999,0,0,0,"{""sensor_sample_index"":40}"
42,1,4919353034950,1789812709676851189,-0.6123,-0.7176,0.0702,0,0,0,"{""sensor_sample_index"":41}"
43,1,4919356902098,1789812709680761169,-0.6201,-0.7059,0.0624,0,0,0,"{""sensor_sample_index"":42}"
44,1,4919362758133,1789812709686578038,-0.6201,-0.7137,0.1248,0,0,0,"{""sensor_sample_index"":43}"
45,1,4919366493391,1789812709690301296,-0.6435,-0.6980999999999999,0.1404,0,0,0,"{""sensor_sample_index"":44}"
46,1,4919372092038,1789812709695898017,-0.5967,-0.7176,0.12869999999999998,0,0,0,"{""sensor_sample_index"":45}"
47,1,4919375834963,1789812709699649609,-0.6279,-0.7098,0.10529999999999999,0,0,0,"{""sensor_sample_index"":46}"
48,1,4919381451480,1789812709705257626,-0.6317999999999999,-0.7059,0.0624,0,0,0,"{""sensor_sample_index"":47}"
49,1,4919387271164,1789812709711126050,-0.6356999999999999,-0.7137,0.0897,0,0,0,"{""sensor_sample_index"":48}"
50,1,4919391325644,1789812709715176271,-0.6279,-0.7332,0.1326,0,0,0,"{""sensor_sample_index"":49}"
51,1,4919395231791,1789812709719056159,-0.624,-0.7098,0.14429999999999998,0,0,0,"{""sensor_sample_index"":50}"
52,1,4919400976679,1789812709724796658,-0.6006,-0.702,0.0897,0,0,0,"{""sensor_sample_index"":51}"
53,1,4919404747252,1789812709728564731,-0.6552,-0.7098,0.0312,0,0,0,"{""sensor_sample_index"":52}"
54,1,4919410620658,1789812709734473211,-0.6317999999999999,-0.7098,0.058499999999999996,0,0,0,"{""sensor_sample_index"":53}"
55,1,4919414484972,1789812709738292710,-0.6317999999999999,-0.7059,0.11699999999999999,0,0,0,"{""sensor_sample_index"":54}"
56,1,4919420087137,1789812709743896245,-0.6279,-0.7059,0.15209999999999999,0,0,0,"{""sensor_sample_index"":55}"
57,1,4919425770043,1789812709749584633,-0.6396,-0.7059,0.1209,0,0,0,"{""sensor_sample_index"":56}"
58,1,4919429494153,1789812709753302187,-0.6006,-0.7214999999999999,0.0429,0,0,0,"{""sensor_sample_index"":57}"
59,1,4919435119096,1789812709758941853,-0.6317999999999999,-0.7098,0.0702,0,0,0,"{""sensor_sample_index"":58}"
60,1,4919439087521,1789812709762939518,-0.6201,-0.6941999999999999,0.15209999999999999,0,0,0,"{""sensor_sample_index"":59}"
61,1,4919444889242,1789812709768707109,-0.6317999999999999,-0.7059,0.1599,0,0,0,"{""sensor_sample_index"":60}"
62,1,4919448629611,1789812709772440386,-0.6356999999999999,-0.702,0.1404,0,0,0,"{""sensor_sample_index"":61}"
63,1,4919454268276,1789812709778082255,-0.6279,-0.7098,0.078,0,0,0,"{""sensor_sample_index"":62}"
64,1,4919458230849,1789812709782089550,-0.6396,-0.6980999999999999,0.0624,0,0,0,"{""sensor_sample_index"":63}"
65,1,4919464028644,1789812709787838919,-0.6317999999999999,-0.7176,0.1248,0,0,0,"{""sensor_sample_index"":64}"
66,1,4919467747402,1789812709791556511,-0.6474,-0.702,0.1248,0,0,0,"{""sensor_sample_index"":65}"
67,1,4919473352253,1789812709797161621,-0.6044999999999999,-0.7137,0.11699999999999999,0,0,0,"{""sensor_sample_index"":66}"
68,1,4919477060604,1789812709800869657,-0.6123,-0.7098,0.0702,0,0,0,"{""sensor_sample_index"":67}"
69,1,4919482637195,1789812709806439952,-0.6317999999999999,-0.7098,0.039,0,0,0,"{""sensor_sample_index"":68}"
70,1,4919488407119,1789812709812255857,-0.6435,-0.7137,0.0819,0,0,0,"{""sensor_sample_index"":69}"
71,1,4919492258174,1789812709816065394,-0.6162,-0.7293,0.12869999999999998,0,0,0,"{""sensor_sample_index"":70}"
72,1,4919497866061,1789812709821680392,-0.6279,-0.7059,0.13649999999999998,0,0,0,"{""sensor_sample_index"":71}"
73,1,4919501589579,1789812709825397576,-0.6044999999999999,-0.7059,0.11309999999999999,0,0,0,"{""sensor_sample_index"":72}"
74,1,4919507423392,1789812709831284741,-0.6435,-0.7098,0.0663,0,0,0,"{""sensor_sample_index"":73}"
75,1,4919511375780,1789812709835205407,-0.6201,-0.7371,0.078,0,0,0,"{""sensor_sample_index"":74}"
76,1,4919517117278,1789812709840937257,-0.6201,-0.7098,0.1209,0,0,0,"{""sensor_sample_index"":75}"
77,1,4919520852722,1789812709844661719,-0.6201,-0.6980999999999999,0.1755,0,0,0,"{""sensor_sample_index"":76}"
78,1,4919526476517,1789812709850285977,-0.6552,-0.7059,0.1404,0,0,0,"{""sensor_sample_index"":77}"
79,1,4919530195757,1789812709854001273,-0.6044999999999999,-0.7214999999999999,0.078,0,0,0,"{""sensor_sample_index"":78}"
80,1,4919535868181,1789812709859701697,-0.6317999999999999,-0.6864,0.054599999999999996,0,0,0,"{""sensor_sample_index"":79}"
81,1,4919539986310,1789812709863837974,-0.6435,-0.6980999999999999,0.1248,0,0,0,"{""sensor_sample_index"":80}"
82,1,4919545739845,1789812709869556491,-0.6474,-0.6786,0.13649999999999998,0,0,0,"{""sensor_sample_index"":81}"
83,1,4919549473159,1789812709873279805,-0.6201,-0.7253999999999999,0.13649999999999998,0,0,0,"{""sensor_sample_index"":82}"
84,1,4919555108491,1789812709878929007,-0.6356999999999999,-0.7098,0.0897,0,0,0,"{""sensor_sample_index"":83}"
85,1,4919560971804,1789812709884819617,-0.6162,-0.7137,0.0429,0,0,0,"{""sensor_sample_index"":84}"
86,1,4919564831322,1789812709888649319,-0.6356999999999999,-0.7098,0.0897,0,0,0,"{""sensor_sample_index"":85}"
87,1,4919570496339,1789812709894301262,-0.6435,-0.7098,0.1209,0,0,0,"{""sensor_sample_index"":86}"
88,1,4919574193208,1789812709897999169,-0.6006,-0.7214999999999999,0.11699999999999999,0,0,0,"{""sensor_sample_index"":87}"
89,1,4919579807040,1789812709903618871,-0.6162,-0.7098,0.078,0,0,0,"{""sensor_sample_index"":88}"
90,1,4919583553984,1789812709907360092,-0.6201,-0.7098,0.0624,0,0,0,"{""sensor_sample_index"":89}"
91,1,4919589441056,1789812709913298239,-0.6356999999999999,-0.7253999999999999,0.0741,0,0,0,"{""sensor_sample_index"":90}"
92,1,4919593495740,1789812709917353849,-0.624,-0.7137,0.1209,0,0,0,"{""sensor_sample_index"":91}"
93,1,4919599377535,1789812709923208903,-0.6279,-0.7059,0.1638,0,0,0,"{""sensor_sample_index"":92}"
94,1,4919603231923,1789812709927059717,-0.6201,-0.7059,0.11699999999999999,0,0,0,"{""sensor_sample_index"":93}"
95,1,4919609041588,1789812709932891604,-0.624,-0.7137,0.0624,0,0,0,"{""sensor_sample_index"":94}"
96,1,4919613001772,1789812709936834511,-0.6201,-0.7214999999999999,0.0702,0,0,0,"{""sensor_sample_index"":95}"
97,1,4919619128937,1789812709942983287,-0.6201,-0.702,0.1326,0,0,0,"{""sensor_sample_index"":96}"
98,1,4919623130047,1789812709946975934,-0.6123,-0.7176,0.1716,0,0,0,"{""sensor_sample_index"":97}"
99,1,4919627022324,1789812709950849025,-0.6435,-0.702,0.10919999999999999,0,0,0,"{""sensor_sample_index"":98}"
100,1,4919632724082,1789812709956534024,-0.6201,-0.7214999999999999,0.0663,0,0,0,"{""sensor_sample_index"":99}"
101,1,4919637467025,1789812709961340282,-0.6356999999999999,-0.702,0.0741,0,0,0,"{""sensor_sample_index"":100}"
102,1,4919641576746,1789812709965414781,-0.6396,-0.6902999999999999,0.10529999999999999,0,0,0,"{""sensor_sample_index"":101}"
103,1,4919647414319,1789812709971242057,-0.6552,-0.6864,0.10919999999999999,0,0,0,"{""sensor_sample_index"":102}"
104,1,4919651196003,1789812709975016130,-0.6083999999999999,-0.7253999999999999,0.10529999999999999,0,0,0,"{""sensor_sample_index"":103}"
105,1,4919656925983,1789812709980753833,-0.6201,-0.7137,0.0702,0,0,0,"{""sensor_sample_index"":104}"
106,1,4919660726890,1789812709984545313,-0.6356999999999999,-0.6941999999999999,0.0429,0,0,0,"{""sensor_sample_index"":105}"
107,1,4919666545833,1789812709990411867,-0.6317999999999999,-0.702,0.0897,0,0,0,"{""sensor_sample_index"":106}"
108,1,4919670753998,1789812709994615273,-0.6396,-0.7137,0.11699999999999999,0,0,0,"{""sensor_sample_index"":107}"
109,1,4919676579830,1789812710000399494,-0.6083999999999999,-0.7137,0.12869999999999998,0,0,0,"{""sensor_sample_index"":108}"
110,1,4919680332736,1789812710004141327,-0.6006,-0.7059,0.10139999999999999,0,0,0,"{""sensor_sample_index"":109}"
111,1,4919685964716,1789812710009775084,-0.6317999999999999,-0.7059,0.0624,0,0,0,"{""sensor_sample_index"":110}"
112,1,4919689678678,1789812710013485880,-0.6201,-0.7253999999999999,0.10529999999999999,0,0,0,"{""sensor_sample_index"":111}"
113,1,4919695333066,1789812710019159397,-0.624,-0.7137,0.11699999999999999,0,0,0,"{""sensor_sample_index"":112}"
114,1,4919699422083,1789812710023283988,-0.6162,-0.7059,0.15209999999999999,0,0,0,"{""sensor_sample_index"":113}"
115,1,4919705363526,1789812710029202450,-0.6279,-0.7176,0.10919999999999999,0,0,0,"{""sensor_sample_index"":114}"
116,1,4919709198525,1789812710033009078,-0.6279,-0.7214999999999999,0.0663,0,0,0,"{""sensor_sample_index"":115}"
117,1,4919714857431,1789812710038687503,-0.6356999999999999,-0.7176,0.0702,0,0,0,"{""sensor_sample_index"":116}"
118,1,4919718938930,1789812710042811743,-0.6474,-0.6941999999999999,0.11309999999999999,0,0,0,"{""sensor_sample_index"":117}"
119,1,4919724919577,1789812710048757815,-0.6201,-0.6941999999999999,0.12869999999999998,0,0,0,"{""sensor_sample_index"":118}"
120,1,4919728769131,1789812710052582870,-0.6396,-0.7059,0.0897,0,0,0,"{""sensor_sample_index"":119}"
121,1,4919734435815,1789812710058251220,-0.6279,-0.7293,0.058499999999999996,0,0,0,"{""sensor_sample_index"":120}"
122,1,4919738154055,1789812710061958886,-0.6201,-0.7059,0.058499999999999996,0,0,0,"{""sensor_sample_index"":121}"
123,1,4919743730220,1789812710067534718,-0.6279,-0.6980999999999999,0.11309999999999999,0,0,0,"{""sensor_sample_index"":122}"
124,1,4919747654904,1789812710071517087,-0.6513,-0.6980999999999999,0.11699999999999999,0,0,0,"{""sensor_sample_index"":123}"
125,1,4919753529107,1789812710077355734,-0.5967,-0.7253999999999999,0.11699999999999999,0,0,0,"{""sensor_sample_index"":124}"
126,1,4919757329143,1789812710081142585,-0.6123,-0.7098,0.0858,0,0,0,"{""sensor_sample_index"":125}"
127,1,4919762947623,1789812710086754491,-0.6201,-0.7059,0.0702,0,0,0,"{""sensor_sample_index"":126}"
128,1,4919766643788,1789812710090452582,-0.6474,-0.7098,0.10139999999999999,0,0,0,"{""sensor_sample_index"":127}"
129,2,4919772844231,1789812710096656895,-0.6162,-0.7098,0.10919999999999999,0,0,0,"{""sensor_sample_index"":128}"
130,2,4919776726601,1789812710100604320,-0.6279,-0.7098,0.1638,0,0,0,"{""sensor_sample_index"":129}"
131,2,4919782724358,1789812710106555985,-0.6123,-0.7253999999999999,0.11309999999999999,0,0,0,"{""sensor_sample_index"":130}"
132,2,4919786549672,1789812710110370336,-0.6396,-0.7214999999999999,0.058499999999999996,0,0,0,"{""sensor_sample_index"":131}"
133,2,4919792184967,1789812710115991502,-0.624,-0.7332,0.0702,0,0,0,"{""sensor_sample_index"":132}"
134,2,4919795951966,1789812710119843464,-0.6201,-0.7137,0.1326,0,0,0,"{""sensor_sample_index"":133}"
135,2,4919802105872,1789812710125955203,-0.6201,-0.7098,0.15209999999999999,0,0,0,"{""sensor_sample_index"":134}"
136,2,4919805984001,1789812710129806443,-0.6279,-0.7098,0.10529999999999999,0,0,0,"{""sensor_sample_index"":135}"
137,2,4919811635444,1789812710135442811,-0.6201,-0.7253999999999999,0.0663,0,0,0,"{""sensor_sample_index"":136}"
138,2,4919815346294,1789812710139156125,-0.6317999999999999,-0.7059,0.050699999999999995,0,0,0,"{""sensor_sample_index"":137}"
139,2,4919820950071,1789812710144754846,-0.6279,-0.6980999999999999,0.1326,0,0,0,"{""sensor_sample_index"":138}"
140,2,4919824624199,1789812710148430160,-0.6317999999999999,-0.6941999999999999,0.1326,0,0,0,"{""sensor_sample_index"":139}"
141,2,4919830549791,1789812710154404158,-0.6044999999999999,-0.7176,0.10529999999999999,0,0,0,"{""sensor_sample_index"":140}"
142,2,4919834441049,1789812710158251398,-0.6279,-0.7137,0.0663,0,0,0,"{""sensor_sample_index"":141}"
143,2,4919840074066,1789812710163886878,-0.624,-0.7059,0.0663,0,0,0,"{""sensor_sample_index"":142}"
144,2,4919843791843,1789812710167603729,-0.6317999999999999,-0.7098,0.11309999999999999,0,0,0,"{""sensor_sample_index"":143}"
145,2,4919849406767,1789812710173214413,-0.6474,-0.702,0.12869999999999998,0,0,0,"{""sensor_sample_index"":144}"
146,2,4919855085007,1789812710178901226,-0.6083999999999999,-0.7253999999999999,0.1248,0,0,0,"{""sensor_sample_index"":145}"
147,2,4919859057098,1789812710182910133,-0.6123,-0.7176,0.09749999999999999,0,0,0,"{""sensor_sample_index"":146}"
148,2,4919864845004,1789812710188667279,-0.6279,-0.702,0.058499999999999996,0,0,0,"{""sensor_sample_index"":147}"
149,2,4919868594985,1789812710192402075,-0.6356999999999999,-0.7137,0.0624,0,0,0,"{""sensor_sample_index"":148}"
150,2,4919874200076,1789812710198009555,-0.6162,-0.7176,0.11699999999999999,0,0,0,"{""sensor_sample_index"":149}"
151,2,4919878207556,1789812710202065109,-0.6396,-0.7098,0.1638,0,0,0,"{""sensor_sample_index"":150}"
152,2,4919884023851,1789812710207835274,-0.6162,-0.7253999999999999,0.10529999999999999,0,0,0,"{""sensor_sample_index"":151}"
153,2,4919887739665,1789812710211544885,-0.6474,-0.7098,0.054599999999999996,0,0,0,"{""sensor_sample_index"":152}"
154,2,4919893363812,1789812710217182568,-0.6317999999999999,-0.7253999999999999,0.0702,0,0,0,"{""sensor_sample_index"":153}"
155,2,4919897104533,1789812710220912234,-0.624,-0.7059,0.12869999999999998,0,0,0,"{""sensor_sample_index"":154}"
156,2,4919902694605,1789812710226500233,-0.6279,-0.7059,0.1482,0,0,0,"{""sensor_sample_index"":155}"
157,2,4919908493882,1789812710232353953,-0.6435,-0.7176,0.11699999999999999,0,0,0,"{""sensor_sample_index"":156}"
158,2,4919912420844,1789812710236231563,-0.6201,-0.7176,0.050699999999999995,0,0,0,"{""sensor_sample_index"":157}"
159,2,4919916134472,1789812710239946488,-0.624,-0.7137,0.054599999999999996,0,0,0,"{""sensor_sample_index"":158}"
160,2,4919921734767,1789812710245541931,-0.6396,-0.7059,0.12869999999999998,0,0,0,"{""sensor_sample_index"":159}"
161,2,4919927355803,1789812710251165856,-0.6513,-0.6941999999999999,0.11699999999999999,0,0,0,"{""sensor_sample_index"":160}"
162,2,4919931179765,1789812710255039651,-0.6083999999999999,-0.7059,0.10919999999999999,0,0,0,"{""sensor_sample_index"":161}"
163,2,4919937857356,1789812710261735872,-0.6317999999999999,-0.7137,0.0858,0,0,0,"{""sensor_sample_index"":162}"
164,2,4919942393058,1789812710266269167,-0.6317999999999999,-0.7176,0.0702,0,0,0,"{""sensor_sample_index"":163}"
165,2,4919947861538,1789812710271750480,-0.6474,-0.7098,0.0819,0,0,0,"{""sensor_sample_index"":164}"
166,2,4919950235686,1789812710274098720,-0.6317999999999999,-0.7176,0.13649999999999998,0,0,0,"{""sensor_sample_index"":165}"
167,2,4919956459888,1789812710280331793,-0.6123,-0.7137,0.1326,0,0,0,"{""sensor_sample_index"":166}"
168,2,4919960502794,1789812710284327384,-0.6083999999999999,-0.7176,0.0858,0,0,0,"{""sensor_sample_index"":167}"
169,2,4919966298404,1789812710290158013,-0.6317999999999999,-0.7137,0.054599999999999996,0,0,0,"{""sensor_sample_index"":168}"
170,2,4919970441366,1789812710294291178,-0.6474,-0.7176,0.0702,0,0,0,"{""sensor_sample_index"":169}"
171,2,4919974290087,1789812710298097696,-0.6162,-0.7137,0.1248,0,0,0,"{""sensor_sample_index"":170}"
172,2,4919979873567,1789812710303681157,-0.6201,-0.6941999999999999,0.1677,0,0,0,"{""sensor_sample_index"":171}"
173,2,4919985485418,1789812710309295026,-0.6162,-0.702,0.10139999999999999,0,0,0,"{""sensor_sample_index"":172}"
174,2,4919989190602,1789812710312997322,-0.6317999999999999,-0.7176,0.050699999999999995,0,0,0,"{""sensor_sample_index"":173}"
175,2,4919994782508,1789812710318596098,-0.6317999999999999,-0.7098,0.0663,0,0,0,"{""sensor_sample_index"":174}"
176,2,4919998759914,1789812710322608930,-0.6396,-0.6864,0.1248,0,0,0,"{""sensor_sample_index"":175}"
177,2,4920004563487,1789812710328382095,-0.6279,-0.6941999999999999,0.1326,0,0,0,"{""sensor_sample_index"":176}"
178,2,4920008319504,1789812710332130983,-0.6356999999999999,-0.7098,0.10919999999999999,0,0,0,"{""sensor_sample_index"":177}"
179,2,4920013959818,1789812710337770612,-0.624,-0.7176,0.058499999999999996,0,0,0,"{""sensor_sample_index"":178}"
180,2,4920017963594,1789812710341819870,-0.6317999999999999,-0.7098,0.0702,0,0,0,"{""sensor_sample_index"":179}"
181,2,4920023846426,1789812710347667794,-0.624,-0.7098,0.10529999999999999,0,0,0,"{""sensor_sample_index"":180}"
182,2,4920027631425,1789812710351442553,-0.6513,-0.6980999999999999,0.1326,0,0,0,"{""sensor_sample_index"":181}"
183,2,4920033260794,1789812710357073662,-0.5928,-0.7214999999999999,0.1209,0,0,0,"{""sensor_sample_index"":182}"
184,2,4920036990979,1789812710360799698,-0.6317999999999999,-0.702,0.0819,0,0,0,"{""sensor_sample_index"":183}"
185,2,4920042598588,1789812710366407419,-0.6201,-0.7059,0.058499999999999996,0,0,0,"{""sensor_sample_index"":184}"
186,2,4920048465124,1789812710372321343,-0.6435,-0.6980999999999999,0.09359999999999999,0,0,0,"{""sensor_sample_index"":185}"
187,2,4920052407845,1789812710376224454,-0.6201,-0.7059,0.11699999999999999,0,0,0,"{""sensor_sample_index"":186}"
188,2,4920056148807,1789812710379961101,-0.624,-0.7098,0.1482,0,0,0,"{""sensor_sample_index"":187}"
189,2,4920061753028,1789812710385562988,-0.6044999999999999,-0.7137,0.10529999999999999,0,0,0,"{""sensor_sample_index"":188}"
190,2,4920067368045,1789812710391177283,-0.6396,-0.7137,0.058499999999999996,0,0,0,"{""sensor_sample_index"":189}"
191,2,4920071082266,1789812710394892690,-0.6201,-0.7137,0.0624,0,0,0,"{""sensor_sample_index"":190}"
192,2,4920076782894,1789812710400636614,-0.6162,-0.7059,0.1326,0,0,0,"{""sensor_sample_index"":191}"
193,2,4920080753541,1789812710404582909,-0.6279,-0.6941999999999999,0.1482,0,0,0,"{""sensor_sample_index"":192}"
194,2,4920086444299,1789812710410256630,-0.6317999999999999,-0.7137,0.10529999999999999,0,0,0,"{""sensor_sample_index"":193}"
195,2,4920090144465,1789812710413947740,-0.6317999999999999,-0.7176,0.0429,0,0,0,"{""sensor_sample_index"":194}"
196,2,4920095784112,1789812710419625405,-0.624,-0.7059,0.050699999999999995,0,0,0,"{""sensor_sample_index"":195}"
197,2,4920099915148,1789812710423765219,-0.6474,-0.7098,0.12869999999999998,0,0,0,"{""sensor_sample_index"":196}"
198,2,4920105747702,1789812710429563218,-0.624,-0.7059,0.14429999999999998,0,0,0,"{""sensor_sample_index"":197}"
199,2,4920109473127,1789812710433280809,-0.624,-0.7137,0.0858,0,0,0,"{""sensor_sample_index"":198}"
200,2,4920115096144,1789812710438908512,-0.6083999999999999,-0.7059,0.0741,0,0,0,"{""sensor_sample_index"":199}"
201,2,4920118811569,1789812710442617437,-0.6356999999999999,-0.702,0.0624,0,0,0,"{""sensor_sample_index"":200}"
202,2,4920124405475,1789812710448211750,-0.6396,-0.7176,0.10919999999999999,0,0,0,"{""sensor_sample_index"":201}"
203,2,4920130279455,1789812710454123915,-0.6591,-0.6941999999999999,0.1209,0,0,0,"{""sensor_sample_index"":202}"
204,2,4920134144861,1789812710457998396,-0.5967,-0.7293,0.12869999999999998,0,0,0,"{""sensor_sample_index"":203}"
205,2,4920139977026,1789812710463843061,-0.624,-0.7098,0.10919999999999999,0,0,0,"{""sensor_sample_index"":204}"
206,2,4920144142359,1789812710468004523,-0.6083999999999999,-0.7098,0.0741,0,0,0,"{""sensor_sample_index"":205}"
207,2,4920148102728,1789812710471944374,-0.6474,-0.7098,0.10139999999999999,0,0,0,"{""sensor_sample_index"":206}"
208,2,4920154049097,1789812710477899353,-0.6279,-0.7098,0.11309999999999999,0,0,0,"{""sensor_sample_index"":207}"
209,2,4920160118632,1789812710483989889,-0.6279,-0.7137,0.1638,0,0,0,"{""sensor_sample_index"":208}"
210,2,4920162296595,1789812710486142240,-0.6083999999999999,-0.7137,0.10529999999999999,0,0,0,"{""sensor_sample_index"":209}"
211,2,4920168655204,1789812710492514424,-0.6435,-0.7176,0.0741,0,0,0,"{""sensor_sample_index"":210}"
212,2,4920172588462,1789812710496422830,-0.6162,-0.7253999999999999,0.0741,0,0,0,"{""sensor_sample_index"":211}"
213,2,4920178860313,1789812710502740255,-0.6356999999999999,-0.7137,0.11309999999999999,0,0,0,"{""sensor_sample_index"":212}"
214,2,4920182983034,1789812710506831513,-0.624,-0.7059,0.1716,0,0,0,"{""sensor_sample_index"":213}"
215,2,4920188745773,1789812710512622196,-0.6474,-0.6902999999999999,0.09749999999999999,0,0,0,"{""sensor_sample_index"":214}"
216,2,4920193014068,1789812710516873510,-0.6123,-0.7176,0.050699999999999995,0,0,0,"{""sensor_sample_index"":215}"
217,2,4920197219197,1789812710521090602,-0.6201,-0.7098,0.0663,0,0,0,"{""sensor_sample_index"":216}"
218,2,4920201417233,1789812710525274638,-0.6396,-0.702,0.1248,0,0,0,"{""sensor_sample_index"":217}"
219,2,4920207569194,1789812710531436784,-0.6435,-0.6980999999999999,0.13649999999999998,0,0,0,"{""sensor_sample_index"":218}"
220,2,4920211567786,1789812710535400765,-0.6201,-0.7098,0.1248,0,0,0,"{""sensor_sample_index"":219}"
221,2,4920215567081,1789812710539447264,-0.6201,-0.7176,0.0897,0,0,0,"{""sensor_sample_index"":220}"
222,2,4920224266745,1789812710548128058,-0.6356999999999999,-0.7137,0.09359999999999999,0,0,0,"{""sensor_sample_index"":221}"
223,2,4920226723671,1789812710550634965,-0.6317999999999999,-0.7176,0.11699999999999999,0,0,0,"{""sensor_sample_index"":222}"
224,2,4920230981188,1789812710554828204,-0.6591,-0.7098,0.1326,0,0,0,"{""sensor_sample_index"":223}"
225,2,4920234909150,1789812710558749925,-0.6201,-0.7332,0.15209999999999999,0,0,0,"{""sensor_sample_index"":224}"
226,2,4920239621371,1789812710563499461,-0.6083999999999999,-0.6980999999999999,0.09359999999999999,0,0,0,"{""sensor_sample_index"":225}"
227,2,4920244776611,1789812710568664053,-0.6317999999999999,-0.7137,0.0429,0,0,0,"{""sensor_sample_index"":226}"
228,2,4920249273535,1789812710573126274,-0.6356999999999999,-0.7176,0.0819,0,0,0,"{""sensor_sample_index"":227}"
229,2,4920255877626,1789812710579758383,-0.6201,-0.7137,0.09749999999999999,0,0,0,"{""sensor_sample_index"":228}"
230,2,4920261913384,1789812710585795419,-0.624,-0.6902999999999999,0.1404,0,0,0,"{""sensor_sample_index"":229}"
231,2,4920264133939,1789812710587987881,-0.6162,-0.7059,0.0897,0,0,0,"{""sensor_sample_index"":230}"
232,2,4920270114567,1789812710593966379,-0.624,-0.7098,0.0429,0,0,0,"{""sensor_sample_index"":231}"
233,2,4920274082325,1789812710597920638,-0.6356999999999999,-0.7098,0.050699999999999995,0,0,0,"{""sensor_sample_index"":232}"
234,2,4920279862565,1789812710603690340,-0.6474,-0.7098,0.13649999999999998,0,0,0,"{""sensor_sample_index"":233}"
235,2,4920283709156,1789812710607536302,-0.6162,-0.6980999999999999,0.1482,0,0,0,"{""sensor_sample_index"":234}"
236,2,4920288442803,1789812710612301282,-0.6435,-0.6941999999999999,0.10919999999999999,0,0,0,"{""sensor_sample_index"":235}"
237,2,4920294253931,1789812710618062984,-0.6123,-0.7214999999999999,0.058499999999999996,0,0,0,"{""sensor_sample_index"":236}"
238,2,4920297956393,1789812710621761632,-0.6356999999999999,-0.7098,0.0702,0,0,0,"{""sensor_sample_index"":237}"
239,2,4920303553392,1789812710627364760,-0.6396,-0.702,0.1248,0,0,0,"{""sensor_sample_index"":238}"
240,2,4920307298724,1789812710631109444,-0.6552,-0.6941999999999999,0.1326,0,0,0,"{""sensor_sample_index"":239}"
241,2,4920312930945,1789812710636741757,-0.5967,-0.7137,0.1248,0,0,0,"{""sensor_sample_index"":240}"
242,2,4920316777314,1789812710640637960,-0.6317999999999999,-0.7137,0.078,0,0,0,"{""sensor_sample_index"":241}"
243,2,4920322680609,1789812710646506644,-0.6162,-0.7214999999999999,0.058499999999999996,0,0,0,"{""sensor_sample_index"":242}"
244,2,4920326433719,1789812710650241569,-0.6474,-0.7098,0.10139999999999999,0,0,0,"{""sensor_sample_index"":243}"
245,2,4920332018033,1789812710655823086,-0.6201,-0.7176,0.11309999999999999,0,0,0,"{""sensor_sample_index"":244}"
246,2,4920337618605,1789812710661427251,-0.6279,-0.7098,0.13649999999999998,0,0,0,"{""sensor_sample_index"":245}"
247,2,4920341340586,1789812710665159250,-0.6201,-0.7098,0.0897,0,0,0,"{""sensor_sample_index"":246}"
248,2,4920347659973,1789812710671544248,-0.6317999999999999,-0.7059,0.046799999999999994,0,0,0,"{""sensor_sample_index"":247}"
249,2,4920351993361,1789812710675866729,-0.6317999999999999,-0.7098,0.078,0,0,0,"{""sensor_sample_index"":248}"
250,2,4920355898675,1789812710679722894,-0.6201,-0.7253999999999999,0.1209,0,0,0,"{""sensor_sample_index"":249}"
251,2,4920361711988,1789812710685572412,-0.6279,-0.6902999999999999,0.15209999999999999,0,0,0,"{""sensor_sample_index"":250}"
252,2,4920365658413,1789812710689505336,-0.6356999999999999,-0.7176,0.1248,0,0,0,"{""sensor_sample_index"":251}"
253,2,4920369682560,1789812710693522724,-0.6356999999999999,-0.7137,0.050699999999999995,0,0,0,"{""sensor_sample_index"":252}"
254,2,4920375447096,1789812710699270297,-0.6396,-0.7098,0.050699999999999995,0,0,0,"{""sensor_sample_index"":253}"
255,2,4920381152261,1789812710704969740,-0.6435,-0.702,0.13649999999999998,0,0,0,"{""sensor_sample_index"":254}"
256,2,4920384937649,1789812710708759480,-0.6317999999999999,-0.6941999999999999,0.1404,0,0,0,"{""sensor_sample_index"":255}"
257,3,4920389233425,1789812710713048460,-0.6356999999999999,-0.7059,0.1326,0,0,0,"{""sensor_sample_index"":256}"
258,3,4920394839980,1789812710718648736,-0.6162,-0.7176,0.0663,0,0,0,"{""sensor_sample_index"":257}"
259,3,4920398737830,1789812710722588402,-0.6317999999999999,-0.6980999999999999,0.058499999999999996,0,0,0,"{""sensor_sample_index"":258}"
260,3,4920404592496,1789812710728410975,-0.624,-0.702,0.1326,0,0,0,"{""sensor_sample_index"":259}"
261,3,4920408349013,1789812710732159326,-0.6513,-0.702,0.1404,0,0,0,"{""sensor_sample_index"":260}"
262,3,4920413974771,1789812710737783917,-0.6123,-0.7137,0.11699999999999999,0,0,0,"{""sensor_sample_index"":261}"
263,3,4920419597584,1789812710743407878,-0.6356999999999999,-0.7059,0.10139999999999999,0,0,0,"{""sensor_sample_index"":262}"
264,3,4920423308954,1789812710747114062,-0.6279,-0.702,0.058499999999999996,0,0,0,"{""sensor_sample_index"":263}"
265,3,4920429156156,1789812710753009765,-0.6356999999999999,-0.7059,0.078,0,0,0,"{""sensor_sample_index"":264}"
266,3,4920433032137,1789812710756844745,-0.624,-0.7098,0.1404,0,0,0,"{""sensor_sample_index"":265}"
267,3,4920438656265,1789812710762477281,-0.6162,-0.702,0.1404,0,0,0,"{""sensor_sample_index"":266}"
268,3,4920442537060,1789812710766382743,-0.6083999999999999,-0.7059,0.10919999999999999,0,0,0,"{""sensor_sample_index"":267}"
269,3,4920448681058,1789812710772540667,-0.6356999999999999,-0.7098,0.050699999999999995,0,0,0,"{""sensor_sample_index"":268}"
270,3,4920453755242,1789812710777626203,-0.6279,-0.7253999999999999,0.0702,0,0,0,"{""sensor_sample_index"":269}"
271,3,4920457874834,1789812710781718980,-0.624,-0.7098,0.1248,0,0,0,"{""sensor_sample_index"":270}"
272,3,4920461809037,1789812710785647127,-0.6083999999999999,-0.6864,0.14429999999999998,0,0,0,"{""sensor_sample_index"":271}"
273,3,4920467561776,1789812710791385570,-0.6396,-0.7098,0.10919999999999999,0,0,0,"{""sensor_sample_index"":272}"
274,3,4920471385497,1789812710795207828,-0.6279,-0.7214999999999999,0.054599999999999996,0,0,0,"{""sensor_sample_index"":273}"
275,3,4920477340421,1789812710801212400,-0.6356999999999999,-0.7059,0.050699999999999995,0,0,0,"{""sensor_sample_index"":274}"
276,3,4920481353032,1789812710805168381,-0.6279,-0.6941999999999999,0.1209,0,0,0,"{""sensor_sample_index"":275}"
277,3,4920487021197,1789812710810833954,-0.6317999999999999,-0.6941999999999999,0.1326,0,0,0,"{""sensor_sample_index"":276}"
278,3,4920490755066,1789812710814562175,-0.6317999999999999,-0.7214999999999999,0.11309999999999999,0,0,0,"{""sensor_sample_index"":277}"
279,3,4920496381843,1789812710820193673,-0.6356999999999999,-0.7176,0.0858,0,0,0,"{""sensor_sample_index"":278}"
280,3,4920500086693,1789812710823893358,-0.6201,-0.7098,0.050699999999999995,0,0,0,"{""sensor_sample_index"":279}"
281,3,4920505764692,1789812710829607801,-0.6279,-0.702,0.11309999999999999,0,0,0,"{""sensor_sample_index"":280}"
282,3,4920509829950,1789812710833668466,-0.6591,-0.7098,0.1248,0,0,0,"{""sensor_sample_index"":281}"
283,3,4920515631282,1789812710839466428,-0.5967,-0.7214999999999999,0.11309999999999999,0,0,0,"{""sensor_sample_index"":282}"
284,3,4920519417781,1789812710843229334,-0.6162,-0.6980999999999999,0.0897,0,0,0,"{""sensor_sample_index"":283}"
285,3,4920525048613,1789812710848875462,-0.6317999999999999,-0.7214999999999999,0.058499999999999996,0,0,0,"{""sensor_sample_index"":284}"
286,3,4920529043686,1789812710852897054,-0.6435,-0.7176,0.0858,0,0,0,"{""sensor_sample_index"":285}"
287,3,4920534829481,1789812710858644515,-0.624,-0.7214999999999999,0.13649999999999998,0,0,0,"{""sensor_sample_index"":286}"
288,3,4920538609647,1789812710862417589,-0.6201,-0.7098,0.1599,0,0,0,"{""sensor_sample_index"":287}"
289,3,4920544215312,1789812710868024643,-0.6201,-0.7137,0.09749999999999999,0,0,0,"{""sensor_sample_index"":288}"
290,3,4920550233773,1789812710874104345,-0.6201,-0.7214999999999999,0.078,0,0,0,"{""sensor_sample_index"":289}"
291,3,4920554360791,1789812710878209492,-0.6356999999999999,-0.7176,0.0741,0,0,0,"{""sensor_sample_index"":290}"
292,3,4920558822364,1789812710882705565,-0.6279,-0.702,0.12869999999999998,0,0,0,"{""sensor_sample_index"":291}"
293,3,4920562934585,1789812710886769805,-0.6162,-0.7059,0.156,0,0,0,"{""sensor_sample_index"":292}"
294,3,4920569671935,1789812710893546340,-0.6396,-0.6980999999999999,0.10529999999999999,0,0,0,"{""sensor_sample_index"":293}"
295,3,4920573930230,1789812710897796320,-0.6162,-0.7253999999999999,0.0624,0,0,0,"{""sensor_sample_index"":294}"
296,3,4920577865322,1789812710901674856,-0.6279,-0.7137,0.046799999999999994,0,0,0,"{""sensor_sample_index"":295}"
297,3,4920583479135,1789812710907286744,-0.624,-0.6980999999999999,0.11309999999999999,0,0,0,"{""sensor_sample_index"":296}"
298,3,4920587565282,1789812710911428835,-0.6668999999999999,-0.6941999999999999,0.13649999999999998,0,0,0,"{""sensor_sample_index"":297}"
299,3,4920591680189,1789812710915535556,-0.6044999999999999,-0.7137,0.11699999999999999,0,0,0,"{""sensor_sample_index"":298}"
300,3,4920597698631,1789812710921546481,-0.624,-0.7098,0.0819,0,0,0,"{""sensor_sample_index"":299}"
301,3,4920601597982,1789812710925422776,-0.6162,-0.7098,0.058499999999999996,0,0,0,"{""sensor_sample_index"":300}"
302,3,4920607313073,1789812710931126238,-0.6435,-0.7098,0.09359999999999999,0,0,0,"{""sensor_sample_index"":301}"
303,3,4920611099684,1789812710934923292,-0.6317999999999999,-0.7098,0.1209,0,0,0,"{""sensor_sample_index"":302}"
304,3,4920616820349,1789812710940653661,-0.6006,-0.7253999999999999,0.1248,0,0,0,"{""sensor_sample_index"":303}"
305,3,4920620779533,1789812710944613771,-0.5928,-0.7137,0.0897,0,0,0,"{""sensor_sample_index"":304}"
306,3,4920626871550,1789812710950725584,-0.6435,-0.7176,0.0663,0,0,0,"{""sensor_sample_index"":305}"
307,3,4920630807697,1789812710954638250,-0.6435,-0.7293,0.078,0,0,0,"{""sensor_sample_index"":306}"
308,3,4920636509362,1789812710960325471,-0.6162,-0.7214999999999999,0.1209,0,0,0,"{""sensor_sample_index"":307}"
309,3,4920640235732,1789812710964042488,-0.6356999999999999,-0.702,0.1716,0,0,0,"{""sensor_sample_index"":308}"
310,3,4920645903638,1789812710969746765,-0.624,-0.7137,0.11699999999999999,0,0,0,"{""sensor_sample_index"":309}"
311,3,4920649913118,1789812710973751893,-0.6162,-0.7214999999999999,0.0624,0,0,0,"{""sensor_sample_index"":310}"
312,3,4920655647209,1789812710979463707,-0.6317999999999999,-0.7176,0.050699999999999995,0,0,0,"{""sensor_sample_index"":311}"
313,3,4920659367708,1789812710983177132,-0.6356999999999999,-0.6980999999999999,0.1248,0,0,0,"{""sensor_sample_index"":312}"
314,3,4920665017355,1789812710988848667,-0.6162,-0.7098,0.15209999999999999,0,0,0,"{""sensor_sample_index"":313}"
315,3,4920669094724,1789812710992958814,-0.6356999999999999,-0.6980999999999999,0.10919999999999999,0,0,0,"{""sensor_sample_index"":314}"
316,3,4920674895945,1789812710998712924,-0.6123,-0.7253999999999999,0.0741,0,0,0,"{""sensor_sample_index"":315}"
317,3,4920678605259,1789812711002411108,-0.6317999999999999,-0.7098,0.058499999999999996,0,0,0,"{""sensor_sample_index"":316}"
318,3,4920684204535,1789812711008013385,-0.6279,-0.7214999999999999,0.11699999999999999,0,0,0,"{""sensor_sample_index"":317}"
319,3,4920689806386,1789812711013611291,-0.6513,-0.6980999999999999,0.1326,0,0,0,"{""sensor_sample_index"":318}"
320,3,4920693484551,1789812711017286734,-0.5967,-0.7214999999999999,0.11309999999999999,0,0,0,"{""sensor_sample_index"":319}"
321,3,4920699368772,1789812711023223010,-0.624,-0.7059,0.10919999999999999,0,0,0,"{""sensor_sample_index"":320}"
322,3,4920703283493,1789812711027092898,-0.624,-0.702,0.039,0,0,0,"{""sensor_sample_index"":321}"
323,3,4920708922585,1789812711032737434,-0.6356999999999999,-0.7098,0.10139999999999999,0,0,0,"{""sensor_sample_index"":322}"
324,3,4920712674084,1789812711036488451,-0.624,-0.7176,0.1248,0,0,0,"{""sensor_sample_index"":323}"
325,3,4920718877378,1789812711042743691,-0.6317999999999999,-0.7214999999999999,0.1638,0,0,0,"{""sensor_sample_index"":324}"
326,3,4920722843970,1789812711046655875,-0.6083999999999999,-0.7176,0.10139999999999999,0,0,0,"{""sensor_sample_index"":325}"
327,3,4920728474598,1789812711052286503,-0.6435,-0.7137,0.054599999999999996,0,0,0,"{""sensor_sample_index"":326}"
328,3,4920732188245,1789812711055997335,-0.6356999999999999,-0.7098,0.0624,0,0,0,"{""sensor_sample_index"":327}"
329,3,4920737792448,1789812711061599741,-0.6044999999999999,-0.7214999999999999,0.1404,0,0,0,"{""sensor_sample_index"":328}"
330,3,4920741491299,1789812711065297278,-0.6123,-0.7098,0.1716,0,0,0,"{""sensor_sample_index"":329}"
331,3,4920747364760,1789812711071226239,-0.6317999999999999,-0.7059,0.10139999999999999,0,0,0,"{""sensor_sample_index"":330}"
332,3,4920751425111,1789812711075288145,-0.6162,-0.7214999999999999,0.058499999999999996,0,0,0,"{""sensor_sample_index"":331}"
333,3,4920755703276,1789812711079564533,-0.6317999999999999,-0.7137,0.0624,0,0,0,"{""sensor_sample_index"":332}"
334,3,4920761597886,1789812711085426254,-0.6435,-0.6941999999999999,0.11699999999999999,0,0,0,"{""sensor_sample_index"":333}"
335,3,4920765431311,1789812711089255623,-0.6356999999999999,-0.702,0.1209,0,0,0,"{""sensor_sample_index"":334}"
336,3,4920771128087,1789812711094940937,-0.6279,-0.7176,0.11699999999999999,0,0,0,"{""sensor_sample_index"":335}"
337,3,4920776874734,1789812711100719306,-0.6279,-0.7214999999999999,0.078,0,0,0,"{""sensor_sample_index"":336}"
338,3,4920780874529,1789812711104726305,-0.6317999999999999,-0.7059,0.054599999999999996,0,0,0,"{""sensor_sample_index"":337}"
339,3,4920784805528,1789812711108636433,-0.624,-0.7137,0.0897,0,0,0,"{""sensor_sample_index"":338}"
340,3,4920790498027,1789812711114308821,-0.6552,-0.6980999999999999,0.1248,0,0,0,"{""sensor_sample_index"":339}"
341,3,4920796202525,1789812711120069004,-0.6006,-0.7176,0.10919999999999999,0,0,0,"{""sensor_sample_index"":340}"
342,3,4920800230321,1789812711124064540,-0.6123,-0.6980999999999999,0.0819,0,0,0,"{""sensor_sample_index"":341}"
343,3,4920804070172,1789812711127890632,-0.6317999999999999,-0.7059,0.058499999999999996,0,0,0,"{""sensor_sample_index"":342}"
344,3,4920809737929,1789812711133548556,-0.6356999999999999,-0.7214999999999999,0.0897,0,0,0,"{""sensor_sample_index"":343}"
345,3,4920815353483,1789812711139163055,-0.6162,-0.7293,0.11699999999999999,0,0,0,"{""sensor_sample_index"":344}"
346,3,4920819043020,1789812711142851906,-0.6123,-0.7098,0.1599,0,0,0,"{""sensor_sample_index"":345}"
347,3,4920824642666,1789812711148452256,-0.6123,-0.6980999999999999,0.09359999999999999,0,0,0,"{""sensor_sample_index"":346}"
348,3,4920828548480,1789812711152403311,-0.6356999999999999,-0.7098,0.054599999999999996,0,0,0,"{""sensor_sample_index"":347}"
349,3,4920834347812,1789812711158160810,-0.624,-0.7293,0.0663,0,0,0,"{""sensor_sample_index"":348}"
350,3,4920838106107,1789812711161920290,-0.6396,-0.7214999999999999,0.1248,0,0,0,"{""sensor_sample_index"":349}"
351,3,4920843725513,1789812711167532752,-0.6201,-0.702,0.1599,0,0,0,"{""sensor_sample_index"":350}"
352,3,4920847695753,1789812711171550251,-0.6474,-0.7098,0.10529999999999999,0,0,0,"{""sensor_sample_index"":351}"
353,3,4920853512974,1789812711177327490,-0.6201,-0.7293,0.0663,0,0,0,"{""sensor_sample_index"":352}"
354,3,4920857258640,1789812711181071804,-0.6279,-0.7293,0.0741,0,0,0,"{""sensor_sample_index"":353}"
355,3,4920862880120,1789812711186689228,-0.624,-0.6980999999999999,0.10919999999999999,0,0,0,"{""sensor_sample_index"":354}"
356,3,4920866604693,1789812711190413653,-0.6474,-0.6902999999999999,0.12869999999999998,0,0,0,"{""sensor_sample_index"":355}"
357,3,4920872232488,1789812711196043967,-0.6083999999999999,-0.7176,0.09749999999999999,0,0,0,"{""sensor_sample_index"":356}"
358,3,4920878147319,1789812711202005613,-0.6201,-0.7137,0.054599999999999996,0,0,0,"{""sensor_sample_index"":357}"
359,3,4920882099948,1789812711205920205,-0.6317999999999999,-0.7098,0.0663,0,0,0,"{""sensor_sample_index"":358}"
360,3,4920887901835,1789812711211747666,-0.6356999999999999,-0.7214999999999999,0.0897,0,0,0,"{""sensor_sample_index"":359}"
361,3,4920891794094,1789812711215608388,-0.6435,-0.7137,0.1248,0,0,0,"{""sensor_sample_index"":360}"
362,3,4920895540537,1789812711219353127,-0.6123,-0.7214999999999999,0.1404,0,0,0,"{""sensor_sample_index"":361}"
363,3,4920901174388,1789812711224985626,-0.6201,-0.702,0.10529999999999999,0,0,0,"{""sensor_sample_index"":362}"
364,3,4920906931960,1789812711230789050,-0.6396,-0.7098,0.054599999999999996,0,0,0,"{""sensor_sample_index"":363}"
365,3,4920910858570,1789812711234673253,-0.6279,-0.7137,0.09749999999999999,0,0,0,"{""sensor_sample_index"":364}"
366,3,4920916528921,1789812711240383048,-0.6123,-0.7176,0.1209,0,0,0,"{""sensor_sample_index"":365}"
367,3,4920920297920,1789812711244104325,-0.6396,-0.6825,0.1794,0,0,0,"{""sensor_sample_index"":366}"
368,3,4920925981992,1789812711249829286,-0.6201,-0.7059,0.11699999999999999,0,0,0,"{""sensor_sample_index"":367}"
369,3,4920930034362,1789812711253874526,-0.6317999999999999,-0.7176,0.050699999999999995,0,0,0,"{""sensor_sample_index"":368}"
370,3,4920935820323,1789812711259644821,-0.6201,-0.7214999999999999,0.0663,0,0,0,"{""sensor_sample_index"":369}"
371,3,4920939598896,1789812711263415764,-0.6356999999999999,-0.7137,0.10529999999999999,0,0,0,"{""sensor_sample_index"":370}"
372,3,4920945341747,1789812711269171967,-0.6162,-0.7137,0.156,0,0,0,"{""sensor_sample_index"":371}"
373,3,4920949118487,1789812711272926280,-0.6435,-0.6941999999999999,0.11309999999999999,0,0,0,"{""sensor_sample_index"":372}"
374,3,4920954717337,1789812711278533335,-0.6123,-0.7253999999999999,0.039,0,0,0,"{""sensor_sample_index"":373}"
375,3,4920958637373,1789812711282486667,-0.6356999999999999,-0.7059,0.050699999999999995,0,0,0,"{""sensor_sample_index"":374}"
376,3,4920964421464,1789812711288235036,-0.6356999999999999,-0.7059,0.1326,0,0,0,"{""sensor_sample_index"":375}"
377,3,4920968145260,1789812711291953109,-0.6552,-0.702,0.11699999999999999,0,0,0,"{""sensor_sample_index"":376}"
378,3,4920973748295,1789812711297560626,-0.6006,-0.7293,0.11309999999999999,0,0,0,"{""sensor_sample_index"":377}"
379,3,4920977725553,1789812711301584736,-0.6162,-0.7059,0.078,0,0,0,"{""sensor_sample_index"":378}"
380,3,4920983553922,1789812711307367031,-0.624,-0.7098,0.0624,0,0,0,"{""sensor_sample_index"":379}"
381,3,4920987287699,1789812711311097178,-0.6513,-0.702,0.09359999999999999,0,0,0,"{""sensor_sample_index"":380}"
382,3,4920992910198,1789812711316718806,-0.6356999999999999,-0.7098,0.11699999999999999,0,0,0,"{""sensor_sample_index"":381}"
383,3,4920998541715,1789812711322354009,-0.6162,-0.7137,0.1404,0,0,0,"{""sensor_sample_index"":382}"
384,3,4921002256881,1789812711326064008,-0.5928,-0.7137,0.09359999999999999,0,0,0,"{""sensor_sample_index"":383}"
385,4,4921006620213,1789812711330487192,-0.6396,-0.6941999999999999,0.039,0,0,0,"{""sensor_sample_index"":384}"
386,4,4921012560971,1789812711336391764,-0.6317999999999999,-0.702,0.078,0,0,0,"{""sensor_sample_index"":385}"
387,4,4921016335525,1789812711340145930,-0.624,-0.7137,0.12869999999999998,0,0,0,"{""sensor_sample_index"":386}"
388,4,4921021950820,1789812711345758632,-0.6201,-0.7098,0.1482,0,0,0,"{""sensor_sample_index"":387}"
389,4,4921027804133,1789812711351660853,-0.6356999999999999,-0.7059,0.10919999999999999,0,0,0,"{""sensor_sample_index"":388}"
390,4,4921031785984,1789812711355607537,-0.624,-0.7176,0.0663,0,0,0,"{""sensor_sample_index"":389}"
391,4,4921035540039,1789812711359348981,-0.6279,-0.7098,0.050699999999999995,0,0,0,"{""sensor_sample_index"":390}"
392,4,4921041160982,1789812711364968220,-0.6435,-0.6902999999999999,0.1209,0,0,0,"{""sensor_sample_index"":391}"
393,4,4921046791628,1789812711370603830,-0.6356999999999999,-0.6980999999999999,0.14429999999999998,0,0,0,"{""sensor_sample_index"":392}"
394,4,4921050520813,1789812711374326829,-0.6396,-0.7137,0.10919999999999999,0,0,0,"{""sensor_sample_index"":393}"
395,4,4921056222608,1789812711380078364,-0.6123,-0.7098,0.0702,0,0,0,"{""sensor_sample_index"":394}"
396,4,4921060293088,1789812711384125326,-0.624,-0.7059,0.0429,0,0,0,"{""sensor_sample_index"":395}"
397,4,4921065992105,1789812711389804529,-0.6317999999999999,-0.6980999999999999,0.10919999999999999,0,0,0,"{""sensor_sample_index"":396}"
398,4,4921069711604,1789812711393520324,-0.6591,-0.6902999999999999,0.1209,0,0,0,"{""sensor_sample_index"":397}"
399,4,4921075387510,1789812711399225248,-0.5928,-0.7253999999999999,0.10139999999999999,0,0,0,"{""sensor_sample_index"":398}"
400,4,4921079435528,1789812711403283803,-0.6162,-0.7137,0.0819,0,0,0,"{""sensor_sample_index"":399}"
401,4,4921085199008,1789812711409017246,-0.6279,-0.7098,0.054599999999999996,0,0,0,"{""sensor_sample_index"":400}"
402,4,4921088921544,1789812711412729430,-0.6474,-0.7098,0.078,0,0,0,"{""sensor_sample_index"":401}"
403,4,4921094584894,1789812711418395429,-0.6279,-0.7214999999999999,0.1209,0,0,0,"{""sensor_sample_index"":402}"
404,4,4921098304634,1789812711422111539,-0.6162,-0.7098,0.1482,0,0,0,"{""sensor_sample_index"":403}"
405,4,4921103911762,1789812711427717723,-0.5967,-0.6902999999999999,0.10139999999999999,0,0,0,"{""sensor_sample_index"":404}"
406,4,4921107901409,1789812711431749796,-0.6279,-0.7137,0.054599999999999996,0,0,0,"{""sensor_sample_index"":405}"
407,4,4921113701852,1789812711437513516,-0.6317999999999999,-0.7214999999999999,0.0663,0,0,0,"{""sensor_sample_index"":406}"
408,4,4921117462185,1789812711441278182,-0.624,-0.7214999999999999,0.1482,0,0,0,"{""sensor_sample_index"":407}"
409,4,4921123106165,1789812711446919033,-0.6201,-0.6980999999999999,0.13649999999999998,0,0,0,"{""sensor_sample_index"":408}"
410,4,4921128952737,1789812711452801827,-0.6435,-0.702,0.10529999999999999,0,0,0,"{""sensor_sample_index"":409}"
411,4,4921132826736,1789812711456636660,-0.6123,-0.7214999999999999,0.039,0,0,0,"{""sensor_sample_index"":410}"
412,4,4921138514753,1789812711462330640,-0.6279,-0.7098,0.039,0,0,0,"{""sensor_sample_index"":411}"
413,4,4921142267678,1789812711466075343,-0.6201,-0.6941999999999999,0.12869999999999998,0,0,0,"{""sensor_sample_index"":412}"
414,4,4921147889770,1789812711471704600,-0.6317999999999999,-0.7059,0.12869999999999998,0,0,0,"{""sensor_sample_index"":413}"
415,4,4921151608065,1789812711475414877,-0.624,-0.7098,0.10919999999999999,0,0,0,"{""sensor_sample_index"":414}"
416,4,4921157349786,1789812711481204728,-0.6201,-0.7137,0.0702,0,0,0,"{""sensor_sample_index"":415}"
417,4,4921161428525,1789812711485279393,-0.6279,-0.702,0.058499999999999996,0,0,0,"{""sensor_sample_index"":416}"
418,4,4921167453709,1789812711491311281,-0.6396,-0.7176,0.10919999999999999,0,0,0,"{""sensor_sample_index"":417}"
419,4,4921171341578,1789812711495151428,-0.6317999999999999,-0.6980999999999999,0.11699999999999999,0,0,0,"{""sensor_sample_index"":418}"
420,4,4921177163836,1789812711501032019,-0.6044999999999999,-0.7214999999999999,0.1209,0,0,0,"{""sensor_sample_index"":419}"
421,4,4921181151391,1789812711504969185,-0.6162,-0.7059,0.0819,0,0,0,"{""sensor_sample_index"":420}"
422,4,4921186802463,1789812711510615757,-0.6317999999999999,-0.7098,0.0663,0,0,0,"{""sensor_sample_index"":421}"
423,4,4921190528333,1789812711514342201,-0.6317999999999999,-0.7059,0.078,0,0,0,"{""sensor_sample_index"":422}"
424,4,4921196169924,1789812711519982810,-0.6201,-0.7176,0.12869999999999998,0,0,0,"{""sensor_sample_index"":423}"
425,4,4921199893497,1789812711523701828,-0.624,-0.7059,0.1638,0,0,0,"{""sensor_sample_index"":424}"
426,4,4921205599144,1789812711529441363,-0.6162,-0.7253999999999999,0.10529999999999999,0,0,0,"{""sensor_sample_index"":425}"
427,4,4921209676624,1789812711533523437,-0.6356999999999999,-0.7176,0.046799999999999994,0,0,0,"{""sensor_sample_index"":426}"
428,4,4921215451678,1789812711539265472,-0.6356999999999999,-0.7137,0.058499999999999996,0,0,0,"{""sensor_sample_index"":427}"
429,4,4921219174492,1789812711542984027,-0.6317999999999999,-0.7098,0.1404,0,0,0,"{""sensor_sample_index"":428}"
430,4,4921224855120,1789812711548665377,-0.6279,-0.6980999999999999,0.12869999999999998,0,0,0,"{""sensor_sample_index"":429}"
431,4,4921228552601,1789812711552359654,-0.6396,-0.7098,0.10529999999999999,0,0,0,"{""sensor_sample_index"":430}"
432,4,4921234197581,1789812711558008245,-0.6162,-0.7137,0.0429,0,0,0,"{""sensor_sample_index"":431}"
433,4,4921238089858,1789812711561941318,-0.6123,-0.7098,0.050699999999999995,0,0,0,"{""sensor_sample_index"":432}"
434,4,4921243879819,1789812711567692965,-0.6317999999999999,-0.702,0.11309999999999999,0,0,0,"{""sensor_sample_index"":433}"
435,4,4921249545503,1789812711573358556,-0.6513,-0.6902999999999999,0.1248,0,0,0,"{""sensor_sample_index"":434}"
436,4,4921253283669,1789812711577096296,-0.6083999999999999,-0.7098,0.10139999999999999,0,0,0,"{""sensor_sample_index"":435}"
437,4,4921259168334,1789812711583029239,-0.6396,-0.702,0.0819,0,0,0,"{""sensor_sample_index"":436}"
438,4,4921263075000,1789812711586890590,-0.6279,-0.7137,0.078,0,0,0,"{""sensor_sample_index"":437}"
439,4,4921268725998,1789812711592535662,-0.6356999999999999,-0.6980999999999999,0.078,0,0,0,"{""sensor_sample_index"":438}"
440,4,4921272429386,1789812711596237495,-0.6317999999999999,-0.7137,0.1209,0,0,0,"{""sensor_sample_index"":439}"
441,4,4921278033422,1789812711601842641,-0.6083999999999999,-0.7176,0.1482,0,0,0,"{""sensor_sample_index"":440}"
442,4,4921281759199,1789812711605568048,-0.6083999999999999,-0.7214999999999999,0.09359999999999999,0,0,0,"{""sensor_sample_index"":441}"
443,4,4921287549216,1789812711611401232,-0.6396,-0.7176,0.0741,0,0,0,"{""sensor_sample_index"":442}"
444,4,4921291444196,1789812711615258897,-0.6396,-0.7137,0.0702,0,0,0,"{""sensor_sample_index"":443}"
445,4,4921297084861,1789812711620894488,-0.624,-0.7098,0.1326,0,0,0,"{""sensor_sample_index"":444}"
446,4,4921300789546,1789812711624603525,-0.6279,-0.6980999999999999,0.15209999999999999,0,0,0,"{""sensor_sample_index"":445}"
447,4,4921306537211,1789812711630401838,-0.6396,-0.6941999999999999,0.0897,0,0,0,"{""sensor_sample_index"":446}"
448,4,4921310565691,1789812711634393837,-0.624,-0.7137,0.054599999999999996,0,0,0,"{""sensor_sample_index"":447}"
449,4,4921316271875,1789812711640083484,-0.6279,-0.7176,0.054599999999999996,0,0,0,"{""sensor_sample_index"":448}"
450,4,4921321901077,1789812711645710093,-0.6279,-0.702,0.1209,0,0,0,"{""sensor_sample_index"":449}"
451,4,4921325615873,1789812711649423537,-0.6317999999999999,-0.702,0.1599,0,0,0,"{""sensor_sample_index"":450}"
452,4,4921331226260,1789812711655033980,-0.624,-0.7137,0.10919999999999999,0,0,0,"{""sensor_sample_index"":451}"
453,4,4921334917037,1789812711658731627,-0.6201,-0.7214999999999999,0.0429,0,0,0,"{""sensor_sample_index"":452}"
454,4,4921340726035,1789812711664567737,-0.6201,-0.7059,0.058499999999999996,0,0,0,"{""sensor_sample_index"":453}"
455,4,4921344581627,1789812711668404236,-0.6396,-0.702,0.10529999999999999,0,0,0,"{""sensor_sample_index"":454}"
456,4,4921350230144,1789812711674046364,-0.6513,-0.6747,0.1209,0,0,0,"{""sensor_sample_index"":455}"
457,4,4921354006976,1789812711677826641,-0.5967,-0.7214999999999999,0.1248,0,0,0,"{""sensor_sample_index"":456}"
458,4,4921359938234,1789812711683788917,-0.6162,-0.702,0.0858,0,0,0,"{""sensor_sample_index"":457}"
459,4,4921363824233,1789812711687633323,-0.6123,-0.7214999999999999,0.0858,0,0,0,"{""sensor_sample_index"":458}"
460,4,4921369435917,1789812711693245729,-0.6356999999999999,-0.7059,0.09749999999999999,0,0,0,"{""sensor_sample_index"":459}"
461,4,4921373162435,1789812711696975284,-0.6201,-0.7176,0.1209,0,0,0,"{""sensor_sample_index"":460}"
462,4,4921378808452,1789812711702621338,-0.624,-0.7176,0.1638,0,0,0,"{""sensor_sample_index"":461}"
463,4,4921384427284,1789812711708236300,-0.5967,-0.7098,0.09749999999999999,0,0,0,"{""sensor_sample_index"":462}"
464,4,4921388354468,1789812711712207502,-0.624,-0.7098,0.0741,0,0,0,"{""sensor_sample_index"":463}"
465,4,4921394135133,1789812711717952279,-0.624,-0.7176,0.0741,0,0,0,"{""sensor_sample_index"":464}"
466,4,4921397907225,1789812711721723944,-0.6123,-0.7214999999999999,0.10529999999999999,0,0,0,"{""sensor_sample_index"":465}"
467,4,4921403570723,1789812711727393498,-0.6201,-0.702,0.156,0,0,0,"{""sensor_sample_index"":466}"
468,4,4921407545259,1789812711731406812,-0.6279,-0.7098,0.10139999999999999,0,0,0,"{""sensor_sample_index"":467}"
469,4,4921413381239,1789812711737199274,-0.6201,-0.7214999999999999,0.058499999999999996,0,0,0,"{""sensor_sample_index"":468}"
470,4,4921417111942,1789812711740921939,-0.6279,-0.6980999999999999,0.054599999999999996,0,0,0,"{""sensor_sample_index"":469}"
471,4,4921422709385,1789812711746516197,-0.6356999999999999,-0.6980999999999999,0.1209,0,0,0,"{""sensor_sample_index"":470}"
472,4,4921426419051,1789812711750231567,-0.6317999999999999,-0.7098,0.14429999999999998,0,0,0,"{""sensor_sample_index"":471}"
473,4,4921432072623,1789812711755887454,-0.6162,-0.7214999999999999,0.11309999999999999,0,0,0,"{""sensor_sample_index"":472}"
474,4,4921437970863,1789812711761822416,-0.6083999999999999,-0.7137,0.0663,0,0,0,"{""sensor_sample_index"":473}"
475,4,4921441845695,1789812711765658692,-0.6123,-0.702,0.0741,0,0,0,"{""sensor_sample_index"":474}"
476,4,4921445546750,1789812711769355506,-0.6435,-0.6941999999999999,0.11699999999999999,0,0,0,"{""sensor_sample_index"":475}"
477,4,4921451148470,1789812711774956172,-0.6513,-0.6941999999999999,0.1209,0,0,0,"{""sensor_sample_index"":476}"
478,4,4921457070006,1789812711780943948,-0.6044999999999999,-0.7293,0.13649999999999998,0,0,0,"{""sensor_sample_index"":477}"
479,4,4921461109320,1789812711784947502,-0.6201,-0.7214999999999999,0.10529999999999999,0,0,0,"{""sensor_sample_index"":478}"
480,4,4921464943059,1789812711788758501,-0.624,-0.7098,0.0663,0,0,0,"{""sensor_sample_index"":479}"
481,4,4921470578002,1789812711794388185,-0.6474,-0.7176,0.0819,0,0,0,"{""sensor_sample_index"":480}"
482,4,4921476222316,1789812711800037424,-0.6162,-0.7293,0.11309999999999999,0,0,0,"{""sensor_sample_index"":481}"
483,4,4921479965685,1789812711803776201,-0.6356999999999999,-0.7098,0.1638,0,0,0,"{""sensor_sample_index"":482}"
484,4,4921485684999,1789812711809521774,-0.6123,-0.7098,0.11699999999999999,0,0,0,"{""sensor_sample_index"":483}"
485,4,4921489747072,1789812711813587180,-0.6396,-0.7137,0.0663,0,0,0,"{""sensor_sample_index"":484}"
486,4,4921495493367,1789812711819312494,-0.6162,-0.7176,0.0702,0,0,0,"{""sensor_sample_index"":485}"
487,4,4921499244662,1789812711823060882,-0.6317999999999999,-0.7059,0.1404,0,0,0,"{""sensor_sample_index"":486}"
488,4,4921504940012,1789812711828771084,-0.6201,-0.6941999999999999,0.1482,0,0,0,"{""sensor_sample_index"":487}"
489,4,4921508949956,1789812711832804398,-0.6474,-0.7137,0.11309999999999999,0,0,0,"{""sensor_sample_index"":488}"
490,4,4921514798658,1789812711838632248,-0.6201,-0.7176,0.054599999999999996,0,0,0,"{""sensor_sample_index"":489}"
491,4,4921518593305,1789812711842406580,-0.6279,-0.7176,0.0624,0,0,0,"{""sensor_sample_index"":490}"
492,4,4921524233174,1789812711848047505,-0.6435,-0.6980999999999999,0.12869999999999998,0,0,0,"{""sensor_sample_index"":491}"
493,4,4921527955321,1789812711851763874,-0.6356999999999999,-0.6941999999999999,0.1482,0,0,0,"{""sensor_sample_index"":492}"
494,4,4921533560264,1789812711857365836,-0.6123,-0.7253999999999999,0.11699999999999999,0,0,0,"{""sensor_sample_index"":493}"
495,4,4921537464467,1789812711861328335,-0.6317999999999999,-0.7098,0.0858,0,0,0,"{""sensor_sample_index"":494}"
496,4,4921543325910,1789812711867140167,-0.624,-0.7098,0.0624,0,0,0,"{""sensor_sample_index"":495}"
497,4,4921547074631,1789812711870890221,-0.6435,-0.7098,0.09359999999999999,0,0,0,"{""sensor_sample_index"":496}"
498,4,4921552721389,1789812711876529350,-0.6435,-0.7137,0.1326,0,0,0,"{""sensor_sample_index"":497}"
499,4,4921556574555,1789812711880442478,-0.6083999999999999,-0.7253999999999999,0.1404,0,0,0,"{""sensor_sample_index"":498}"
500,4,4921562484090,1789812711886311273,-0.6083999999999999,-0.7137,0.09749999999999999,0,0,0,"{""sensor_sample_index"":499}"
501,4,4921566262071,1789812711890074920,-0.6317999999999999,-0.7059,0.0624,0,0,0,"{""sensor_sample_index"":500}"
502,4,4921571878588,1789812711895684067,-0.6396,-0.7253999999999999,0.0897,0,0,0,"{""sensor_sample_index"":501}"
503,4,4921577509605,1789812711901321899,-0.6162,-0.7176,0.1209,0,0,0,"{""sensor_sample_index"":502}"
504,4,4921581236789,1789812711905046879,-0.6201,-0.6980999999999999,0.156,0,0,0,"{""sensor_sample_index"":503}"
505,4,4921587017362,1789812711910886767,-0.6083999999999999,-0.7176,0.10919999999999999,0,0,0,"{""sensor_sample_index"":504}"
506,4,4921590997731,1789812711914810969,-0.6356999999999999,-0.7137,0.050699999999999995,0,0,0,"{""sensor_sample_index"":505}"
507,4,4921596631341,1789812711920444116,-0.6279,-0.7253999999999999,0.0702,0,0,0,"{""sensor_sample_index"":506}"
508,4,4921600367118,1789812711924188041,-0.6356999999999999,-0.7137,0.1326,0,0,0,"{""sensor_sample_index"":507}"
509,4,4921606154931,1789812711930012966,-0.6162,-0.6980999999999999,0.14429999999999998,0,0,0,"{""sensor_sample_index"":508}"
510,4,4921610246615,1789812711934091242,-0.6317999999999999,-0.702,0.12869999999999998,0,0,0,"{""sensor_sample_index"":509}"
511,4,4921616034058,1789812711939855648,-0.6201,-0.7176,0.050699999999999995,0,0,0,"{""sensor_sample_index"":510}"
512,4,4921619791705,1789812711943598370,-0.6435,-0.7059,0.0624,0,0,0,"{""sensor_sample_index"":511}"
513,5,4921625840093,1789812711949651627,-0.6317999999999999,-0.7098,0.1209,0,0,0,"{""sensor_sample_index"":512}"
514,5,4921629557851,1789812711953369774,-0.6552,-0.6941999999999999,0.1326,0,0,0,"{""sensor_sample_index"":513}"
515,5,4921635181998,1789812711959003255,-0.6123,-0.7137,0.11309999999999999,0,0,0,"{""sensor_sample_index"":514}"
516,5,4921639109071,1789812711962962624,-0.6317999999999999,-0.7137,0.0858,0,0,0,"{""sensor_sample_index"":515}"
517,5,4921644916458,1789812711968737659,-0.6201,-0.7098,0.078,0,0,0,"{""sensor_sample_index"":516}"
518,5,4921648656883,1789812711972469659,-0.624,-0.7059,0.0819,0,0,0,"{""sensor_sample_index"":517}"
519,5,4921654297734,1789812711978107509,-0.6317999999999999,-0.7137,0.12869999999999998,0,0,0,"{""sensor_sample_index"":518}"
520,5,4921658278381,1789812711982144749,-0.6201,-0.7293,0.1482,0,0,0,"{""sensor_sample_index"":519}"
521,5,4921664149027,1789812711987966414,-0.6123,-0.7176,0.09749999999999999,0,0,0,"{""sensor_sample_index"":520}"
522,5,4921667894601,1789812711991705543,-0.6317999999999999,-0.7098,0.050699999999999995,0,0,0,"{""sensor_sample_index"":521}"
523,5,4921673513081,1789812711997326041,-0.6356999999999999,-0.7098,0.0819,0,0,0,"{""sensor_sample_index"":522}"
524,5,4921677250006,1789812712001059614,-0.6083999999999999,-0.7214999999999999,0.1326,0,0,0,"{""sensor_sample_index"":523}"
525,5,4921682863838,1789812712006670261,-0.624,-0.6980999999999999,0.1599,0,0,0,"{""sensor_sample_index"":524}"
526,5,4921688767040,1789812712012634130,-0.6162,-0.7137,0.10139999999999999,0,0,0,"{""sensor_sample_index"":525}"
527,5,4921692718279,1789812712016527351,-0.6317999999999999,-0.7137,0.0429,0,0,0,"{""sensor_sample_index"":526}"
528,5,4921696433204,1789812712020243721,-0.624,-0.7137,0.0663,0,0,0,"{""sensor_sample_index"":527}"
529,5,4921702039203,1789812712025848478,-0.6317999999999999,-0.6941999999999999,0.09749999999999999,0,0,0,"{""sensor_sample_index"":528}"
530,5,4921707692628,1789812712031506644,-0.6201,-0.7059,0.13649999999999998,0,0,0,"{""sensor_sample_index"":529}"
531,5,4921711419571,1789812712035228346,-0.6317999999999999,-0.7137,0.10529999999999999,0,0,0,"{""sensor_sample_index"":530}"
532,5,4921717254477,1789812712041129937,-0.6162,-0.7214999999999999,0.0663,0,0,0,"{""sensor_sample_index"":531}"
533,5,4921721264754,1789812712045082844,-0.624,-0.702,0.0663,0,0,0,"{""sensor_sample_index"":532}"
534,5,4921726906104,1789812712050716657,-0.6356999999999999,-0.6941999999999999,0.10139999999999999,0,0,0,"{""sensor_sample_index"":533}"
535,5,4921730600844,1789812712054407601,-0.6668999999999999,-0.6825,0.10919999999999999,0,0,0,"{""sensor_sample_index"":534}"
536,5,4921736267380,1789812712060130599,-0.6044999999999999,-0.7137,0.1209,0,0,0,"{""sensor_sample_index"":535}"
537,5,4921740316916,1789812712064153561,-0.6279,-0.6980999999999999,0.0897,0,0,0,"{""sensor_sample_index"":536}"
538,5,4921746020396,1789812712069833375,-0.6317999999999999,-0.7098,0.054599999999999996,0,0,0,"{""sensor_sample_index"":537}"
539,5,4921749730728,1789812712073538522,-0.6317999999999999,-0.7059,0.0897,0,0,0,"{""sensor_sample_index"":538}"
540,5,4921755390634,1789812712079208687,-0.6317999999999999,-0.7137,0.10139999999999999,0,0,0,"{""sensor_sample_index"":539}"
541,5,4921759127726,1789812712082933612,-0.624,-0.7137,0.1599,0,0,0,"{""sensor_sample_index"":540}"
542,5,4921764731558,1789812712088552537,-0.6123,-0.7253999999999999,0.11699999999999999,0,0,0,"{""sensor_sample_index"":541}"
543,5,4921770535464,1789812712094375091,-0.6356999999999999,-0.7137,0.054599999999999996,0,0,0,"{""sensor_sample_index"":542}"
544,5,4921774360796,1789812712098167368,-0.6356999999999999,-0.7253999999999999,0.0702,0,0,0,"{""sensor_sample_index"":543}"
545,5,4921779981906,1789812712103792292,-0.624,-0.7059,0.1209,0,0,0,"{""sensor_sample_index"":544}"
546,5,4921783723405,1789812712107539791,-0.6123,-0.7098,0.1326,0,0,0,"{""sensor_sample_index"":545}"
547,5,4921789631051,1789812712113484160,-0.6279,-0.702,0.10139999999999999,0,0,0,"{""sensor_sample_index"":546}"
548,5,4921793498254,1789812712117306252,-0.6317999999999999,-0.7214999999999999,0.0624,0,0,0,"{""sensor_sample_index"":547}"
549,5,4921799137438,1789812712122952287,-0.6201,-0.7176,0.078,0,0,0,"{""sensor_sample_index"":548}"
550,5,4921802852381,1789812712126656990,-0.6396,-0.702,0.13649999999999998,0,0,0,"{""sensor_sample_index"":549}"
551,5,4921808514787,1789812712132334415,-0.6356999999999999,-0.702,0.13649999999999998,0,0,0,"{""sensor_sample_index"":550}"
552,5,4921812251805,1789812712136061543,-0.6317999999999999,-0.7137,0.11309999999999999,0,0,0,"{""sensor_sample_index"":551}"
553,5,4921818072507,1789812712141925949,-0.6123,-0.7137,0.0741,0,0,0,"{""sensor_sample_index"":552}"
554,5,4921821935969,1789812712145748170,-0.624,-0.7137,0.0624,0,0,0,"{""sensor_sample_index"":553}"
555,5,4921827575820,1789812712151389873,-0.6356999999999999,-0.6980999999999999,0.09359999999999999,0,0,0,"{""sensor_sample_index"":554}"
556,5,4921833224485,1789812712157038686,-0.6552,-0.702,0.1209,0,0,0,"{""sensor_sample_index"":555}"
557,5,4921837114947,1789812712160979704,-0.5928,-0.7253999999999999,0.11699999999999999,0,0,0,"{""sensor_sample_index"":556}"
558,5,4921841095964,1789812712164912629,-0.6201,-0.7176,0.10919999999999999,0,0,0,"{""sensor_sample_index"":557}"
559,5,4921846742648,1789812712170554127,-0.6279,-0.7059,0.054599999999999996,0,0,0,"{""sensor_sample_index"":558}"
560,5,4921852337147,1789812712176143015,-0.6356999999999999,-0.7214999999999999,0.10139999999999999,0,0,0,"{""sensor_sample_index"":559}"
561,5,4921856045350,1789812712179857162,-0.6123,-0.7176,0.1209,0,0,0,"{""sensor_sample_index"":560}"
562,5,4921861663441,1789812712185471642,-0.6162,-0.7059,0.15209999999999999,0,0,0,"{""sensor_sample_index"":561}"
563,5,4921865371125,1789812712189188919,-0.6044999999999999,-0.7098,0.11699999999999999,0,0,0,"{""sensor_sample_index"":562}"
564,5,4921871183142,1789812712195020158,-0.6435,-0.7137,0.058499999999999996,0,0,0,"{""sensor_sample_index"":563}"
565,5,4921874994493,1789812712198809231,-0.6279,-0.7253999999999999,0.058499999999999996,0,0,0,"{""sensor_sample_index"":564}"
566,5,4921880627103,1789812712204434933,-0.624,-0.7137,0.1404,0,0,0,"{""sensor_sample_index"":565}"
567,5,4921886341583,1789812712210232376,-0.6279,-0.7059,0.1599,0,0,0,"{""sensor_sample_index"":566}"
568,5,4921890440322,1789812712214273135,-0.6435,-0.702,0.0858,0,0,0,"{""sensor_sample_index"":567}"
569,5,4921894234710,1789812712218043319,-0.624,-0.7214999999999999,0.058499999999999996,0,0,0,"{""sensor_sample_index"":568}"
570,5,4921899858283,1789812712223670577,-0.6162,-0.7059,0.046799999999999994,0,0,0,"{""sensor_sample_index"":569}"
571,5,4921905487448,1789812712229296149,-0.6356999999999999,-0.6980999999999999,0.12869999999999998,0,0,0,"{""sensor_sample_index"":570}"
572,5,4921909243651,1789812712233050556,-0.6435,-0.6941999999999999,0.13649999999999998,0,0,0,"{""sensor_sample_index"":571}"
573,5,4921914864446,1789812712238678295,-0.6083999999999999,-0.7137,0.10919999999999999,0,0,0,"{""sensor_sample_index"":572}"
574,5,4921918737963,1789812712242580405,-0.6162,-0.7098,0.0858,0,0,0,"{""sensor_sample_index"":573}"
575,5,4921924506351,1789812712248321256,-0.6162,-0.7059,0.046799999999999994,0,0,0,"{""sensor_sample_index"":574}"
576,5,4921928250887,1789812712252063292,-0.6279,-0.7098,0.11309999999999999,0,0,0,"{""sensor_sample_index"":575}"
577,5,4921933872534,1789812712257687494,-0.6317999999999999,-0.6980999999999999,0.1326,0,0,0,"{""sensor_sample_index"":576}"
578,5,4921937818903,1789812712261677586,-0.6044999999999999,-0.7214999999999999,0.10919999999999999,0,0,0,"{""sensor_sample_index"":577}"
579,5,4921943650383,1789812712267486158,-0.6162,-0.7176,0.10139999999999999,0,0,0,"{""sensor_sample_index"":578}"
580,5,4921947476475,1789812712271293343,-0.6201,-0.7137,0.0429,0,0,0,"{""sensor_sample_index"":579}"
581,5,4921953196862,1789812712277023304,-0.6474,-0.7098,0.0897,0,0,0,"{""sensor_sample_index"":580}"
582,5,4921956975139,1789812712280787192,-0.6162,-0.7214999999999999,0.1326,0,0,0,"{""sensor_sample_index"":581}"
583,5,4921962602138,1789812712286410117,-0.6162,-0.7098,0.1482,0,0,0,"{""sensor_sample_index"":582}"
584,5,4921968413006,1789812712292264022,-0.6162,-0.7137,0.11699999999999999,0,0,0,"{""sensor_sample_index"":583}"
585,5,4921972281783,1789812712296089651,-0.624,-0.7214999999999999,0.054599999999999996,0,0,0,"{""sensor_sample_index"":584}"
586,5,4921977877393,1789812712301684316,-0.6162,-0.7176,0.0663,0,0,0,"{""sensor_sample_index"":585}"
587,5,4921981557448,1789812712305361704,-0.6356999999999999,-0.7059,0.11309999999999999,0,0,0,"{""sensor_sample_index"":586}"
588,5,4921987377816,1789812712311240462,-0.6201,-0.7059,0.15209999999999999,0,0,0,"{""sensor_sample_index"":587}"
589,5,4921991315278,1789812712315128109,-0.6279,-0.702,0.10139999999999999,0,0,0,"{""sensor_sample_index"":588}"
590,5,4921996958944,1789812712320772200,-0.6279,-0.7214999999999999,0.0624,0,0,0,"{""sensor_sample_index"":589}"
591,5,4922000675591,1789812712324484218,-0.6317999999999999,-0.7176,0.0624,0,0,0,"{""sensor_sample_index"":590}"
592,5,4922006308590,1789812712330118513,-0.6317999999999999,-0.6941999999999999,0.11699999999999999,0,0,0,"{""sensor_sample_index"":591}"
593,5,4922010051737,1789812712333864438,-0.6591,-0.6941999999999999,0.13649999999999998,0,0,0,"{""sensor_sample_index"":592}"
594,5,4922015707328,1789812712339542825,-0.6083999999999999,-0.7214999999999999,0.10139999999999999,0,0,0,"{""sensor_sample_index"":593}"
595,5,4922019662864,1789812712343500991,-0.624,-0.7176,0.058499999999999996,0,0,0,"{""sensor_sample_index"":594}"
596,5,4922025445474,1789812712349285749,-0.624,-0.7137,0.078,0,0,0,"{""sensor_sample_index"":595}"
597,5,4922029243417,1789812712353050563,-0.6356999999999999,-0.7137,0.09359999999999999,0,0,0,"{""sensor_sample_index"":596}"
598,5,4922034914008,1789812712358741802,-0.6396,-0.7137,0.12869999999999998,0,0,0,"{""sensor_sample_index"":597}"
599,5,4922040799859,1789812712364650541,-0.6044999999999999,-0.7214999999999999,0.1482,0,0,0,"{""sensor_sample_index"":598}"
600,5,4922044658784,1789812712368464577,-0.5967,-0.7098,0.0897,0,0,0,"{""sensor_sample_index"":599}"
601,5,4922050271838,1789812712374081798,-0.6356999999999999,-0.7137,0.0702,0,0,0,"{""sensor_sample_index"":600}"
602,5,4922053972929,1789812712377776927,-0.6396,-0.7176,0.078,0,0,0,"{""sensor_sample_index"":601}"
603,5,4922059587650,1789812712383398148,-0.6123,-0.7137,0.10919999999999999,0,0,0,"{""sensor_sample_index"":602}"
604,5,4922063288409,1789812712387094721,-0.6356999999999999,-0.7059,0.1599,0,0,0,"{""sensor_sample_index"":603}"
605,5,4922069253185,1789812712393123812,-0.6279,-0.7059,0.10139999999999999,0,0,0,"{""sensor_sample_index"":604}"
606,5,4922073239610,1789812712397069144,-0.6435,-0.7176,0.050699999999999995,0,0,0,"{""sensor_sample_index"":605}"
607,5,4922078963330,1789812712402780865,-0.6279,-0.7176,0.0663,0,0,0,"{""sensor_sample_index"":606}"
608,5,4922082690107,1789812712406502679,-0.6396,-0.6980999999999999,0.11309999999999999,0,0,0,"{""sensor_sample_index"":607}"
609,5,4922088538458,1789812712412397400,-0.6279,-0.6941999999999999,0.14429999999999998,0,0,0,"{""sensor_sample_index"":608}"
610,5,4922092432697,1789812712416241288,-0.6279,-0.7059,0.11309999999999999,0,0,0,"{""sensor_sample_index"":609}"
611,5,4922098049270,1789812712421856657,-0.6201,-0.7137,0.046799999999999994,0,0,0,"{""sensor_sample_index"":610}"
612,5,4922101746436,1789812712425558174,-0.6279,-0.7059,0.0702,0,0,0,"{""sensor_sample_index"":611}"
613,5,4922107373138,1789812712431184821,-0.6396,-0.6941999999999999,0.10529999999999999,0,0,0,"{""sensor_sample_index"":612}"
614,5,4922112999489,1789812712436809968,-0.6552,-0.702,0.1326,0,0,0,"{""sensor_sample_index"":613}"
615,5,4922116856414,1789812712440729800,-0.5928,-0.7176,0.12869999999999998,0,0,0,"{""sensor_sample_index"":614}"
616,5,4922122765319,1789812712446589761,-0.6162,-0.7137,0.10139999999999999,0,0,0,"{""sensor_sample_index"":615}"
617,5,4922126526096,1789812712450337075,-0.6123,-0.7059,0.058499999999999996,0,0,0,"{""sensor_sample_index"":616}"
618,5,4922132135576,1789812712455944166,-0.6396,-0.7176,0.11309999999999999,0,0,0,"{""sensor_sample_index"":617}"
619,5,4922135983131,1789812712459876128,-0.624,-0.7059,0.1326,0,0,0,"{""sensor_sample_index"":618}"
620,5,4922140359908,1789812712464230350,-0.6083999999999999,-0.7176,0.1482,0,0,0,"{""sensor_sample_index"":619}"
621,5,4922146691628,1789812712470552459,-0.6083999999999999,-0.7137,0.10139999999999999,0,0,0,"{""sensor_sample_index"":620}"
