timestamp_s,signal,x_g,y_g,z_g,label,anomaly_type,source,sample_index,host_monotonic_ns,sensor_time_estimate_s,fifo_depth,overrun,gap,saturated,read_duration_ns
0.013127469,1.0426575420529982,-0.13649999999999998,0.0195,-1.0334999999999999,-1,technical_sigterm_probe,real_fifo,0,3264298424279,0.0,1,False,False,False,1723149
0.016810212,1.0928214767289304,-0.13649999999999998,0.011699999999999999,-1.0842,-1,technical_sigterm_probe,real_fifo,1,3264302107022,0.005,1,False,False,False,1719593
0.022327789,1.0988522512148755,-0.15209999999999999,0.0195,-1.0880999999999998,-1,technical_sigterm_probe,real_fifo,2,3264307624599,0.01,1,False,False,False,1717297
0.025987476,1.1122797265076803,-0.13649999999999998,0.0195,-1.1037,-1,technical_sigterm_probe,real_fifo,3,3264311284286,0.015,1,False,False,False,1726112
0.031550683,1.1170692055553226,-0.14429999999999998,0.0156,-1.1076,-1,technical_sigterm_probe,real_fifo,4,3264316847493,0.02,1,False,False,False,1721686
0.037099982,1.1092535192641941,-0.14429999999999998,0.0078,-1.0997999999999999,-1,technical_sigterm_probe,real_fifo,5,3264322396792,0.025,1,False,False,False,1718001
0.040739002,1.1143768034197408,-0.15209999999999999,0.023399999999999997,-1.1037,-1,technical_sigterm_probe,real_fifo,6,3264326035812,0.03,1,False,False,False,1717001
0.046290635,1.1161497480177112,-0.13649999999999998,0.0195,-1.1076,-1,technical_sigterm_probe,real_fifo,7,3264331587445,0.035,1,False,False,False,1719594
0.051844471,1.1109798783056333,-0.156,0.0195,-1.0997999999999999,-1,technical_sigterm_probe,real_fifo,8,3264337141281,0.04,1,False,False,False,1720094
0.05549025,1.1122797265076803,-0.13649999999999998,0.0195,-1.1037,-1,technical_sigterm_probe,real_fifo,9,3264340787060,0.045,1,False,False,False,1717537
0.061027587,1.1064664974593672,-0.15209999999999999,0.011699999999999999,-1.0958999999999999,-1,technical_sigterm_probe,real_fifo,10,3264346324397,0.05,1,False,False,False,1719964
0.064665811,1.1055313428392701,-0.14429999999999998,0.0195,-1.0958999999999999,-1,technical_sigterm_probe,real_fifo,11,3264349962621,0.055,1,False,False,False,1717205
0.070215573,1.1060471508936676,-0.1482,0.0195,-1.0958999999999999,-1,technical_sigterm_probe,real_fifo,12,3264355512383,0.06,1,False,False,False,1729538
0.075764168,1.0977997768263572,-0.14429999999999998,0.0195,-1.0880999999999998,-1,technical_sigterm_probe,real_fifo,13,3264361060978,0.065,1,False,False,False,1716704
0.079400689,1.0943930920834617,-0.1482,0.0156,-1.0842,-1,technical_sigterm_probe,real_fifo,14,3264364697499,0.07,1,False,False,False,1716686
0.084945599,1.1159453212411439,-0.1326,0.0312,-1.1076,-1,technical_sigterm_probe,real_fifo,15,3264370242409,0.075,1,False,False,False,1719871
0.090500676,1.1084099151487232,-0.13649999999999998,0.0195,-1.0997999999999999,-1,technical_sigterm_probe,real_fifo,16,3264375797486,0.08,1,False,False,False,1718094
0.094148455,1.115843093808444,-0.1326,0.027299999999999998,-1.1076,-1,technical_sigterm_probe,real_fifo,17,3264379445265,0.085,1,False,False,False,1716741
0.099689773,1.1088969519301601,-0.1404,0.0195,-1.0997999999999999,-1,technical_sigterm_probe,real_fifo,18,3264384986583,0.09,1,False,False,False,1719001
0.103335071,1.1010577913987984,-0.13649999999999998,0.0351,-1.0919999999999999,-1,technical_sigterm_probe,real_fifo,19,3264388631881,0.095,1,False,False,False,1716927
0.108865111,1.1205766238861135,-0.1404,0.023399999999999997,-1.1115,-1,technical_sigterm_probe,real_fifo,20,3264394161921,0.1,1,False,False,False,1716612
0.114396077,1.1170692055553226,-0.14429999999999998,0.0156,-1.1076,-1,technical_sigterm_probe,real_fifo,21,3264399692887,0.105,1,False,False,False,1715575
0.118030208,1.1111441535642437,-0.156,0.027299999999999998,-1.0997999999999999,-1,technical_sigterm_probe,real_fifo,22,3264403327018,0.11,1,False,False,False,1716167
0.123582174,1.1094728883573495,-0.14429999999999998,0.023399999999999997,-1.0997999999999999,-1,technical_sigterm_probe,real_fifo,23,3264408878984,0.115,1,False,False,False,1734408
0.129179881,1.117293846756528,-0.14429999999999998,0.027299999999999998,-1.1076,-1,technical_sigterm_probe,real_fifo,24,3264414476691,0.12,1,False,False,False,1721409
0.13284342,1.1014307059456803,-0.1404,0.0312,-1.0919999999999999,-1,technical_sigterm_probe,real_fifo,25,3264418140230,0.125,1,False,False,False,1721594
0.138399459,1.0934267465175709,-0.1404,0.0195,-1.0842,-1,technical_sigterm_probe,real_fifo,26,3264423696269,0.13,1,False,False,False,1719556
0.143985481,1.0828032369733662,-0.1482,0.0156,-1.0725,-1,technical_sigterm_probe,real_fifo,27,3264429282291,0.135,1,False,False,False,1747538
0.147680686,1.0878203941827898,-0.156,0.0195,-1.0764,-1,technical_sigterm_probe,real_fifo,28,3264432977496,0.14,1,False,False,False,1726056
0.153243949,1.1087872158353917,-0.1404,0.011699999999999999,-1.0997999999999999,-1,technical_sigterm_probe,real_fifo,29,3264438540759,0.145,1,False,False,False,1723501
0.156907376,1.1175796884338942,-0.1482,0.0156,-1.1076,-1,technical_sigterm_probe,real_fifo,30,3264442204186,0.15,1,False,False,False,1729112
0.162499064,1.1022589532410247,-0.1482,0.023399999999999997,-1.0919999999999999,-1,technical_sigterm_probe,real_fifo,31,3264447795874,0.155,1,False,False,False,1721352
0.168079234,1.1006087451951305,-0.13649999999999998,0.0156,-1.0919999999999999,-1,technical_sigterm_probe,real_fifo,32,3264453376044,0.16,1,False,False,False,1720779
0.171735365,1.107936392578563,-0.1326,0.0195,-1.0997999999999999,-1,technical_sigterm_probe,real_fifo,33,3264457032175,0.165,1,False,False,False,1718612
0.177269165,1.1018311032095618,-0.14429999999999998,0.027299999999999998,-1.0919999999999999,-1,technical_sigterm_probe,real_fifo,34,3264462565975,0.17,1,False,False,False,1716687
0.180908129,1.0905923069598464,-0.1482,0.0195,-1.0803,-1,technical_sigterm_probe,real_fifo,35,3264466204939,0.175,1,False,False,False,1719278
0.186456873,1.1039549175577776,-0.1326,0.011699999999999999,-1.0958999999999999,-1,technical_sigterm_probe,real_fifo,36,3264471753683,0.18,1,False,False,False,1716742
0.192004839,1.105029058441451,-0.1404,0.0195,-1.0958999999999999,-1,technical_sigterm_probe,real_fifo,37,3264477301649,0.185,1,False,False,False,1720964
0.195646248,1.093934358176943,-0.14429999999999998,0.0195,-1.0842,-1,technical_sigterm_probe,real_fifo,38,3264480943058,0.19,1,False,False,False,1721649
0.201193455,1.0944556318097138,-0.1482,0.0195,-1.0842,-1,technical_sigterm_probe,real_fifo,39,3264486490265,0.195,1,False,False,False,1719501
0.206729902,1.1137760906034928,-0.1482,0.0195,-1.1037,-1,technical_sigterm_probe,real_fifo,40,3264492026712,0.2,1,False,False,False,1717094
0.210363478,1.0934267465175709,-0.1404,0.0195,-1.0842,-1,technical_sigterm_probe,real_fifo,41,3264495660288,0.205,1,False,False,False,1715816
0.215897055,1.113263863601078,-0.14429999999999998,0.0195,-1.1037,-1,technical_sigterm_probe,real_fifo,42,3264501193865,0.21,1,False,False,False,1719760
0.22143128,1.0901459260117428,-0.14429999999999998,0.023399999999999997,-1.0803,-1,technical_sigterm_probe,real_fifo,43,3264506728090,0.215,1,False,False,False,1716909
0.225065059,1.0994749519657097,-0.156,0.023399999999999997,-1.0880999999999998,-1,technical_sigterm_probe,real_fifo,44,3264510361869,0.22,1,False,False,False,1715038
0.230604007,1.1122797265076803,-0.13649999999999998,0.0195,-1.1037,-1,technical_sigterm_probe,real_fifo,45,3264515900817,0.225,1,False,False,False,1718612
0.234261064,1.0977997768263572,-0.14429999999999998,0.0195,-1.0880999999999998,-1,technical_sigterm_probe,real_fifo,46,3264519557874,0.23,1,False,False,False,1726945
0.239977289,1.104326853789221,-0.1638,0.0156,-1.0919999999999999,-1,technical_sigterm_probe,real_fifo,47,3264525274099,0.235,1,False,False,False,1774371
0.245599255,1.1109182688208885,-0.156,0.0156,-1.0997999999999999,-1,technical_sigterm_probe,real_fifo,48,3264530896065,0.24,1,False,False,False,1723834
0.249268368,1.1012373586107582,-0.1404,0.023399999999999997,-1.0919999999999999,-1,technical_sigterm_probe,real_fifo,49,3264534565178,0.245,1,False,False,False,1718149
0.254814723,1.1016654392328007,-0.14429999999999998,0.0195,-1.0919999999999999,-1,technical_sigterm_probe,real_fifo,50,3264540111533,0.25,1,False,False,False,1720149
0.258552595,1.1026038726578098,-0.15209999999999999,0.011699999999999999,-1.0919999999999999,-1,technical_sigterm_probe,real_fifo,51,3264543849405,0.255,1,False,False,False,1730279
0.264152746,1.102120955249468,-0.1482,0.0156,-1.0919999999999999,-1,technical_sigterm_probe,real_fifo,52,3264549449556,0.26,1,False,False,False,1725205
0.269710397,1.1137146358021879,-0.1482,0.0156,-1.1037,-1,technical_sigterm_probe,real_fifo,53,3264555007207,0.265,1,False,False,False,1717649
0.273348528,1.1012373586107582,-0.1404,0.023399999999999997,-1.0919999999999999,-1,technical_sigterm_probe,real_fifo,54,3264558645338,0.27,1,False,False,False,1717130
0.278880365,1.1103773277584514,-0.15209999999999999,0.0156,-1.0997999999999999,-1,technical_sigterm_probe,real_fifo,55,3264564177175,0.275,1,False,False,False,1717112
0.284419312,1.117715777825472,-0.1482,0.023399999999999997,-1.1076,-1,technical_sigterm_probe,real_fifo,56,3264569716122,0.28,1,False,False,False,1723982
0.288059684,1.0962607947016987,-0.1326,0.0156,-1.0880999999999998,-1,technical_sigterm_probe,real_fifo,57,3264573356494,0.285,1,False,False,False,1722908
