window,window_start_ns,window_complete_ns,decision_ns,elapsed_s,score,threshold,prediction,error,processing_ms,window_to_decision_ms,process_cpu_percent_one_core,process_rss_bytes,process_lifetime_peak_rss_bytes,temperature_c,cpu_frequency_khz,windows_dropped
1,6413252514812,6413864940514,6413887731602,0.647312484,0.37109488370401783,0.4833547401595273,0,,22.111123,22.791088,10.836219913986218,175177728,173932544,56.2,2400000.0,0
2,6413874596110,6414483288118,6414502341309,1.261922191,0.37491415597115185,0.4833547401595273,0,,18.417968,19.053191,14.643310148744838,175210496,173932544,56.2,2400000.0,0
3,6414491233839,6415101612554,6415122709193,1.882290075,0.37691059390220394,0.4833547401595273,0,,20.447619,21.096639,12.895810029300673,175210496,173932544,55.1,2400000.0,0
4,6415105797248,6415718173041,6415737739140,2.497320022,0.3770400689842345,0.4833547401595273,0,,19.078135,19.566099,11.381518151341991,175210496,173932544,56.2,2400000.0,0
5,6415723553034,6416335742306,6416358273745,3.117854627,0.3747581696728141,0.4833547401595273,0,,21.637881,22.531439,11.280590651341695,175210496,173932544,55.65,2400000.0,0
6,6416343969695,6416953424831,6416972415799,3.731996681,0.3713402987369036,0.4833547401595273,0,,18.290226,18.990968,13.026306141643454,175226880,173932544,54.55,2400000.0,0
7,6416961120903,6417571408855,6417591823234,4.351404116,0.3761719481853799,0.4833547401595273,0,,19.664099,20.414379,11.301064844302456,175226880,173932544,56.2,2400000.0,0
8,6417575240956,6418188991507,6418208642477,4.968223359,0.37953278219140724,0.4833547401595273,0,,19.308339,19.65097,11.34864024094228,175226880,173932544,56.2,2400000.0,0
9,6418192913497,6418806983345,6418827185223,5.586766105,0.3696696229294229,0.4833547401595273,0,,19.708099,20.201878,12.93366502017747,175226880,173932544,56.2,2400000.0,0
10,6418812361801,6419424253124,6419447206767,6.206787649,0.38369264806009756,0.4833547401595273,0,,22.226271,22.953643,12.902741599859946,175226880,173932544,56.2,2400000.0,0
11,6419430412304,6420040771438,6420059429183,6.819010065,0.37619857418850633,0.4833547401595273,0,,17.892929,18.657745,11.433825481399404,175226880,173932544,56.2,2400000.0,0
12,6420046674673,6420658925329,6420686100667,7.445681549,0.3709210390818697,0.4833547401595273,0,,26.666634,27.175338,14.36143852650845,175226880,173932544,55.65,1700000.0,0
13,6420663682561,6421277459015,6421303514110,8.063094992,0.3743414811469596,0.4833547401595273,0,,25.438112,26.055095,12.95729778041411,175226880,173932544,56.2,1700000.0,0
14,6421283358102,6421894930773,6421923519374,8.683100256,0.37451028472618286,0.4833547401595273,0,,27.837747,28.588601,14.515808092434716,175226880,173932544,55.65,1700000.0,0
15,6421899332635,6422512965587,6422538508736,9.298089618,0.36983848447648415,0.4833547401595273,0,,24.743147,25.543149,14.634560749396197,175226880,173932544,55.65,1700000.0,0
16,6422517444541,6423130346435,6423156291659,9.915872541,0.3783619024142363,0.4833547401595273,0,,25.365463,25.945224,12.949580563637761,175226880,173932544,55.65,1700000.0,0
17,6423134650037,6423746683559,6423774589842,10.534170724,0.37775219178722536,0.4833547401595273,0,,27.304949,27.906283,14.556126685861994,175226880,173932544,56.75,1700000.0,0
18,6423755123892,6424363967072,6424399526187,11.159107069,0.3745013847743129,0.4833547401595273,0,,34.615854,35.559115,14.401356239085091,175226880,173932544,55.65,1700000.0,0
19,6424379130550,6424981948789,6425001388573,11.760969455,0.3726702940081154,0.4833547401595273,0,,18.714097,19.439784,13.292019852586597,175226880,173932544,57.3,2400000.0,0
20,6424987820635,6425599831098,6425620842460,12.380423342,0.3790218783095689,0.4833547401595273,0,,20.574194,21.011362,12.91476273064157,175226880,173932544,55.65,2400000.0,0
21,6425605960834,6426218284945,6426238479711,12.998060593,0.37697380381160667,0.4833547401595273,0,,19.686228,20.194766,11.333533321622708,175226880,173932544,56.2,2400000.0,0
22,6426223198918,6426834424026,6426855121146,13.614702028,0.3764347694282021,0.4833547401595273,0,,19.958618,20.69712,11.351788910656817,175226880,173932544,56.2,2400000.0,0
23,6426842150265,6427453994133,6427474503307,14.234084189,0.36999375303181664,0.4833547401595273,0,,19.845414,20.509174,11.301522590045236,175226880,173932544,56.2,2400000.0,0
24,6427457996178,6428070286472,6428088832624,14.848413506,0.38164803785855766,0.4833547401595273,0,,18.000744,18.546152,13.02238487080409,175226880,173932544,56.2,2400000.0,0
25,6428076510134,6428688892778,6428707688246,15.467269128,0.3751514439421566,0.4833547401595273,0,,18.342985,18.795468,11.311208252335298,175226880,173932544,55.65,2400000.0,0
26,6428693312825,6429306210173,6429325428808,16.08500969,0.37748805370891136,0.4833547401595273,0,,18.569596,19.218635,11.33163826379092,175226880,173932544,55.65,2400000.0,0
27,6429311504703,6429923596605,6429954494691,16.714075573,0.3764072848887139,0.4833547401595273,0,,28.471747,30.898086,15.896458835050312,175226880,173932544,56.75,1800000.0,0
28,6429934106961,6430541860353,6430566953926,17.326534808,0.3703374013535131,0.4833547401595273,0,,24.315664,25.093573,13.062148756776258,175226880,173932544,56.2,1700000.0,0
29,6430545906417,6431158983134,6431184971913,17.944552795,0.3754179975978345,0.4833547401595273,0,,25.431908,25.988779,12.944660202250269,175226880,173932544,54.55,1700000.0,0
30,6431164325053,6431775256357,6431802755287,18.562336169,0.37593323226114245,0.4833547401595273,0,,26.84217,27.49893,14.568005488345557,175226880,173932544,56.75,1700000.0,0
31,6431783023300,6432394096899,6432426751730,19.186332612,0.3713802080623483,0.4833547401595273,0,,31.667218,32.654831,14.42330681763477,175226880,173932544,56.2,1700000.0,0
32,6432398766891,6433010797399,6433035582361,19.795163243,0.3728648849287646,0.4833547401595273,0,,24.024183,24.784962,14.78247720302007,175226880,173932544,56.75,1800000.0,0
33,6433017386784,6433629325050,6433656091183,20.415672065,0.37886457622751774,0.4833547401595273,0,,26.276261,26.766133,14.504125254442478,175226880,173932544,55.1,1700000.0,0
34,6433634299265,6434246592494,6434273003422,21.032584304,0.3725964246223419,0.4833547401595273,0,,25.770352,26.410928,12.967712315550454,175226880,173932544,56.2,1700000.0,0
35,6434250467040,6434865041773,6434886110042,21.645690924,0.3766349131986111,0.4833547401595273,0,,20.347915,21.068269,14.679544443830514,175226880,173932544,56.75,2400000.0,0
36,6434868785244,6435480906250,6435503620281,22.263201163,0.37064701861045674,0.4833547401595273,0,,21.763566,22.714031,11.335632640101194,175226880,173932544,55.65,2400000.0,0
37,6435487733950,6436099798380,6436118434531,22.878015413,0.3732455674287396,0.4833547401595273,0,,18.297632,18.636151,13.012263940024976,175226880,173932544,57.3,2400000.0,0
38,6436103632981,6436717343951,6436736988586,23.496569468,0.3716267777669239,0.4833547401595273,0,,19.060245,19.644635,11.316764200195083,175226880,173932544,56.75,2400000.0,0
39,6436723062945,6437334495334,6437353800339,24.113381221,0.3756956026360926,0.4833547401595273,0,,18.622707,19.305005,11.348635972432863,175226880,173932544,56.75,2400000.0,0
40,6437342923593,6437951924792,6437971935095,24.731515977,0.36863493375501166,0.4833547401595273,0,,19.241135,20.010303,11.324391885773526,175226880,173932544,57.85,2400000.0,0
41,6437957863990,6438570660845,6438589895887,25.349476769,0.3720752137444643,0.4833547401595273,0,,18.538689,19.235042,12.945920366026467,175226880,173932544,56.2,2400000.0,0
42,6438574690890,6439187395836,6439207172509,25.966753391,0.37278319328484477,0.4833547401595273,0,,19.253635,19.776673,11.340086667068523,175226880,173932544,57.3,2400000.0,0
43,6439193607868,6439805845275,6439837403029,26.596983911,0.3715866903512409,0.4833547401595273,0,,30.771567,31.557754,14.28036352417467,175226880,173932544,57.3,1700000.0,0
44,6439812237604,6440422859543,6440448274673,27.207855555,0.37233692842841476,0.4833547401595273,0,,23.381884,25.41513,14.733124550230857,175226880,173932544,57.3,2400000.0,0
45,6440427987295,6441039483958,6441058641241,27.818222123,0.37253363135762685,0.4833547401595273,0,,18.76256,19.157283,13.106700825690966,175226880,173932544,56.75,2400000.0,0
46,6441045856972,6441656820763,6441676932955,28.436513837,0.37851181494375885,0.4833547401595273,0,,19.572302,20.112192,12.93904873156729,175226880,173932544,57.85,2400000.0,0
47,6441663787759,6442275015957,6442294174239,29.053755121,0.37837517760836814,0.4833547401595273,0,,18.580151,19.158282,9.72061910311106,175226880,173932544,55.65,2400000.0,0
48,6442281872916,6442892073389,6442910510429,29.670091311,0.3768624834348979,0.4833547401595273,0,,17.700335,18.43704,11.357572010195467,175226880,173932544,56.2,2400000.0,0
49,6442898209606,6443509864673,6443532658963,30.292239845,0.3797028262486171,0.4833547401595273,0,,22.284048,22.79429,14.465711687301946,175226880,173932544,57.3,2400000.0,0
50,6443516830207,6444128026439,6444147170943,30.906751825,0.374060479243433,0.4833547401595273,0,,18.572447,19.144504,13.018678343712066,175226880,173932544,56.75,2400000.0,0
51,6444133905544,6444745709758,6444765441060,31.525021942,0.37261654915396986,0.4833547401595273,0,,19.180208,19.731302,12.93931700511042,175226880,173932544,56.75,2400000.0,0
52,6444753835017,6445363373188,6445388226631,32.147807513,0.3711297545503761,0.4833547401595273,0,,23.946478,24.853443,11.239839385906262,175226880,173932544,56.75,1800000.0,0
53,6445367992105,6445981597729,6446008997011,32.768577893,0.3711611811049323,0.4833547401595273,0,,26.698502,27.399282,16.108954524811864,175226880,173932544,57.3,1800000.0,0
54,6445986515888,6446599466510,6446625703344,33.385284226,0.3719258013982921,0.4833547401595273,0,,25.681907,26.236834,12.972131530411506,175226880,173932544,56.75,1700000.0,0
55,6446603850982,6447216194935,6447244072458,34.00365334,0.37592638561689035,0.4833547401595273,0,,27.219151,27.877523,14.554330605417299,175226880,173932544,56.2,1600000.0,0
56,6447225947697,6447833272675,6447863979223,34.623560105,0.37783758557291186,0.4833547401595273,0,,29.825953,30.706548,14.518170474345412,175226880,173932544,56.75,1700000.0,0
57,6447840547617,6448451815640,6448487319957,35.246900839,0.378371004315985,0.4833547401595273,0,,34.372315,35.504317,16.04280283970939,175226880,173932544,56.2,1800000.0,0
58,6448459514119,6449069142786,6449095790214,35.855371096,0.37489246620877714,0.4833547401595273,0,,25.961482,26.647428,14.791238165523184,175226880,173932544,57.3,1700000.0,0
59,6449074118500,6449686320542,6449714226417,36.473807299,0.3744288463064715,0.4833547401595273,0,,27.306447,27.905875,14.552691166594341,175226880,173932544,56.75,1700000.0,0
60,6449695625729,6450304238910,6450331813821,37.091394703,0.3692665529295402,0.4833547401595273,0,,26.70889,27.574911,12.953726431275063,175226880,173932544,56.75,1600000.0,0
61,6450309136495,6450922653519,6450949331151,37.708912033,0.3770003870800412,0.4833547401595273,0,,25.839352,26.677632,14.574479724870578,175226880,173932544,57.3,1700000.0,0
62,6450927062696,6451539663791,6451567796667,38.327377549,0.3717237829087156,0.4833547401595273,0,,27.521096,28.132876,16.16910833190817,175226880,173932544,57.3,1800000.0,0
63,6451544353394,6452157979843,6452186924424,38.946505306,0.37143018335527256,0.4833547401595273,0,,28.193987,28.944581,14.536591465246035,175226880,173932544,56.2,1700000.0,0
64,6452164856895,6452774343390,6452800556446,39.560137328,0.37297317800542285,0.4833547401595273,0,,25.313887,26.213056,13.037186323442914,175226880,173932544,56.75,1700000.0,0
65,6452783626299,6453393379608,6453455098537,40.214679419,0.37635058863001486,0.4833547401595273,0,,59.141942,61.718929,19.860877152738837,175226880,173932544,58.4,2400000.0,0
66,6453399566881,6454010209636,6454030272290,40.789853172,0.37632644879811084,0.4833547401595273,0,,19.52906,20.062654,13.909060842435062,175226880,173932544,57.3,2400000.0,0
67,6454016325779,6454628611685,6454648542857,41.408123739,0.37543898952319815,0.4833547401595273,0,,19.406708,19.931172,11.321892802186566,175226880,173932544,57.3,2400000.0,0
68,6454634108308,6455245423321,6455266397700,42.025978582,0.3779337484242407,0.4833547401595273,0,,20.351636,20.974379,11.329530430784134,175226880,173932544,56.2,2400000.0,0
69,6455253585413,6455863857535,6455883822411,42.643403293,0.37143571056353236,0.4833547401595273,0,,19.100096,19.964876,12.956979696679332,175226880,173932544,58.4,2400000.0,0
70,6455867796322,6456480122207,6456500795806,43.260376688,0.3741575827546402,0.4833547401595273,0,,18.135724,20.673599,12.966667464824086,175226880,173932544,58.95,2400000.0,0
71,6456486141053,6457097857825,6457118423257,43.878004139,0.372349958145875,0.4833547401595273,0,,19.984653,20.565432,11.333620080396797,175226880,173932544,57.85,2400000.0,0
72,6457105888157,6457716113091,6457735514392,44.495095274,0.3734612615096211,0.4833547401595273,0,,18.853651,19.401301,12.964066589150447,175226880,173932544,57.85,2400000.0,0
73,6457723421496,6458333872467,6458354156251,45.113737133,0.37644137796971666,0.4833547401595273,0,,19.506653,20.283784,11.315020148872625,175226880,173932544,57.85,2400000.0,0
74,6458339877258,6458952046269,6458978305436,45.737886318,0.3744821018498374,0.4833547401595273,0,,25.429091,26.259167,14.419711214580452,175226880,173932544,56.75,1700000.0,0
75,6458956950520,6459569905236,6459597486739,46.357067621,0.37021481597238626,0.4833547401595273,0,,26.877613,27.581503,16.150373439682213,175226880,173932544,56.75,1800000.0,0
76,6459575682193,6460187518553,6460214773778,46.97435466,0.37843844176505975,0.4833547401595273,0,,26.478149,27.255225,16.19977705022731,175226880,173932544,57.85,1700000.0,0
77,6460194337345,6460804765202,6460839024387,47.598605269,0.37369433957671194,0.4833547401595273,0,,33.240608,34.259185,16.019092451461294,175226880,173932544,59.5,2400000.0,0
78,6460809706491,6461422566315,6461444812955,48.204393837,0.37492319814279607,0.4833547401595273,0,,21.502657,22.24664,14.85690066041434,175226880,173932544,57.85,2400000.0,0
79,6461426533509,6462039350276,6462058433502,48.818014384,0.37702673463003045,0.4833547401595273,0,,18.560576,19.083226,9.778038668891053,175226880,173932544,56.75,2400000.0,0
80,6462043998879,6462657010443,6462677161708,49.43674259,0.37496039294050754,0.4833547401595273,0,,19.640709,20.151265,11.313541983281526,175226880,173932544,58.4,2400000.0,0
81,6462664472848,6463276404834,6463301525073,50.061105955,0.3783684338372927,0.4833547401595273,0,,24.452515,25.120239,17.617932349015643,175226880,173932544,57.3,2400000.0,0
82,6463286265818,6463893192108,6463917044770,50.676625652,0.3812574627525454,0.4833547401595273,0,,23.273976,23.852662,17.871037908225755,175226880,173932544,58.95,2400000.0,0
83,6463897850896,6464510203326,6464538130144,51.297711026,0.3736640476190434,0.4833547401595273,0,,26.313518,27.926818,19.3210578967218,175226880,173932544,59.5,2400000.0,0
84,6464518387028,6465128952713,6465177368594,51.936949476,0.37253987109236697,0.4833547401595273,0,,45.66169,48.415881,21.900735074706898,175226880,173932544,60.6,2400000.0,0
85,6465179047079,6465745653559,6465794325384,52.553906266,0.3726518014150871,0.4833547401595273,0,,45.97569,48.671825,22.692148008162004,175226880,173932544,61.15,2400000.0,0
86,6465753628113,6466363452258,6466378614197,53.138195079,0.37689664305732534,0.4833547401595273,0,,14.847439,15.161939,8.5575498978814,175226880,173932544,58.95,2400000.0,0
87,6466369746993,6466980536454,6466995606023,53.755186905,0.36985550936622735,0.4833547401595273,0,,14.780754,15.069569,6.483076423326755,175226880,173932544,57.85,2400000.0,0
88,6466987181616,6467598369781,6467613530721,54.373111603,0.37126298845113487,0.4833547401595273,0,,14.847347,15.16094,6.473274463333519,175226880,173932544,57.3,2400000.0,0
89,6467604448516,6468216988535,6468232149881,54.991730763,0.3778813881612173,0.4833547401595273,0,,14.869568,15.161346,8.082510169268422,175226880,173932544,57.3,2400000.0,0
90,6468222613139,6468834112414,6468849283539,55.608864421,0.37157644780597887,0.4833547401595273,0,,14.870884,15.171125,4.861185037137899,175226880,173932544,56.2,2400000.0,0
91,6468841260448,6469451713090,6469467044715,56.226625597,0.3699013922818335,0.4833547401595273,0,,15.016736,15.331625,6.474990648085068,175226880,173932544,56.2,2400000.0,0
92,6469458273215,6470070158304,6470085401280,56.844982162,0.3753963663426802,0.4833547401595273,0,,14.934457,15.242976,6.46876352552602,175226880,173932544,56.75,2400000.0,0
93,6470074564183,6470687289959,6470711404899,57.470985781,0.4410025969486866,0.4833547401595273,0,,23.71031,24.11494,7.987149481593839,175226880,173932544,56.2,1500000.0,0
94,6470693190545,6471304531483,6471320159109,58.079739991,0.5576362839953166,0.4833547401595273,1,,15.277884,15.627626,8.21352803451274,175226880,173932544,56.75,2400000.0,0
95,6471312645593,6471922426842,6471938644931,58.698225813,0.379486754121984,0.4833547401595273,0,,15.912663,16.218089,8.084236437261216,175226880,173932544,55.1,2400000.0,0
96,6471927427537,6472540535885,6472556048307,59.315629189,0.3689158772360875,0.4833547401595273,0,,15.11968,15.512422,4.859074355857691,175226880,173932544,56.75,2400000.0,0
97,6472547305566,6473157110184,6473172320549,59.931901431,0.37107016381522745,0.4833547401595273,0,,14.905198,15.210365,6.4906342403375055,175226880,173932544,56.75,2400000.0,0
98,6473164643125,6473775921672,6473792209280,60.551790162,0.5772995702268586,0.4833547401595273,1,,15.992663,16.287608,8.065910451754187,175226880,173932544,55.65,2400000.0,0
99,6473783250483,6474391886560,6474406939092,61.166519974,0.45230712028460596,0.4833547401595273,0,,14.762791,15.052532,4.880223963757904,175226880,173932544,55.1,2400000.0,0
100,6474397448479,6475010530379,6475025505818,61.7850867,0.3681085041127942,0.4833547401595273,0,,14.662049,14.975439,6.466563598268668,175226880,173932544,54.55,2400000.0,0
101,6475016382428,6475628060954,6475643242542,62.402823424,0.3785928153376081,0.4833547401595273,0,,14.874605,15.181588,6.475262483505617,175226880,173932544,55.1,2400000.0,0
102,6475633965300,6476246056363,6476261049080,63.020629962,0.5571066298775579,0.4833547401595273,1,,14.694124,14.992717,8.093141138474772,175226880,173932544,55.1,2400000.0,0
103,6476253489156,6476862710157,6476886034373,63.645615255,0.4933522944158459,0.4833547401595273,1,,22.890622,23.324216,8.000163600144337,175226880,173932544,55.1,1500000.0,0
104,6476872809086,6477480710991,6477502585407,64.262166289,0.37793602259601633,0.4833547401595273,0,,21.485712,21.874416,8.109629014230208,175226880,173932544,54.55,1600000.0,0
105,6477489587454,6478098592341,6478120896721,64.880477603,0.3727786779982213,0.4833547401595273,0,,21.834342,22.30438,8.086539637134171,175226880,173932544,54.55,1600000.0,0
106,6478113152872,6478715517449,6478739409517,65.498990399,0.48513367207477176,0.4833547401595273,1,,23.462456,23.892068,9.700686812022122,175226880,173932544,54.0,1500000.0,0
107,6478727623678,6479334438151,6479358259275,66.117840157,0.52318736677695,0.4833547401595273,1,,23.335863,23.821124,8.079494808719614,175226880,173932544,52.35,1500000.0,0
108,6479347665216,6479951612480,6479973713785,66.733294667,0.38057905690040633,0.4833547401595273,0,,21.69186,22.101305,8.124089012379695,175226880,173932544,54.0,1600000.0,0
109,6479959884016,6480569182864,6480592733654,67.352314536,0.37797046324000755,0.4833547401595273,0,,23.031567,23.55079,9.692723931431022,175226880,173932544,53.45,1500000.0,0
110,6480573884337,6481187262137,6481211072835,67.970653717,0.37440607403598253,0.4833547401595273,0,,23.395364,23.810698,9.703416639139911,175226880,173932544,54.0,1500000.0,0
111,6481195967951,6481804732001,6481827866327,68.587447209,0.40498956383277696,0.4833547401595273,0,,22.719622,23.134326,8.106427286421285,175226880,173932544,54.0,1600000.0,0
112,6481810134160,6482422008511,6482444346651,69.203927533,0.3777762850814008,0.4833547401595273,0,,21.923305,22.33814,9.732682704572724,175226880,173932544,52.35,1600000.0,0
113,6482431915625,6483040528191,6483075743171,69.835324053,0.37397367664838366,0.4833547401595273,0,,34.502034,35.21498,9.502665926200997,175226880,173932544,52.9,1600000.0,0
114,6483046825667,6483656425660,6483672425693,70.432006575,0.37292684299111006,0.4833547401595273,0,,15.666125,16.000033,10.055725107937613,175226880,173932544,52.9,2400000.0,0
115,6483662202987,6484274263651,6484290040887,71.049621769,0.3789939765797316,0.4833547401595273,0,,15.472791,15.777236,8.09567638744532,175226880,173932544,54.55,2400000.0,0
116,6484280571145,6484892463123,6484909331233,71.668912115,0.3739800038046474,0.4833547401595273,0,,16.513553,16.86811,8.073738799935555,175226880,173932544,55.1,2400000.0,0
117,6484899192304,6485510333520,6485525470626,72.285051508,0.3754251890363294,0.4833547401595273,0,,14.813197,15.137106,6.492038007148653,175226880,173932544,55.1,2400000.0,0
118,6485516130125,6486127408415,6486143061799,72.902642681,0.3748738219576158,0.4833547401595273,0,,15.328087,15.653384,9.715142611154775,175226880,173932544,55.65,2400000.0,0
119,6486134669393,6486745370922,6486761169936,73.520750818,0.3795750634903725,0.4833547401595273,0,,15.479069,15.799014,6.471381857963584,175226880,173932544,54.55,2400000.0,0
120,6486752333233,6487362867204,6487379581702,74.139162584,0.37695340332358185,0.4833547401595273,0,,16.346812,16.714498,8.085221023838034,175226880,173932544,56.2,2400000.0,0
121,6487372565688,6487981618248,6488035014952,74.794595834,0.37437757779424446,0.4833547401595273,0,,47.674044,53.396704,12.205464240182087,175226880,173932544,56.2,2400000.0,0
122,6487997698226,6488598381139,6488646554499,75.406135381,0.37129429634569466,0.4833547401595273,0,,47.483469,48.17336,19.62286694286964,175226880,173932544,56.2,2400000.0,0
123,6488647595427,6489215594901,6489241822251,76.001403133,0.3772415800353037,0.4833547401595273,0,,25.08307,26.22735,20.158987449521078,175226880,173932544,56.75,2400000.0,0
124,6489220222984,6489833244181,6489858725178,76.61830606,0.37307524524837765,0.4833547401595273,0,,24.709384,25.480997,12.967916235685568,175226880,173932544,56.75,2400000.0,0
125,6489839478175,6490451875666,6490470626890,77.230207772,0.37531014377099786,0.4833547401595273,0,,18.292779,18.751224,9.805518009505223,175226880,173932544,54.55,2400000.0,0
126,6490455681266,6491068714091,6491088123687,77.847704569,0.3748774285923341,0.4833547401595273,0,,18.786262,19.409596,12.955587191214777,175226880,173932544,56.2,2400000.0,0
127,6491076696089,6491685819720,6491703614793,78.463195675,0.37563467672072437,0.4833547401595273,0,,17.215461,17.795073,12.997752717812066,175226880,173932544,56.75,2400000.0,0
128,6491691804769,6492303339885,6492334600264,79.094181146,0.3753362154084192,0.4833547401595273,0,,30.192803,31.260379,22.187194593741854,175226880,173932544,57.85,2400000.0,0
129,6492314875464,6492921383699,6492943005040,79.702585922,0.36833261899360825,0.4833547401595273,0,,21.072117,21.621341,16.43668303614663,175226880,173932544,57.85,2400000.0,0
130,6492927275545,6493540062310,6493567377607,80.326958489,0.37797035058565964,0.4833547401595273,0,,26.639888,27.315297,12.812756339203784,175226880,173932544,57.3,1700000.0,0
131,6493546321231,6494157358177,6494184954882,80.944535764,0.37057204497618973,0.4833547401595273,0,,26.755259,27.596705,14.573120982679058,175226880,173932544,56.75,1700000.0,0
132,6494164414636,6494775399489,6494802295804,81.561876686,0.3747556300790841,0.4833547401595273,0,,26.073239,26.896315,14.578736262952903,175226880,173932544,55.65,1700000.0,0
133,6494779494238,6495392316112,6495422080600,82.181661482,0.3774335044413768,0.4833547401595273,0,,28.74706,29.764488,16.13451260550243,175226880,173932544,56.75,1600000.0,0
134,6495397315845,6496010103459,6496036918552,82.796499434,0.3710270082628962,0.4833547401595273,0,,26.171777,26.815093,14.638042155226428,175226880,173932544,55.65,1900000.0,0
135,6496016049620,6496627477601,6496656839013,83.416419895,0.36773211875040834,0.4833547401595273,0,,28.672077,29.361412,14.5179810817373,175226880,173932544,56.75,1700000.0,0
136,6496638439105,6497246093152,6497277335290,84.036916172,0.3778885376310012,0.4833547401595273,0,,30.350674,31.242138,14.504466131407257,175226880,173932544,57.3,2400000.0,0
137,6497255929746,6497863075810,6497881830589,84.641411471,0.3717464695897146,0.4833547401595273,0,,17.945185,18.754779,18.197263778672884,175226880,173932544,57.85,2400000.0,0
138,6497866960614,6498480582338,6498501548826,85.261129708,0.36817787497994037,0.4833547401595273,0,,20.402135,20.966488,12.90897517250607,175226880,173932544,57.3,2400000.0,0
139,6498486243998,6499097489531,6499117576443,85.877157325,0.3740389096410105,0.4833547401595273,0,,19.542188,20.086912,12.986445989509763,175226880,173932544,56.75,2400000.0,0
140,6499105444825,6499716106264,6499746012604,86.505593486,0.37263776519554853,0.4833547401595273,0,,29.07606,29.90634,12.729930065456752,175226880,173932544,56.2,2400000.0,0
141,6499720301032,6500333288919,6500355984651,87.115565533,0.37124746407231385,0.4833547401595273,0,,22.092601,22.695732,14.754914234851453,175226880,173932544,56.75,2400000.0,0
142,6500339007635,6500950400463,6500978239538,87.73782042,0.3774816124867497,0.4833547401595273,0,,27.145,27.839075,12.856433117753237,175226880,173932544,56.2,2400000.0,0
143,6500957699367,6501568857341,6501587990529,88.347571411,0.3736971737564008,0.4833547401595273,0,,18.481594,19.133188,11.480098590626298,175226880,173932544,57.85,2400000.0,0
144,6501574739372,6502185704308,6502204459754,88.964040636,0.37162576187501856,0.4833547401595273,0,,18.016851,18.755446,12.977024996407144,175226880,173932544,57.85,2400000.0,0
145,6502191674376,6502804605779,6502830581184,89.590162066,0.3797125267630266,0.4833547401595273,0,,25.130996,25.975405,14.37428761929352,175226880,173932544,57.85,1700000.0,0
146,6502809732327,6503422137598,6503450473989,90.210054871,0.37525935152535034,0.4833547401595273,0,,27.671445,28.336391,12.905509144882192,175226880,173932544,57.3,1700000.0,0
147,6503426746163,6504039165082,6504066281211,90.825862093,0.3692424040250193,0.4833547401595273,0,,26.494128,27.116129,14.61492820990654,175226880,173932544,56.75,1700000.0,0
148,6504047598544,6504656324584,6504686466886,91.446047768,0.37052588334575043,0.4833547401595273,0,,29.330115,30.142302,14.511567765642466,175226880,173932544,56.75,1700000.0,0
149,6504666780272,6505274208142,6505299895768,92.05947665,0.37109611558274,0.4833547401595273,0,,24.906476,25.687626,14.671865249781762,175226880,173932544,56.75,1700000.0,0
150,6505281697305,6505892954053,6505920249886,92.679830768,0.3730143909590373,0.4833547401595273,0,,26.55022,27.295833,14.5077375228801,175226880,173932544,57.3,1700000.0,0
151,6505897286525,6506509421255,6506535710031,93.295290913,0.37729936218516813,0.4833547401595273,0,,25.655127,26.288776,14.623183661674341,175226880,173932544,57.3,1700000.0,0
152,6506515756990,6507127989701,6507154239440,93.913820322,0.3711223848617743,0.4833547401595273,0,,25.549163,26.249739,14.550554447183812,175226880,173932544,56.75,1700000.0,0
153,6507134458011,6507745942775,6507772076162,94.531657044,0.3726391366059403,0.4833547401595273,0,,25.253607,26.133387,12.948577929135995,175226880,173932544,57.85,1700000.0,0
154,6507750504099,6508362423864,6508390270680,95.149851562,0.3777926670092248,0.4833547401595273,0,,26.881925,27.846816,14.558578536371495,175226880,173932544,56.75,1700000.0,0
155,6508368669173,6508981053382,6509007872381,95.767453263,0.37749284087008106,0.4833547401595273,0,,26.139127,26.818999,14.572388157641866,175226880,173932544,57.3,1700000.0,0
156,6508986034022,6509598398064,6509623994431,96.383575313,0.37137564054555794,0.4833547401595273,0,,25.007125,25.596367,12.983663370480544,175226880,173932544,56.75,1700000.0,0
157,6509607129230,6510216405153,6510243660912,97.003241794,0.36973567359204446,0.4833547401595273,0,,26.457739,27.255759,16.13867545503975,175226880,173932544,56.75,1600000.0,0
158,6510220905681,6510835032725,6510860928537,97.620509419,0.3724413317740538,0.4833547401595273,0,,25.071014,25.895812,12.96038476142109,175226880,173932544,57.85,1700000.0,0
159,6510839719679,6511451638384,6511478039012,98.237619894,0.3726967434325434,0.4833547401595273,0,,25.695682,26.400628,14.584121784029529,175226880,173932544,57.3,1700000.0,0
160,6511456419209,6512069775676,6512096864175,98.856445057,0.37561600663737,0.4833547401595273,0,,26.470406,27.088499,12.927718265309535,175226880,173932544,57.85,1700000.0,0
161,6512076306707,6512686058111,6512717208581,99.476789463,0.3758263258805314,0.4833547401595273,0,,30.37632,31.15047,16.11992894418765,175226880,173932544,57.85,1700000.0,0
162,6512695534908,6513305620533,6513331827364,100.091408246,0.3718820496310032,0.4833547401595273,0,,25.450774,26.206831,14.643339668214244,175226880,173932544,56.75,1700000.0,0
163,6513310037949,6513921349188,6513948226298,100.70780718,0.3740760321367581,0.4833547401595273,0,,26.230405,26.87711,14.600949977720525,175226880,173932544,57.3,1700000.0,0
164,6513926450013,6514540532608,6514566878921,101.326459803,0.37724558161731775,0.4833547401595273,0,,25.752719,26.346313,12.931271126418888,175226880,173932544,56.75,1700000.0,0
165,6514546213360,6515158478766,6515178645844,101.938226726,0.3775075216861834,0.4833547401595273,0,,19.44741,20.167078,13.076938229809846,175226880,173932544,58.4,2400000.0,0
166,6515162077958,6515774964420,6515794722497,102.554303379,0.3771272687375758,0.4833547401595273,0,,19.026298,19.758077,12.985283541181309,175226880,173932544,57.85,2400000.0,0
167,6515780883969,6516392079574,6516411197021,103.170777903,0.37599437313455325,0.4833547401595273,0,,18.457112,19.117447,11.355008382178426,175226880,173932544,57.85,2400000.0,0
168,6516397940420,6517010232842,6517030139900,103.789720782,0.377367633754914,0.4833547401595273,0,,19.323576,19.907058,11.309561841783198,175226880,173932544,58.4,2400000.0,0
169,6517016213946,6517627474088,6517646862942,104.406443824,0.3716953091078159,0.4833547401595273,0,,18.772668,19.388854,12.97180190674753,175226880,173932544,57.3,2400000.0,0
170,6517634534435,6518245207223,6518264934429,105.024515311,0.3781791254064715,0.4833547401595273,0,,19.022668,19.727206,12.943453223997798,175226880,173932544,57.85,2400000.0,0
171,6518251388865,6518864504898,6518883270935,105.642851817,0.37668238544048344,0.4833547401595273,0,,17.967054,18.766037,11.320743756311197,175226880,173932544,57.85,2400000.0,0
172,6518868695462,6519481403659,6519501121662,106.260702544,0.3752684974237914,0.4833547401595273,0,,19.164539,19.718003,11.329619842175376,175226880,173932544,56.75,2400000.0,0
173,6519486647355,6520098504661,6520124778936,106.884359818,0.3760791797462734,0.4833547401595273,0,,25.658422,26.274275,14.430736892357816,175226880,173932544,57.3,1800000.0,0
174,6520107144216,6520716950480,6520747832894,107.507413776,0.373881042981241,0.4833547401595273,0,,30.080653,30.882414,14.44516318404525,175226880,173932544,57.85,1700000.0,0
175,6520721462378,6521333941740,6521364081615,108.123662497,0.376937983215437,0.4833547401595273,0,,28.639946,30.139875,16.227178131147205,175226880,173932544,58.4,1800000.0,0
176,6521339643140,6521952645891,6521980654003,108.740234885,0.37390494730770446,0.4833547401595273,0,,27.301536,28.008112,12.974904031459536,175226880,173932544,55.65,1700000.0,0
177,6521957284419,6522569178038,6522592923956,109.352504838,0.3754889171252573,0.4833547401595273,0,,23.088621,23.745918,14.699599427086122,175226880,173932544,57.3,1900000.0,0
178,6522576248626,6523186750704,6523211855106,109.971435988,0.3830005732439614,0.4833547401595273,0,,24.328197,25.104402,14.541122947624935,175226880,173932544,57.3,1700000.0,0
179,6523194064867,6523805529187,6523831445313,110.591026195,0.37518949565989757,0.4833547401595273,0,,25.113532,25.916126,12.911733680975562,175226880,173932544,56.75,1700000.0,0
180,6523809827177,6524421749386,6524450525629,111.210106511,0.37651609078273357,0.4833547401595273,0,,28.197075,28.776243,14.53771324545851,175226880,173932544,57.3,1700000.0,0
181,6524427546527,6525039255272,6525071325558,111.83090644,0.37790480364339446,0.4833547401595273,0,,30.639042,32.070286,16.108227624730844,175226880,173932544,57.85,1700000.0,0
182,6525047529974,6525657674882,6525684073638,112.44365452,0.36960395806383595,0.4833547401595273,0,,25.665959,26.398756,13.05588952293361,175226880,173932544,58.4,1700000.0,0
183,6525667298882,6526276269879,6526302460950,113.062041832,0.37354541757691717,0.4833547401595273,0,,25.319458,26.191071,14.554064412410845,175226880,173932544,56.2,1700000.0,0
184,6526281385538,6526893227855,6526919669501,113.679250383,0.37134144296745797,0.4833547401595273,0,,25.864034,26.441646,14.581792962679819,175226880,173932544,57.85,1700000.0,0
185,6526897863068,6527510593127,6527548672888,114.30825377,0.37211897848602316,0.4833547401595273,0,,37.253074,38.079761,15.898128127213779,175226880,173932544,56.75,1600000.0,0
186,6527521162019,6528128365084,6528155992788,114.91557367,0.3752829949414458,0.4833547401595273,0,,26.830184,27.627704,13.172015353946561,175226880,173932544,57.85,1700000.0,0
187,6528132688556,6528746797190,6528775632433,115.535213315,0.3733926816052435,0.4833547401595273,0,,28.020852,28.835243,16.138945136577675,175226880,173932544,57.3,1700000.0,0
188,6528750978569,6529364020182,6529391969201,116.151550083,0.3689549723308433,0.4833547401595273,0,,26.960036,27.949019,12.980021391207814,175226880,173932544,56.75,1800000.0,0
189,6529368746321,6529981443210,6530008253449,116.767834331,0.38185244375747124,0.4833547401595273,0,,26.177126,26.810239,14.603486736590318,175226880,173932544,56.2,1700000.0,0
190,6529987533963,6530599636407,6530626384775,117.385965657,0.3732420212959607,0.4833547401595273,0,,25.9572,26.748368,14.560177679480805,175226880,173932544,57.85,1700000.0,0
191,6530606374494,6531216277617,6531242878467,118.002459349,0.3769703656959973,0.4833547401595273,0,,25.818848,26.60085,12.976710742639,175226880,173932544,57.85,1700000.0,0
192,6531225350543,6531834611312,6531860591475,118.620172357,0.3739680784983981,0.4833547401595273,0,,25.047383,25.980163,14.569857142949939,175226880,173932544,57.85,1700000.0,0
193,6531839258729,6532452103523,6532479415874,119.238996756,0.37192685175289664,0.4833547401595273,0,,26.672609,27.312351,14.543730616848201,175226880,173932544,56.75,1700000.0,0
194,6532457554219,6533070226216,6533098211457,119.857792339,0.36990525190686396,0.4833547401595273,0,,27.383388,27.985241,14.54432080534744,175226880,173932544,56.75,1800000.0,0
195,6533075001115,6533687669185,6533715773686,120.475354568,0.3726877501888968,0.4833547401595273,0,,27.213518,28.104501,14.573202039905155,175226880,173932544,57.85,1700000.0,0
196,6533691962064,6534303884021,6534330197147,121.089778029,0.37588566755707664,0.4833547401595273,0,,25.641865,26.313126,14.648178796574154,175226880,173932544,56.2,1700000.0,0
