iteration,source_window,processing_latency_ms
0,0,0.067074
1,1,0.041612
2,2,0.037815
3,3,0.035852
4,4,0.035648
5,5,0.035704
6,6,0.037666
7,7,0.035204
8,8,0.035444
9,9,0.035537
10,10,0.035037
11,11,0.035222
12,12,0.034741
13,13,0.034666
14,14,0.034704
15,15,0.034426
16,16,0.034852
17,17,0.035778
18,18,0.034815
19,19,0.034871
20,20,0.03513
21,21,0.034574
22,22,0.034648
23,23,0.034833
24,24,0.03487
25,25,0.034722
26,26,0.035055
27,27,0.034963
28,28,0.034741
29,29,0.034963
30,30,0.03487
31,31,0.034704
32,32,0.034667
33,33,0.034926
34,34,0.034722
35,35,0.034667
36,36,0.034907
37,37,0.036648
38,38,0.03487
39,39,0.034833
40,40,0.034852
41,41,0.034834
42,42,0.043741
43,43,0.036055
44,44,0.035259
45,45,0.035222
46,46,0.034926
47,47,0.034908
48,48,0.034741
49,49,0.035334
50,50,0.034925
51,51,0.035389
52,52,0.034833
53,53,0.034759
54,54,0.034889
55,55,0.034648
56,56,0.034518
57,57,0.034907
58,58,0.035259
59,59,0.034759
60,60,0.034537
61,61,0.034815
62,62,0.034741
63,63,0.034945
64,64,0.035055
65,65,0.034834
66,66,0.0345
67,67,0.034815
68,68,0.034871
69,69,0.03487
70,70,0.034686
71,71,0.034908
72,72,0.03487
73,73,0.034629
74,74,0.034889
75,75,0.035037
76,76,0.034741
77,77,0.035518
78,78,0.034889
79,79,0.035037
80,80,0.034925
81,81,0.035111
82,82,0.034963
83,83,0.035074
84,84,0.034722
85,85,0.039185
86,86,0.035444
87,87,0.0355
88,88,0.034945
89,89,0.03524
90,90,0.035093
91,91,0.034926
92,92,0.035074
93,93,0.036018
94,94,0.052851
95,95,0.03776
96,96,0.035611
97,97,0.035185
98,98,0.035056
99,99,0.035185
100,100,0.036908
101,101,0.035129
102,102,0.035074
103,103,0.035259
104,104,0.034889
105,105,0.034963
106,106,0.034593
107,107,0.034797
108,108,0.035167
109,109,0.035093
110,110,0.035185
111,111,0.035
112,112,0.034852
113,113,0.035203
114,114,0.034741
115,115,0.035074
116,116,0.034963
117,117,0.034796
118,118,0.034685
119,119,0.0345
120,120,0.035019
121,121,0.035074
122,122,0.035037
123,123,0.035148
124,124,0.035056
125,125,0.034833
126,126,0.03513
127,127,0.038185
128,128,0.035685
129,129,0.035222
130,130,0.034926
131,131,0.034741
132,132,0.03487
133,133,0.034889
134,134,0.034852
135,135,0.034741
136,136,0.034611
137,137,0.034482
138,138,0.034815
139,139,0.034648
140,140,0.034555
141,141,0.034593
142,142,0.034444
143,143,0.034611
144,144,0.034481
145,145,0.034463
146,146,0.034556
147,147,0.034889
148,148,0.034629
149,149,0.035241
150,150,0.034871
151,151,0.035111
152,152,0.035149
153,153,0.035222
154,154,0.035037
155,155,0.035204
156,156,0.035148
157,157,0.034982
158,158,0.034963
159,159,0.035074
160,160,0.034963
161,161,0.034778
162,162,0.034666
163,163,0.03463
164,164,0.035037
165,165,0.035001
166,166,0.035185
167,167,0.035074
168,168,0.035
169,169,0.035426
170,170,0.037907
171,171,0.035519
172,172,0.035833
173,173,0.035945
174,174,0.035259
175,175,0.035407
176,176,0.035111
177,177,0.035074
178,178,0.035166
179,179,0.035074
180,180,0.03526
181,181,0.035481
182,182,0.03487
183,183,0.035204
184,184,0.035019
185,185,0.035037
186,186,0.034889
187,187,0.034871
188,188,0.03513
189,189,0.035
190,190,0.034648
191,191,0.034611
192,192,0.048
193,193,0.037407
194,194,0.035611
195,195,0.034889
196,196,0.034759
197,197,0.0345
198,198,0.034777
199,199,0.034889
200,200,0.0345
201,201,0.035352
202,202,0.035018
203,203,0.035296
204,204,0.035056
205,205,0.035
206,206,0.035111
207,207,0.035297
208,208,0.035222
209,209,0.035204
210,210,0.035055
211,211,0.035
212,212,0.035055
213,213,0.038537
214,214,0.035704
215,215,0.035167
216,216,0.034815
217,217,0.035018
218,218,0.034981
219,219,0.035149
220,220,0.034796
221,221,0.035019
222,222,0.034907
223,223,0.034815
224,224,0.034889
225,225,0.035037
226,226,0.034667
227,227,0.03663
228,228,0.035444
229,229,0.035167
230,230,0.035
231,231,0.034926
232,232,0.034833
233,233,0.03513
234,234,0.034944
235,235,0.034722
236,236,0.034704
237,237,0.035389
238,238,0.035129
239,239,0.035167
240,240,0.034907
241,241,0.035277
242,242,0.035185
243,243,0.034945
244,244,0.034963
245,245,0.035112
246,246,0.034815
247,247,0.035018
248,248,0.03524
249,249,0.035
250,250,0.035241
251,251,0.035222
252,252,0.034945
253,253,0.035019
254,254,0.035056
255,255,0.038241
256,256,0.035796
257,257,0.035315
258,258,0.035074
259,259,0.035074
260,260,0.034704
261,261,0.034777
262,262,0.034537
263,263,0.034778
264,264,0.034945
265,265,0.034685
266,266,0.034685
267,267,0.03476
268,268,0.034833
269,269,0.034982
270,270,0.034703
271,271,0.035
272,272,0.034611
273,273,0.03463
274,274,0.034704
275,275,0.034408
276,276,0.034556
277,277,0.035037
278,278,0.039166
279,279,0.036037
280,280,0.035241
281,281,0.035148
282,282,0.034908
283,283,0.034815
284,284,0.034814
285,285,0.034611
286,286,0.034648
287,287,0.034611
288,288,0.034537
289,289,0.034778
290,290,0.046426
291,291,0.035833
292,292,0.034796
293,293,0.034982
294,294,0.034778
295,295,0.034741
296,296,0.034481
297,297,0.034518
298,298,0.038241
299,299,0.035222
300,300,0.034722
301,301,0.034611
302,302,0.035037
303,303,0.034648
304,304,0.034592
305,305,0.034537
306,306,0.034481
307,307,0.034519
308,308,0.0345
309,309,0.035241
310,310,0.034963
311,311,0.034925
312,312,0.0345
313,313,0.034815
314,314,0.03463
315,315,0.034889
316,316,0.034814
317,317,0.034833
318,318,0.034796
319,319,0.034889
320,320,0.034629
321,321,0.034537
322,322,0.034333
323,323,0.034982
324,324,0.034666
325,325,0.034537
326,326,0.034444
327,327,0.034482
328,328,0.034648
329,329,0.034759
330,330,0.034463
331,331,0.034611
332,332,0.034445
333,333,0.034741
334,334,0.034611
335,335,0.034611
336,336,0.034593
337,337,0.034833
338,338,0.034371
339,339,0.034444
340,340,0.034593
341,341,0.037537
342,342,0.035148
343,343,0.034685
344,344,0.034445
345,345,0.0345
346,346,0.034111
347,347,0.034038
348,348,0.033815
349,349,0.03437
350,350,0.034223
351,351,0.033981
352,352,0.034129
353,353,0.034185
354,354,0.03437
355,355,0.034019
356,356,0.033796
357,357,0.03387
358,358,0.034037
359,359,0.034111
360,360,0.034203
361,361,0.033833
362,362,0.033852
363,363,0.034037
364,364,0.033926
365,365,0.034167
366,366,0.033926
367,367,0.033889
368,368,0.033685
369,369,0.033907
370,370,0.033815
371,371,0.033852
372,372,0.033963
373,373,0.033926
374,374,0.033759
375,375,0.033778
376,376,0.033778
377,377,0.03413
378,378,0.033815
379,379,0.033796
380,380,0.033834
381,381,0.033908
382,382,0.033852
383,383,0.037074
384,384,0.034278
385,385,0.034296
386,386,0.033889
387,387,0.033778
388,388,0.033963
389,389,0.034186
390,390,0.034111
391,391,0.056778
392,392,0.036722
393,393,0.034667
394,394,0.033945
395,395,0.03387
396,396,0.033926
397,397,0.034611
398,398,0.034092
399,399,0.034056
400,400,0.034407
401,401,0.034148
402,402,0.033944
403,403,0.033982
404,404,0.033963
405,405,0.034111
406,406,0.034018
407,407,0.034371
408,408,0.034
409,409,0.033926
410,410,0.034277
411,411,0.033982
412,412,0.033723
413,413,0.034037
414,414,0.033908
415,415,0.033907
416,416,0.033759
417,417,0.033926
418,418,0.034093
419,419,0.033963
420,420,0.033741
421,421,0.03376
422,422,0.034223
423,423,0.034093
424,424,0.033685
425,425,0.033889
426,426,0.037019
427,427,0.034648
428,428,0.035
429,429,0.034555
430,430,0.034333
431,431,0.034204
432,432,0.034278
433,433,0.034093
434,434,0.034149
435,435,0.034444
436,436,0.034185
437,437,0.034093
438,438,0.033907
439,439,0.034129
440,440,0.034129
441,441,0.034481
442,442,0.033926
443,443,0.034241
444,444,0.03426
445,445,0.034093
446,446,0.033982
447,447,0.033945
448,448,0.033889
449,449,0.034203
450,450,0.033889
451,451,0.034074
452,452,0.03387
453,453,0.033833
454,454,0.033703
455,455,0.033703
456,456,0.033944
457,457,0.034315
458,458,0.034129
459,459,0.033871
460,460,0.03387
461,461,0.034
462,462,0.033851
463,463,0.033982
464,464,0.03374
465,465,0.03387
466,466,0.033722
467,467,0.033926
468,0,0.034629
469,1,0.033926
470,2,0.034
471,3,0.033944
472,4,0.033926
473,5,0.033963
474,6,0.033796
475,7,0.033833
476,8,0.034092
477,9,0.034075
478,10,0.033833
479,11,0.034
480,12,0.034018
481,13,0.033852
482,14,0.035648
483,15,0.034204
484,16,0.033833
485,17,0.033944
486,18,0.034204
487,19,0.033815
488,20,0.03387
489,21,0.03376
490,22,0.034204
491,23,0.03363
492,24,0.034388
493,25,0.033852
494,26,0.042
495,27,0.035204
496,28,0.034481
497,29,0.034426
498,30,0.033981
499,31,0.034018
500,32,0.034297
501,33,0.034204
502,34,0.034092
503,35,0.033944
504,36,0.034
505,37,0.034149
506,38,0.033852
507,39,0.033833
508,40,0.03387
509,41,0.034093
510,42,0.034018
511,43,0.033963
512,44,0.033945
513,45,0.033778
514,46,0.034055
515,47,0.034093
516,48,0.033926
517,49,0.033982
518,50,0.034555
519,51,0.033944
520,52,0.033871
521,53,0.034167
522,54,0.033796
523,55,0.033796
524,56,0.03387
525,57,0.033944
526,58,0.033778
527,59,0.033833
528,60,0.033815
529,61,0.033981
530,62,0.034018
531,63,0.033833
532,64,0.033815
533,65,0.033815
534,66,0.033889
535,67,0.034018
536,68,0.03437
537,69,0.034149
538,70,0.033797
539,71,0.034055
540,72,0.033852
541,73,0.034185
542,74,0.033889
543,75,0.033852
544,76,0.033778
545,77,0.034352
546,78,0.034037
547,79,0.034185
548,80,0.034574
549,81,0.034333
550,82,0.034241
551,83,0.034203
552,84,0.034186
553,85,0.033982
554,86,0.033908
555,87,0.034444
556,88,0.034408
557,89,0.034407
558,90,0.034296
559,91,0.03424
560,92,0.034371
561,93,0.034185
562,94,0.034148
563,95,0.034093
564,96,0.033926
565,97,0.034148
566,98,0.034167
567,99,0.034204
568,100,0.034334
569,101,0.034611
570,102,0.034259
571,103,0.035
572,104,0.034241
573,105,0.034204
574,106,0.034074
575,107,0.034055
576,108,0.034333
577,109,0.034352
578,110,0.034278
579,111,0.033963
580,112,0.034
581,113,0.034056
582,114,0.033908
583,115,0.034019
584,116,0.034037
585,117,0.328704
586,118,0.0535
587,119,0.037537
588,120,0.035611
589,121,0.044982
590,122,0.036092
591,123,0.034592
592,124,0.034389
593,125,0.034278
594,126,0.034259
595,127,0.034112
596,128,0.034074
597,129,0.033815
598,130,0.034093
599,131,0.034389
600,132,0.034111
601,133,0.034018
602,134,0.034278
603,135,0.034056
604,136,0.03426
605,137,0.033944
606,138,0.033945
607,139,0.034111
608,140,0.033888
609,141,0.033963
610,142,0.033852
611,143,0.033889
612,144,0.033834
613,145,0.034222
614,146,0.03424
615,147,0.033871
616,148,0.033981
617,149,0.034222
618,150,0.033833
619,151,0.033981
620,152,0.03413
621,153,0.034297
622,154,0.033963
623,155,0.034112
624,156,0.034019
625,157,0.033963
626,158,0.033741
627,159,0.03413
628,160,0.033963
629,161,0.033963
630,162,0.033778
631,163,0.03387
632,164,0.033944
633,165,0.034203
634,166,0.034
635,167,0.033944
636,168,0.033704
637,169,0.033834
638,170,0.033611
639,171,0.034185
640,172,0.033666
641,173,0.03424
642,174,0.033704
643,175,0.033685
644,176,0.034
645,177,0.033834
646,178,0.033945
647,179,0.03413
648,180,0.033777
649,181,0.033759
650,182,0.033648
651,183,0.034204
652,184,0.033667
653,185,0.034112
654,186,0.033648
655,187,0.033815
656,188,0.033889
657,189,0.033814
658,190,0.033796
659,191,0.033741
660,192,0.033815
661,193,0.033889
662,194,0.034112
663,195,0.033815
664,196,0.033685
665,197,0.034111
666,198,0.033777
667,199,0.033777
668,200,0.033704
669,201,0.033741
670,202,0.033852
671,203,0.033926
672,204,0.033704
673,205,0.034778
674,206,0.034149
675,207,0.034463
676,208,0.033944
677,209,0.033944
678,210,0.034111
679,211,0.034278
680,212,0.033926
681,213,0.033945
682,214,0.033815
683,215,0.034037
684,216,0.034074
685,217,0.034407
686,218,0.034037
687,219,0.033889
688,220,0.033796
689,221,0.033963
690,222,0.034111
691,223,0.033778
692,224,0.03376
693,225,0.045963
694,226,0.038593
695,227,0.035278
696,228,0.034537
697,229,0.034167
698,230,0.034296
699,231,0.03387
700,232,0.033814
701,233,0.033851
702,234,0.033871
703,235,0.033778
704,236,0.033926
705,237,0.034204
706,238,0.033981
707,239,0.034425
708,240,0.034074
709,241,0.034352
710,242,0.034019
711,243,0.034148
712,244,0.033852
713,245,0.034
714,246,0.033945
715,247,0.034
716,248,0.034333
717,249,0.034389
718,250,0.034204
719,251,0.033926
720,252,0.034222
721,253,0.034204
722,254,0.034223
723,255,0.033759
724,256,0.033981
725,257,0.033926
726,258,0.03387
727,259,0.033926
728,260,0.033926
729,261,0.033981
730,262,0.033982
731,263,0.033667
732,264,0.033852
733,265,0.033981
734,266,0.033778
735,267,0.033925
736,268,0.033945
737,269,0.034
738,270,0.034019
739,271,0.033648
740,272,0.03387
741,273,0.034037
742,274,0.033944
743,275,0.03387
744,276,0.033667
745,277,0.033963
746,278,0.034297
747,279,0.033778
748,280,0.033796
749,281,0.034203
750,282,0.033834
751,283,0.033945
752,284,0.033926
753,285,0.03387
754,286,0.034074
755,287,0.033963
756,288,0.034204
757,289,0.03437
758,290,0.034074
759,291,0.033815
760,292,0.034018
761,293,0.034278
762,294,0.034
763,295,0.033926
764,296,0.034037
765,297,0.034037
766,298,0.034
767,299,0.033908
768,300,0.033926
769,301,0.034055
770,302,0.033963
771,303,0.033907
772,304,0.033908
773,305,0.034112
774,306,0.033796
775,307,0.033944
776,308,0.034018
777,309,0.034019
778,310,0.034093
779,311,0.033778
780,312,0.034315
781,313,0.034037
782,314,0.034166
783,315,0.034482
784,316,0.034223
785,317,0.033889
786,318,0.034056
787,319,0.033851
788,320,0.039834
789,321,0.035389
790,322,0.034629
791,323,0.034704
792,324,0.034296
793,325,0.033926
794,326,0.033926
795,327,0.033945
796,328,0.033778
797,329,0.040277
798,330,0.0345
799,331,0.034518
800,332,0.033926
801,333,0.034093
802,334,0.033926
803,335,0.033852
804,336,0.033815
805,337,0.033797
806,338,0.033834
807,339,0.033759
808,340,0.033963
809,341,0.034352
810,342,0.033907
811,343,0.033666
812,344,0.03387
813,345,0.034259
814,346,0.033741
815,347,0.034333
816,348,0.033722
817,349,0.034056
818,350,0.033759
819,351,0.034093
820,352,0.033944
821,353,0.033759
822,354,0.033889
823,355,0.033981
824,356,0.033796
825,357,0.033778
826,358,0.033945
827,359,0.034018
828,360,0.033852
829,361,0.033741
830,362,0.03387
831,363,0.033907
832,364,0.033611
833,365,0.034278
834,366,0.033907
835,367,0.033741
836,368,0.033612
837,369,0.033741
838,370,0.033871
839,371,0.03374
840,372,0.033907
841,373,0.0335
842,374,0.033759
843,375,0.033888
844,376,0.034
845,377,0.033741
846,378,0.033852
847,379,0.033703
848,380,0.033741
849,381,0.033833
850,382,0.033908
851,383,0.033796
852,384,0.034018
853,385,0.033611
854,386,0.033815
855,387,0.033815
856,388,0.033648
857,389,0.033926
858,390,0.03374
859,391,0.033833
860,392,0.033722
861,393,0.033907
862,394,0.033963
863,395,0.033667
864,396,0.033592
865,397,0.034074
866,398,0.033796
867,399,0.034167
868,400,0.034407
869,401,0.033759
870,402,0.033704
871,403,0.033741
872,404,0.033871
873,405,0.033852
874,406,0.033667
875,407,0.03413
876,408,0.033741
877,409,0.034111
878,410,0.033574
879,411,0.033871
880,412,0.033833
881,413,0.034111
882,414,0.033778
883,415,0.033722
884,416,0.033722
885,417,0.033741
886,418,0.0335
887,419,0.033778
888,420,0.033611
889,421,0.03387
890,422,0.033574
891,423,0.033777
892,424,0.033796
893,425,0.033741
894,426,0.033537
895,427,0.033723
896,428,0.03387
897,429,0.033797
898,430,0.033778
899,431,0.033907
900,432,0.034241
901,433,0.050018
902,434,0.039296
903,435,0.034963
904,436,0.034333
905,437,0.034408
906,438,0.034296
907,439,0.034093
908,440,0.034074
909,441,0.034204
910,442,0.034203
911,443,0.034148
912,444,0.034093
913,445,0.034444
914,446,0.034074
915,447,0.034129
916,448,0.033963
917,449,0.034018
918,450,0.034111
919,451,0.034055
920,452,0.034056
921,453,0.034278
922,454,0.034056
923,455,0.034018
924,456,0.033963
925,457,0.034259
926,458,0.033981
927,459,0.034296
928,460,0.033833
929,461,0.033926
930,462,0.034056
931,463,0.033815
932,464,0.033944
933,465,0.034
934,466,0.033908
935,467,0.034148
936,0,0.034222
937,1,0.034167
938,2,0.033852
939,3,0.033834
940,4,0.033889
941,5,0.034092
942,6,0.033907
943,7,0.034
944,8,0.034148
945,9,0.033944
946,10,0.034222
947,11,0.034203
948,12,0.033981
949,13,0.033814
950,14,0.033834
951,15,0.033889
952,16,0.033778
953,17,0.033611
954,18,0.034889
955,19,0.033926
956,20,0.033759
957,21,0.034055
958,22,0.033852
959,23,0.033945
960,24,0.034074
961,25,0.034112
962,26,0.034185
963,27,0.034537
964,28,0.034
965,29,0.033907
966,30,0.034018
967,31,0.033833
968,32,0.034019
969,33,0.034
970,34,0.034111
971,35,0.034
972,36,0.033852
973,37,0.034074
974,38,0.034166
975,39,0.033982
976,40,0.033871
977,41,0.034
978,42,0.034222
979,43,0.034148
980,44,0.034111
981,45,0.034
982,46,0.034055
983,47,0.033907
984,48,0.034426
985,49,0.033834
986,50,0.03387
987,51,0.033981
988,52,0.033871
989,53,0.033908
990,54,0.033796
991,55,0.033667
992,56,0.033907
993,57,0.036463
994,58,0.034333
995,59,0.033907
996,60,0.034074
997,61,0.033852
998,62,0.034149
999,63,0.033815
