trial,method,marker_status,result,issues,cue_start_relative_s,cue_end_relative_s,search_duration_s,recorded_search_duration_s,first_alarm_is_new,first_alarm_previous_window,first_alarm_previous_decision,first_alarm_previous_error,contained_windows,valid_windows,invalid_windows,alarm_windows,alarm_window_fraction,boundary_windows,boundary_alarm_windows,boundary_invalid_windows,first_alarm_window,first_alarm_complete_relative_s,first_alarm_complete_after_cue_s,first_new_alarm_window,first_new_alarm_complete_relative_s,first_new_alarm_complete_after_cue_s,first_alarm_rank,first_alarm_tie,first_alarm_difference_to_earliest_s,first_new_alarm_rank,first_new_alarm_tie,first_new_alarm_difference_to_earliest_s
1,rms,valid,new_alarm_found,,78.039673581,200.566528541,122.52685496,122.52685496,True,249,NORMAL,,197,197,0,3,0.015228426395939087,2,0,0,250,154.327774477,76.288100896,250,154.327774477,76.288100896,2,True,0.6170951139999943,2,True,0.6170951139999943
1,isolation_forest,valid,new_alarm_found,,78.039673581,200.566528541,122.52685496,122.52685496,True,249,NORMAL,,197,197,0,3,0.015228426395939087,2,0,0,250,154.327774477,76.288100896,250,154.327774477,76.288100896,2,True,0.6170951139999943,2,True,0.6170951139999943
1,tflite_autoencoder,valid,new_alarm_found,,78.039673581,200.566528541,122.52685496,122.52685496,True,248,NORMAL,,197,197,0,6,0.030456852791878174,2,0,0,249,153.710679363,75.671005782,249,153.710679363,75.671005782,1,False,0.0,1,False,0.0
2,rms,valid,new_alarm_found,,248.374663227,287.102962682,38.728299455,38.728299455,True,443,NORMAL,,62,62,0,2,0.03225806451612903,2,0,0,444,274.078075959,25.703412732,444,274.078075959,25.703412732,3,False,3.088022851000005,3,False,3.088022851000005
2,isolation_forest,valid,new_alarm_found,,248.374663227,287.102962682,38.728299455,38.728299455,True,439,NORMAL,,62,62,0,3,0.04838709677419355,2,0,0,440,271.608064454,23.233401227,440,271.608064454,23.233401227,2,False,0.618011346000003,2,False,0.618011346000003
2,tflite_autoencoder,valid,new_alarm_found,,248.374663227,287.102962682,38.728299455,38.728299455,True,438,NORMAL,,62,62,0,6,0.0967741935483871,2,0,0,439,270.990053108,22.615389881,439,270.990053108,22.615389881,1,False,0.0,1,False,0.0
3,rms,valid,new_alarm_found,,331.699446538,381.976104529,50.276657991,50.276657991,True,574,NORMAL,,80,80,0,4,0.05,2,0,0,575,354.945717254,23.246270716,575,354.945717254,23.246270716,2,True,0.617499046999967,2,True,0.617499046999967
3,isolation_forest,valid,new_alarm_found,,331.699446538,381.976104529,50.276657991,50.276657991,True,574,NORMAL,,80,80,0,5,0.0625,2,0,0,575,354.945717254,23.246270716,575,354.945717254,23.246270716,2,True,0.617499046999967,2,True,0.617499046999967
3,tflite_autoencoder,valid,new_alarm_found,,331.699446538,381.976104529,50.276657991,50.276657991,True,573,NORMAL,,80,80,0,10,0.125,2,0,0,574,354.328218207,22.628771669,574,354.328218207,22.628771669,1,False,0.0,1,False,0.0
4,rms,valid,new_alarm_found,,426.1207827,459.156645359,33.035862659,33.035862659,True,701,NORMAL,,52,52,0,2,0.038461538461538464,2,0,0,702,433.346110074,7.225327374,702,433.346110074,7.225327374,2,True,0.619149047999997,2,True,0.619149047999997
4,isolation_forest,valid,new_alarm_found,,426.1207827,459.156645359,33.035862659,33.035862659,True,701,NORMAL,,52,52,0,3,0.057692307692307696,2,0,0,702,433.346110074,7.225327374,702,433.346110074,7.225327374,2,True,0.619149047999997,2,True,0.619149047999997
4,tflite_autoencoder,valid,new_alarm_found,,426.1207827,459.156645359,33.035862659,33.035862659,True,700,NORMAL,,52,52,0,6,0.11538461538461539,2,0,0,701,432.726961026,6.606178326,701,432.726961026,6.606178326,1,False,0.0,1,False,0.0
5,rms,valid,new_alarm_found,,504.029578877,565.29043476,61.260855883,61.260855883,True,874,NORMAL,,98,98,0,3,0.030612244897959183,2,0,0,875,540.154735192,36.125156315,875,540.154735192,36.125156315,2,True,0.6182507559999522,2,True,0.6182507559999522
5,isolation_forest,valid,new_alarm_found,,504.029578877,565.29043476,61.260855883,61.260855883,True,874,NORMAL,,98,98,0,4,0.04081632653061224,2,0,0,875,540.154735192,36.125156315,875,540.154735192,36.125156315,2,True,0.6182507559999522,2,True,0.6182507559999522
5,tflite_autoencoder,valid,new_alarm_found,,504.029578877,565.29043476,61.260855883,61.260855883,True,873,NORMAL,,98,98,0,8,0.08163265306122448,2,0,0,874,539.536484436,35.506905559,874,539.536484436,35.506905559,1,False,0.0,1,False,0.0
6,rms,valid,new_alarm_found,,612.790801157,669.048278124,56.257476967,56.257476967,True,1044,NORMAL,,90,90,0,3,0.03333333333333333,2,0,0,1045,645.093983362,32.303182205,1045,645.093983362,32.303182205,2,True,0.6181931229999691,2,True,0.6181931229999691
6,isolation_forest,valid,new_alarm_found,,612.790801157,669.048278124,56.257476967,56.257476967,True,1044,NORMAL,,90,90,0,3,0.03333333333333333,2,0,0,1045,645.093983362,32.303182205,1045,645.093983362,32.303182205,2,True,0.6181931229999691,2,True,0.6181931229999691
6,tflite_autoencoder,valid,new_alarm_found,,612.790801157,669.048278124,56.257476967,56.257476967,True,1043,NORMAL,,90,90,0,6,0.06666666666666667,2,0,0,1044,644.475790239,31.684989082,1044,644.475790239,31.684989082,1,False,0.0,1,False,0.0
7,rms,valid,new_alarm_found,,713.980565382,780.162272898,66.181707516,66.181707516,True,1185,NORMAL,,106,106,0,2,0.018867924528301886,2,0,0,1186,732.131321536,18.150756154,1186,732.131321536,18.150756154,1,True,0.0,1,True,0.0
7,isolation_forest,valid,new_alarm_found,,713.980565382,780.162272898,66.181707516,66.181707516,True,1185,NORMAL,,106,106,0,3,0.02830188679245283,2,0,0,1186,732.131321536,18.150756154,1186,732.131321536,18.150756154,1,True,0.0,1,True,0.0
7,tflite_autoencoder,valid,new_alarm_found,,713.980565382,780.162272898,66.181707516,66.181707516,True,1185,NORMAL,,106,106,0,6,0.05660377358490566,2,0,0,1186,732.131321536,18.150756154,1186,732.131321536,18.150756154,1,True,0.0,1,True,0.0
8,rms,valid,new_alarm_found,,827.177989261,862.429079157,35.251089896,35.251089896,True,1365,NORMAL,,57,57,0,2,0.03508771929824561,2,0,0,1366,843.256638227,16.078648966,1366,843.256638227,16.078648966,1,True,0.0,1,True,0.0
8,isolation_forest,valid,new_alarm_found,,827.177989261,862.429079157,35.251089896,35.251089896,True,1365,NORMAL,,57,57,0,2,0.03508771929824561,2,0,0,1366,843.256638227,16.078648966,1366,843.256638227,16.078648966,1,True,0.0,1,True,0.0
8,tflite_autoencoder,valid,new_alarm_found,,827.177989261,862.429079157,35.251089896,35.251089896,True,1365,NORMAL,,57,57,0,6,0.10526315789473684,2,0,0,1366,843.256638227,16.078648966,1366,843.256638227,16.078648966,1,True,0.0,1,True,0.0
9,rms,valid,new_alarm_found,,908.419039823,959.116961348,50.697921525,50.697921525,True,1525,NORMAL,,81,81,0,3,0.037037037037037035,2,0,0,1526,942.0326226,33.613582777,1526,942.0326226,33.613582777,1,True,0.0,1,True,0.0
9,isolation_forest,valid,new_alarm_found,,908.419039823,959.116961348,50.697921525,50.697921525,True,1525,NORMAL,,81,81,0,3,0.037037037037037035,2,0,0,1526,942.0326226,33.613582777,1526,942.0326226,33.613582777,1,True,0.0,1,True,0.0
9,tflite_autoencoder,valid,new_alarm_found,,908.419039823,959.116961348,50.697921525,50.697921525,True,1525,NORMAL,,81,81,0,6,0.07407407407407407,2,0,0,1526,942.0326226,33.613582777,1526,942.0326226,33.613582777,1,True,0.0,1,True,0.0
10,rms,valid,new_alarm_found,,1004.406079435,1084.686036382,80.279956947,80.279956947,True,1724,NORMAL,,129,129,0,3,0.023255813953488372,2,0,0,1725,1064.895064933,60.488985498,1725,1064.895064933,60.488985498,2,True,0.6172516169999653,2,True,0.6172516169999653
10,isolation_forest,valid,new_alarm_found,,1004.406079435,1084.686036382,80.279956947,80.279956947,True,1724,NORMAL,,129,129,0,4,0.031007751937984496,2,0,0,1725,1064.895064933,60.488985498,1725,1064.895064933,60.488985498,2,True,0.6172516169999653,2,True,0.6172516169999653
10,tflite_autoencoder,valid,new_alarm_found,,1004.406079435,1084.686036382,80.279956947,80.279956947,True,1723,NORMAL,,129,129,0,8,0.06201550387596899,2,0,0,1724,1064.277813316,59.871733881,1724,1064.277813316,59.871733881,1,False,0.0,1,False,0.0
