window_index,window_complete_monotonic_ns,decision_monotonic_ns,draw_completed_monotonic_ns,decision_to_gui_draw_ms,window_to_gui_draw_ms,gui_messages_dropped
1,11896053142281,11896169619191,11896373866697,204.247506,320.724416,0
2,11896670856113,11896678647373,11896834586562,155.939189,163.730449,0
3,11897289549409,11897291446520,11897384223357,92.776837,94.673948,0
4,11897907890817,11897910083725,11898033427229,123.343504,125.536412,0
5,11898525745171,11898527422208,11898630022323,102.600115,104.277152,0
6,11899142468988,11899144208358,11899228370658,84.1623,85.90167,0
7,11899760947084,11899762669584,11899879321181,116.651597,118.374097,0
8,11900378371644,11900380143848,11900476144036,96.000188,97.772392,0
9,11900997023427,11900998691149,11901087266190,88.575041,90.242763,0
10,11901615122674,11901616961600,11901746138957,129.177357,131.016283,0
11,11902233419829,11902235114162,11902344514296,109.400134,111.094467,0
12,11902850798466,11902852806448,11902921933284,69.126836,71.134818,0
13,11903469995790,11903471768771,11903563476998,91.708227,93.481208,0
14,11904087983892,11904090001521,11904210960545,120.959024,122.976653,0
15,11904706529365,11904708473310,11904799990296,91.516986,93.460931,0
16,11905324874432,11905327251877,11905503996293,176.744416,179.121861,0
17,11905942041648,11905944399630,11906059912265,115.512635,117.870617,0
18,11906560256143,11906563413143,11906664195852,100.782709,103.939709,0
19,11907178376842,11907180943231,11907314456867,133.513636,136.080025,0
20,11907795696171,11907797350431,11907934639957,137.289526,138.943786,0
21,11908413533946,11908415421446,11908518156915,102.735469,104.622969,0
22,11909032493815,11909034262574,11909154592803,120.330229,122.098988,0
23,11909649209499,11909651198480,11909744197597,92.999117,94.988098,0
24,11910266959647,11910268734480,11910356834485,88.100005,89.874838,0
25,11910887111684,11910890938944,11911004050025,113.111081,116.938341,0
26,11911503018834,11911504789630,11911607463211,102.673581,104.444377,0
27,11912122019818,11912123899855,11912234750695,110.85084,112.730877,0
28,11912739752525,11912741647414,11912849309977,107.662563,109.557452,0
29,11913359149344,11913362672696,11913450859109,88.186413,91.709765,0
30,11913975334830,11913977091590,11914095148264,118.056674,119.813434,0
31,11914593573818,11914595239762,11914676503360,81.263598,82.929542,0
32,11915211620602,11915213334324,11915316701498,103.367174,105.080896,0
33,11915831121517,11915832818443,11915936746506,103.928063,105.624989,0
34,11916448253859,11916450026303,11916530219828,80.193525,81.965969,0
35,11917066031757,11917067816646,11917163306894,95.490248,97.275137,0
36,11917684634230,11917686734138,11917783868979,97.134841,99.234749,0
37,11918303398278,11918305952112,11918462722754,156.770642,159.324476,0
38,11918920881771,11918922816605,11919037755151,114.938546,116.87338,0
39,11919539153543,11919541177599,11919636664014,95.486415,97.510471,0
40,11920156454131,11920158529853,11920286769290,128.239437,130.315159,0
41,11920775537516,11920777454146,11920940375808,162.921662,164.838292,0
42,11921393833939,11921400139735,11921521658931,121.519196,127.824992,0
43,11922011113140,11922022431067,11922162207616,139.776549,151.094476,0
44,11922634492805,11922636388028,11922807268191,170.880163,172.775386,0
45,11923253380619,11923255305508,11923364843926,109.538418,111.463307,0
46,11923865567249,11923870081471,11924068555119,198.473648,202.98787,0
47,11924483394305,11924484910361,11924565960276,81.049915,82.565971,0
48,11925100721325,11925101764696,11925185844667,84.079971,85.123342,0
49,11925721360940,11925722986569,11925898729142,175.742573,177.368202,0
50,11926337139239,11926338954850,11926432744804,93.789954,95.605565,0
51,11926956457410,11926958071077,11927048424067,90.35299,91.966657,0
52,11927573168471,11927574784860,11927678807426,104.022566,105.638955,0
53,11928192646625,11928204576348,11928333655973,129.079625,141.009348,0
54,11928821217744,11928823300319,11928953784480,130.484161,132.566736,0
55,11929427934010,11929429669381,11929534477373,104.807992,106.543363,0
56,11930046944093,11930048637982,11930162057975,113.419993,115.113882,0
57,11930663301658,11930665076047,11930746788704,81.712657,83.487046,0
58,11931282992001,11931284667575,11931358394861,73.727286,75.40286,0
59,11931900821012,11931902514827,11932009807357,107.29253,108.986345,0
60,11932519567469,11932521645358,11932655313299,133.667941,135.74583,0
61,11933136102518,11933139593796,11933264955051,125.361255,128.852533,0
62,11933754289847,11933757357125,11933900679585,143.32246,146.389738,0
63,11934371999342,11934373727935,11934469020724,95.292789,97.021382,0
64,11934991200654,11934993236821,11935163744952,170.508131,172.544298,0
65,11935608792300,11935610433170,11935733225537,122.792367,124.433237,0
66,11936227877354,11936229836817,11936339578626,109.741809,111.701272,0
67,11936845629149,11936847932687,11936969576923,121.644236,123.947774,0
68,11937463501316,11937465952909,11937650286135,184.333226,186.784819,0
69,11938080869057,11938081815909,11938282025156,200.209247,201.156099,0
70,11938700344596,11938701442300,11938785796366,84.354066,85.45177,0
71,11939318503358,11939319680043,11939416923055,97.243012,98.419697,0
72,11939935452639,11939936757935,11940049745653,112.987718,114.293014,0
73,11940554716550,11940555716643,11940635691283,79.97464,80.974733,0
74,11941172994759,11941174074574,11941258296085,84.221511,85.301326,0
75,11941789308968,11941790262561,11941896675945,106.413384,107.366977,0
76,11942408619753,11942410137790,11942505418710,95.28092,96.798957,0
77,11943027034538,11943028022816,11943129011625,100.988809,101.977087,0
78,11943645085620,11943646092398,11943742351893,96.259495,97.266273,0
79,11944261528684,11944262484740,11944387839387,125.354647,126.310703,0
80,11944879863009,11944880853195,11944981310486,100.457291,101.447477,0
81,11945497747594,11945499022113,11945614222536,115.200423,116.474942,0
82,11946116028013,11946117241865,11946191186004,73.944139,75.157991,0
83,11946734784803,11946738912155,11946831357798,92.445643,96.572995,0
84,11947352235760,11947353237742,11947464596646,111.358904,112.360886,0
85,11947971784996,11947973745645,11948073892381,100.146736,102.107385,0
86,11948589320233,11948590294345,11948687916877,97.622532,98.596644,0
87,11949206321897,11949207291156,11949300935096,93.64394,94.613199,0
88,11949825491061,11949826978210,11949914175611,87.197401,88.68455,0
89,11950442817875,11950443768190,11950531149610,87.38142,88.331735,0
90,11951060716244,11951061686170,11951139966589,78.280419,79.250345,0
91,11951680181078,11951681141226,11951754456793,73.315567,74.275715,0
92,11952298255560,11952299868653,11952416836856,116.968203,118.581296,0
93,11952915790284,11952916902822,11953002549279,85.646457,86.758995,0
94,11953534032176,11953535263120,11953638476711,103.213591,104.444535,0
95,11954151905772,11954152858698,11954200541020,47.682322,48.635248,0
96,11954769550757,11954771150017,11954882540645,111.390628,112.989888,0
97,11955387895059,11955388928059,11955436623937,47.695878,48.728878,0
98,11956008197435,11956010564732,11956207165596,196.600864,198.968161,0
99,11956624877090,11956627421108,11956760750093,133.328985,135.873003,0
100,11957242924486,11957244962690,11957359989227,115.026537,117.064741,0
101,11957860910290,11957862703587,11957964104955,101.401368,103.194665,0
102,11958479918188,11958481631911,11958563995906,82.363995,84.077718,0
103,11959097430087,11959099247439,11959188310694,89.063255,90.880607,0
104,11959714700653,11959716541357,11959830282839,113.741482,115.582186,0
105,11960333876497,11960335713201,11960413862640,78.149439,79.986143,0
106,11960951248509,11960953061510,11961064070751,111.009241,112.822242,0
107,11961570074541,11961572686152,11961746403349,173.717197,176.328808,0
108,11962188378832,11962190258777,11962280042570,89.783793,91.663738,0
109,11962805701347,11962808348754,11962902436197,94.087443,96.73485,0
110,11963423621510,11963425302325,11963524319342,99.017017,100.697832,0
111,11964043168119,11964045148767,11964120319466,75.170699,77.151347,0
112,11964660031376,11964661795950,11964750125855,88.329905,90.094479,0
113,11965277851338,11965279482468,11965383772875,104.290407,105.921537,0
114,11965895501986,11965897133153,11965982015131,84.881978,86.513145,0
115,11966513840524,11966515494598,11966607979281,92.484683,94.138757,0
116,11967132346284,11967134002877,11967208917280,74.914403,76.570996,0
117,11967751120101,11967753091639,11967851137805,98.046166,100.017704,0
118,11968368370808,11968371550660,11968490934516,119.383856,122.563708,0
119,11968986048737,11968987893682,11969081732311,93.838629,95.683574,0
120,11969603969297,11969605943150,11969708861410,102.91826,104.892113,0
121,11970223073358,11970224922303,11970295720168,70.797865,72.64681,0
122,11970841230161,11970843005791,11970941957680,98.951889,100.727519,0
123,11971459341186,11971461119205,11971567320244,106.201039,107.979058,0
124,11972076899731,11972078441916,11972158564431,80.122515,81.6647,0
125,11972695371109,11972697016647,11972782989441,85.972794,87.618332,0
126,11973313193544,11973314946063,11973449082849,134.136786,135.889305,0
127,11973930427184,11973932609573,11974078992139,146.382566,148.564955,0
128,11974549612009,11974551905232,11974681853110,129.947878,132.241101,0
129,11975167619354,11975169426262,11975304378566,134.952304,136.759212,0
130,11975785310033,11975787302274,11975882276386,94.974112,96.966353,0
131,11976402831768,11976405357028,11976527605293,122.248265,124.773525,0
132,11977021078708,11977022932338,11977118012153,95.079815,96.933445,0
133,11977637902500,11977639988870,11977750390726,110.401856,112.488226,0
134,11978256337033,11978258112663,11978355749961,97.637298,99.412928,0
135,11978874199846,11978876088939,11979001440576,125.351637,127.24073,0
136,11979492487048,11979494439900,11979603318089,108.878189,110.831041,0
137,11980110565621,11980112782973,11980187961748,75.178775,77.396127,0
138,11980728382546,11980730013954,11980815060879,85.046925,86.678333,0
139,11981346858065,11981348576769,11981478638223,130.061454,131.780158,0
140,11981963453992,11981965354159,11982056123864,90.769705,92.669872,0
141,11982582579883,11982584197865,11982685884591,101.686726,103.304708,0
142,11983200140497,11983201848201,11983326889395,125.041194,126.748898,0
143,11983817760075,11983819435056,11983896933703,77.498647,79.173628,0
144,11984435866708,11984437768635,11984564528866,126.760231,128.662158,0
145,11985053753250,11985055533843,11985139108454,83.574611,85.355204,0
