timestamp,window_index,reconstruction_error,threshold,predicted_label,inference_time_ms,measured_sampling_rate_hz,status,error,threshold_source,runtime_backend,window_start_timestamp,window_complete_monotonic_ns,decision_monotonic_ns,queue_wait_ms,preprocessing_time_ms,decision_latency_ms,window_formation_time_ms,total_window_pipeline_time_ms,queue_pending_windows,windows_dropped,gap_count,overrun_count,saturated_count,process_cpu_percent_one_core,process_rss_bytes,process_lifetime_peak_rss_bytes,isolation_forest_score,isolation_forest_threshold,isolation_forest_predicted_label,isolation_forest_inference_time_ms,isolation_forest_status,isolation_forest_runtime,rms_score,rms_threshold,rms_predicted_label,rms_inference_time_ms,rms_status,rms_runtime
2026-09-18T18:48:51.551+02:00,1,0.2768260748891791,0.47720259914362284,0,0.484056,206.94984712549612,NORMAL,,PROFILE/P99,ai_edge_litert.Interpreter 2.1.6 num_threads=1,2026-09-18T18:48:50.906+02:00,13783723200708,13783755018575,1.61915,1.504538,31.817867,613.675254,645.493121,0,0,0,0,0,17.734594748928572,237649920,235192320,0.386171681572707,0.4833547401595273,0,28.01314,NORMAL,scikit-learn IsolationForest.score_samples,0.5224810055188238,1.296361072562011,0,0.130352,NORMAL,NumPy RMS auf standardisiertem 128×3-Fenster
2026-09-18T18:48:52.161+02:00,2,0.2655721771347987,0.47720259914362284,0,0.271315,211.01104059277208,NORMAL,,PROFILE/P99,ai_edge_litert.Interpreter 2.1.6 num_threads=1,2026-09-18T18:48:51.534+02:00,13784339842558,13784364925362,0.889149,0.996501,25.082804,601.864242,626.947046,0,0,0,0,0,45.91087239708237,237912064,235716608,0.37961233512071696,0.4833547401595273,0,22.770765,NORMAL,scikit-learn IsolationForest.score_samples,0.5220885388740285,1.296361072562011,0,0.114741,NORMAL,NumPy RMS auf standardisiertem 128×3-Fenster
2026-09-18T18:48:52.775+02:00,3,0.2480963053359441,0.47720259914362284,0,0.245944,207.8212513380641,NORMAL,,PROFILE/P99,ai_edge_litert.Interpreter 2.1.6 num_threads=1,2026-09-18T18:48:52.143+02:00,13784958062409,13784979237801,0.549889,0.902372,21.175392,611.102085,632.277477,0,0,0,0,0,50.46387311909525,237912064,235716608,0.38877274642282017,0.4833547401595273,0,19.345391,NORMAL,scikit-learn IsolationForest.score_samples,0.529642591349589,1.296361072562011,0,0.105129,NORMAL,NumPy RMS auf standardisiertem 128×3-Fenster
2026-09-18T18:48:53.395+02:00,4,0.3178844436386529,0.47720259914362284,0,0.299796,207.33194046756205,NORMAL,,PROFILE/P99,ai_edge_litert.Interpreter 2.1.6 num_threads=1,2026-09-18T18:48:52.761+02:00,13785576985946,13785599088988,0.631056,0.954594,22.103042,612.544308,634.64735,0,0,0,0,0,43.559354920859064,237912064,235716608,0.38846708973408967,0.4833547401595273,0,20.077669,NORMAL,scikit-learn IsolationForest.score_samples,0.5690905659006193,1.296361072562011,0,0.108982,NORMAL,NumPy RMS auf standardisiertem 128×3-Fenster
2026-09-18T18:48:54.015+02:00,5,0.2507490502609745,0.47720259914362284,0,0.251038,207.576923500815,NORMAL,,PROFILE/P99,ai_edge_litert.Interpreter 2.1.6 num_threads=1,2026-09-18T18:48:53.379+02:00,13786194987519,13786218721840,1.664706,0.846797,23.734321,611.821381,635.555702,0,0,0,0,0,43.57299642226539,237912064,235716608,0.37708828529211486,0.4833547401595273,0,20.833615,NORMAL,scikit-learn IsolationForest.score_samples,0.5182751674288434,1.296361072562011,0,0.107223,NORMAL,NumPy RMS auf standardisiertem 128×3-Fenster
2026-09-18T18:48:54.628+02:00,6,0.27578112513657516,0.47720259914362284,0,0.237852,207.5536228757798,NORMAL,,PROFILE/P99,ai_edge_litert.Interpreter 2.1.6 num_threads=1,2026-09-18T18:48:53.996+02:00,13786811508424,13786831579038,0.65576,0.930427,20.070614,611.890066,631.96068,0,0,0,0,0,40.793779658719735,237944832,235716608,0.38877782645430314,0.4833547401595273,0,18.117371,NORMAL,scikit-learn IsolationForest.score_samples,0.5448648938343484,1.296361072562011,0,0.102537,NORMAL,NumPy RMS auf standardisiertem 128×3-Fenster
2026-09-18T18:48:55.247+02:00,7,0.3079836099258453,0.47720259914362284,0,0.235149,207.89754481593764,NORMAL,,PROFILE/P99,ai_edge_litert.Interpreter 2.1.6 num_threads=1,2026-09-18T18:48:54.615+02:00,13787429996906,13787450962391,0.645149,0.792167,20.965485,610.877825,631.84331,0,0,0,0,0,40.36279149027424,237977600,235716608,0.3848519580922449,0.4833547401595273,0,19.160687,NORMAL,scikit-learn IsolationForest.score_samples,0.5532728554670174,1.296361072562011,0,0.10037,NORMAL,NumPy RMS auf standardisiertem 128×3-Fenster
2026-09-18T18:48:55.865+02:00,8,0.23848426381107113,0.47720259914362284,0,0.25763,207.362319812104,NORMAL,,PROFILE/P99,ai_edge_litert.Interpreter 2.1.6 num_threads=1,2026-09-18T18:48:55.232+02:00,13788048633443,13788069215113,0.609538,0.88576,20.58167,612.454568,633.036238,0,0,0,0,0,40.43561076455762,238010368,235716608,0.38169098855974803,0.4833547401595273,0,18.687167,NORMAL,scikit-learn IsolationForest.score_samples,0.49680448279563244,1.296361072562011,0,0.115834,NORMAL,NumPy RMS auf standardisiertem 128×3-Fenster
2026-09-18T18:48:56.501+02:00,9,0.2658229471446452,0.47720259914362284,0,0.343185,208.63544814043289,NORMAL,,PROFILE/P99,ai_edge_litert.Interpreter 2.1.6 num_threads=1,2026-09-18T18:48:55.854+02:00,13788666793276,13788705108501,0.641612,1.232667,38.315225,608.717268,647.032493,0,0,0,0,0,48.74728649212775,238075904,235716608,0.38159699132810876,0.4833547401595273,0,35.922853,NORMAL,scikit-learn IsolationForest.score_samples,0.5252059648927931,1.296361072562011,0,0.13337,NORMAL,NumPy RMS auf standardisiertem 128×3-Fenster
2026-09-18T18:48:57.099+02:00,10,0.26853713926851935,0.47720259914362284,0,0.260889,208.4616429107964,NORMAL,,PROFILE/P99,ai_edge_litert.Interpreter 2.1.6 num_threads=1,2026-09-18T18:48:56.470+02:00,13789283202459,13789303224387,0.588871,0.927815,20.021928,609.224787,629.246715,0,0,0,0,0,51.83499303120215,238174208,235716608,0.38304726470369477,0.4833547401595273,0,18.129167,NORMAL,scikit-learn IsolationForest.score_samples,0.5153856211859876,1.296361072562011,0,0.08637,NORMAL,NumPy RMS auf standardisiertem 128×3-Fenster
2026-09-18T18:48:57.718+02:00,11,0.23159173596175955,0.47720259914362284,0,0.225019,207.40993823206287,NORMAL,,PROFILE/P99,ai_edge_litert.Interpreter 2.1.6 num_threads=1,2026-09-18T18:48:57.085+02:00,13789901612755,13789921919443,0.629001,0.775741,20.306688,612.313957,632.620645,0,0,0,0,0,40.40614100094186,238206976,235716608,0.3856454014435328,0.4833547401595273,0,18.54313,NORMAL,scikit-learn IsolationForest.score_samples,0.502238265563761,1.296361072562011,0,0.107574,NORMAL,NumPy RMS auf standardisiertem 128×3-Fenster
2026-09-18T18:48:58.336+02:00,12,0.2500684481673458,0.47720259914362284,0,0.262444,207.51033936196785,NORMAL,,PROFILE/P99,ai_edge_litert.Interpreter 2.1.6 num_threads=1,2026-09-18T18:48:57.704+02:00,13790519684495,13790539742109,0.594334,0.893538,20.057614,612.017697,632.075311,0,0,0,0,0,40.46572272216279,238223360,235716608,0.3858129346796116,0.4833547401595273,0,18.180908,NORMAL,scikit-learn IsolationForest.score_samples,0.5152005807962663,1.296361072562011,0,0.095741,NORMAL,NumPy RMS auf standardisiertem 128×3-Fenster
2026-09-18T18:48:58.954+02:00,13,0.26562513271243393,0.47720259914362284,0,0.262056,207.53969724138383,NORMAL,,PROFILE/P99,ai_edge_litert.Interpreter 2.1.6 num_threads=1,2026-09-18T18:48:58.322+02:00,13791137647365,13791157945646,0.80289,0.920519,20.298281,611.931123,632.229404,0,0,0,0,0,40.43922269108291,238239744,236240896,0.38268699911385473,0.4833547401595273,0,18.178556,NORMAL,scikit-learn IsolationForest.score_samples,0.5216179317671729,1.296361072562011,0,0.105686,NORMAL,NumPy RMS auf standardisiertem 128×3-Fenster
2026-09-18T18:48:59.571+02:00,14,0.24895413705533245,0.47720259914362284,0,0.239649,207.76729424364774,NORMAL,,PROFILE/P99,ai_edge_litert.Interpreter 2.1.6 num_threads=1,2026-09-18T18:48:58.940+02:00,13791755382901,13791774742551,0.88165,0.869278,19.35965,611.260788,630.620438,0,0,0,0,0,45.39366039697925,238239744,236240896,0.38185401569198085,0.4833547401595273,0,17.222278,NORMAL,scikit-learn IsolationForest.score_samples,0.5255778354488516,1.296361072562011,0,0.117685,NORMAL,NumPy RMS auf standardisiertem 128×3-Fenster
2026-09-18T18:49:00.191+02:00,15,0.2763976391315614,0.47720259914362284,0,0.276926,207.2114309572736,NORMAL,,PROFILE/P99,ai_edge_litert.Interpreter 2.1.6 num_threads=1,2026-09-18T18:48:59.558+02:00,13792374415569,13792394489590,0.637908,0.915297,20.074021,612.90055,632.974571,0,0,0,0,0,41.95149256053352,238256128,236240896,0.38394656826936346,0.4833547401595273,0,18.080111,NORMAL,scikit-learn IsolationForest.score_samples,0.5413301757663058,1.296361072562011,0,0.13424,NORMAL,NumPy RMS auf standardisiertem 128×3-Fenster
2026-09-18T18:49:00.807+02:00,16,0.24845472833812524,0.47720259914362284,0,0.229148,207.9824782197064,NORMAL,,PROFILE/P99,ai_edge_litert.Interpreter 2.1.6 num_threads=1,2026-09-18T18:49:00.177+02:00,13792991075752,13793010470995,0.634816,0.833408,19.395243,610.628362,630.023605,0,0,0,0,0,43.83601989875831,238256128,236240896,0.39244848612094285,0.4833547401595273,0,17.563074,NORMAL,scikit-learn IsolationForest.score_samples,0.5317785684595261,1.296361072562011,0,0.106649,NORMAL,NumPy RMS auf standardisiertem 128×3-Fenster
2026-09-18T18:49:01.426+02:00,17,5.588096569956008,0.47720259914362284,1,0.265556,207.04122086371666,ANOMALY,,PROFILE/P99,ai_edge_litert.Interpreter 2.1.6 num_threads=1,2026-09-18T18:49:00.793+02:00,13793610202549,13793630107978,0.586242,0.879816,19.905429,613.40442,633.309849,0,0,0,0,0,46.80102011959388,238256128,236240896,0.4484120094930222,0.4833547401595273,0,18.038612,NORMAL,scikit-learn IsolationForest.score_samples,2.2161571836893335,1.296361072562011,1,0.106407,ANOMALY,NumPy RMS auf standardisiertem 128×3-Fenster
2026-09-18T18:49:02.055+02:00,18,11.751659914935468,0.47720259914362284,1,0.295316,208.425777482431,ANOMALY,,PROFILE/P99,ai_edge_litert.Interpreter 2.1.6 num_threads=1,2026-09-18T18:49:01.415+02:00,13794227704938,13794258344785,2.254613,1.037168,30.639847,609.329621,639.969468,0,0,0,0,0,44.567701871153005,238256128,236240896,0.5852734951482298,0.4833547401595273,1,26.893806,ANOMALY,scikit-learn IsolationForest.score_samples,3.5786914241986145,1.296361072562011,1,0.119612,ANOMALY,NumPy RMS auf standardisiertem 128×3-Fenster
2026-09-18T18:49:02.664+02:00,19,24.848973815731238,0.47720259914362284,1,0.25837,208.2063127960588,ANOMALY,,PROFILE/P99,ai_edge_litert.Interpreter 2.1.6 num_threads=1,2026-09-18T18:49:02.031+02:00,13794844492029,13794868172609,0.652241,0.882483,23.68058,609.971899,633.652479,0,0,0,0,0,47.556411920135474,238272512,236240896,0.5767109019928301,0.4833547401595273,1,21.752152,ANOMALY,scikit-learn IsolationForest.score_samples,4.8360572591831,1.296361072562011,1,0.105426,ANOMALY,NumPy RMS auf standardisiertem 128×3-Fenster
2026-09-18T18:49:03.281+02:00,20,15.429194107529534,0.47720259914362284,1,0.357389,207.46866207913052,ANOMALY,,PROFILE/P99,ai_edge_litert.Interpreter 2.1.6 num_threads=1,2026-09-18T18:49:02.647+02:00,13795463079233,13795484884589,0.693556,1.008631,21.805356,612.140642,633.945998,0,0,0,0,0,47.023157961510506,238272512,236240896,0.5841304123656386,0.4833547401595273,1,19.597058,ANOMALY,scikit-learn IsolationForest.score_samples,3.769297160303677,1.296361072562011,1,0.108333,ANOMALY,NumPy RMS auf standardisiertem 128×3-Fenster
2026-09-18T18:49:03.898+02:00,21,14.49393136171966,0.47720259914362284,1,0.277278,208.13666501222056,ANOMALY,,PROFILE/P99,ai_edge_litert.Interpreter 2.1.6 num_threads=1,2026-09-18T18:49:03.267+02:00,13796081164622,13796101581736,0.620797,1.00113,20.417114,610.176011,630.593125,0,0,0,0,0,43.78132010236551,238272512,236240896,0.5446330630187022,0.4833547401595273,1,18.38213,ANOMALY,scikit-learn IsolationForest.score_samples,3.763458720298794,1.296361072562011,1,0.105167,ANOMALY,NumPy RMS auf standardisiertem 128×3-Fenster
2026-09-18T18:49:04.521+02:00,22,11.006419665167996,0.47720259914362284,1,0.226297,207.76400848622725,ANOMALY,,PROFILE/P99,ai_edge_litert.Interpreter 2.1.6 num_threads=1,2026-09-18T18:49:03.885+02:00,13796699848696,13796725015093,0.785594,0.812704,25.166397,611.270455,636.436852,0,0,0,0,0,49.721601615107495,238272512,236240896,0.5410464007184579,0.4833547401595273,1,23.193376,ANOMALY,scikit-learn IsolationForest.score_samples,3.132477420701287,1.296361072562011,1,0.121037,ANOMALY,NumPy RMS auf standardisiertem 128×3-Fenster
2026-09-18T18:49:05.134+02:00,23,4.359846501022976,0.47720259914362284,1,0.295889,207.77494838469457,ANOMALY,,PROFILE/P99,ai_edge_litert.Interpreter 2.1.6 num_threads=1,2026-09-18T18:49:04.503+02:00,13797318041511,13797337378383,0.829575,0.891464,19.336872,611.23827,630.575142,0,0,0,0,0,50.627938153616064,238272512,236240896,0.5146656004428964,0.4833547401595273,1,17.190795,ANOMALY,scikit-learn IsolationForest.score_samples,2.1355691069251983,1.296361072562011,1,0.1,ANOMALY,NumPy RMS auf standardisiertem 128×3-Fenster
2026-09-18T18:49:05.751+02:00,24,1.556353686437056,0.47720259914362284,1,0.301926,207.40517713338718,ANOMALY,,PROFILE/P99,ai_edge_litert.Interpreter 2.1.6 num_threads=1,2026-09-18T18:49:05.118+02:00,13797934239417,13797954338531,0.747519,1.177464,20.099114,612.328013,632.427127,0,0,0,0,0,38.89979968846467,238272512,236240896,0.4464966395785114,0.4833547401595273,0,17.729463,NORMAL,scikit-learn IsolationForest.score_samples,1.3427295954946896,1.296361072562011,1,0.103833,ANOMALY,NumPy RMS auf standardisiertem 128×3-Fenster
2026-09-18T18:49:06.371+02:00,25,4.390163981708213,0.47720259914362284,1,0.316389,207.4390857574741,ANOMALY,,PROFILE/P99,ai_edge_litert.Interpreter 2.1.6 num_threads=1,2026-09-18T18:49:05.737+02:00,13798553352455,13798574453051,0.617908,0.942927,21.100596,612.22792,633.328516,0,0,0,0,0,37.090232314071336,238272512,236240896,0.49700095646634174,0.4833547401595273,1,19.082816,ANOMALY,scikit-learn IsolationForest.score_samples,2.07176613280091,1.296361072562011,1,0.103963,ANOMALY,NumPy RMS auf standardisiertem 128×3-Fenster
2026-09-18T18:49:06.986+02:00,26,3.106830719591869,0.47720259914362284,1,0.253334,208.64867657799908,ANOMALY,,PROFILE/P99,ai_edge_litert.Interpreter 2.1.6 num_threads=1,2026-09-18T18:49:06.358+02:00,13799170460602,13799190289882,0.555575,0.791982,19.82928,608.678675,628.507955,0,0,0,0,0,40.59472789740965,238305280,236240896,0.4962486212613088,0.4833547401595273,1,18.092223,ANOMALY,scikit-learn IsolationForest.score_samples,1.7659974437385741,1.296361072562011,1,0.107037,ANOMALY,NumPy RMS auf standardisiertem 128×3-Fenster
2026-09-18T18:49:07.611+02:00,27,0.2574700025083921,0.47720259914362284,0,0.287407,207.28624942279757,NORMAL,,PROFILE/P99,ai_edge_litert.Interpreter 2.1.6 num_threads=1,2026-09-18T18:49:06.972+02:00,13799788760695,13799815190075,0.678945,0.971168,26.42938,612.679328,639.108708,0,0,0,0,0,43.205849864622806,238305280,236240896,0.3904240515014218,0.4833547401595273,0,24.347451,NORMAL,scikit-learn IsolationForest.score_samples,0.5265889476583088,1.296361072562011,0,0.113038,NORMAL,NumPy RMS auf standardisiertem 128×3-Fenster
2026-09-18T18:49:08.222+02:00,28,0.263052916646493,0.47720259914362284,0,0.253278,208.0592303147921,NORMAL,,PROFILE/P99,ai_edge_litert.Interpreter 2.1.6 num_threads=1,2026-09-18T18:49:07.592+02:00,13800406632529,13800425992697,0.833075,0.933686,19.360168,610.403104,629.763272,0,0,0,0,0,45.84247474578711,238305280,236240896,0.3835898699235123,0.4833547401595273,0,17.203481,NORMAL,scikit-learn IsolationForest.score_samples,0.5287397682645175,1.296361072562011,0,0.102333,NORMAL,NumPy RMS auf standardisiertem 128×3-Fenster
2026-09-18T18:49:08.841+02:00,29,0.28634795254749285,0.47720259914362284,0,0.25563,207.33702349590985,NORMAL,,PROFILE/P99,ai_edge_litert.Interpreter 2.1.6 num_threads=1,2026-09-18T18:49:08.209+02:00,13801025684660,13801044779235,0.937871,0.927686,19.094575,612.529291,631.623866,0,0,0,0,0,40.40179246470374,238305280,236240896,0.3791423234714713,0.4833547401595273,0,16.847351,NORMAL,scikit-learn IsolationForest.score_samples,0.5530179505445205,1.296361072562011,0,0.098741,NORMAL,NumPy RMS auf standardisiertem 128×3-Fenster
2026-09-18T18:49:09.458+02:00,30,0.27610886031768683,0.47720259914362284,0,0.260723,207.52886349017388,NORMAL,,PROFILE/P99,ai_edge_litert.Interpreter 2.1.6 num_threads=1,2026-09-18T18:49:08.826+02:00,13801642005177,13801662234420,0.709426,0.933483,20.229243,611.963068,632.192311,0,0,0,0,0,35.630107676134486,238305280,236240896,0.3858352842223023,0.4833547401595273,0,18.188445,NORMAL,scikit-learn IsolationForest.score_samples,0.5256437027094828,1.296361072562011,0,0.104777,NORMAL,NumPy RMS auf standardisiertem 128×3-Fenster
2026-09-18T18:49:10.080+02:00,31,0.2834361755012476,0.47720259914362284,0,0.297093,208.3049302590091,NORMAL,,PROFILE/P99,ai_edge_litert.Interpreter 2.1.6 num_threads=1,2026-09-18T18:49:09.447+02:00,13802260213658,13802283399998,0.658149,1.047038,23.18634,609.683121,632.869461,0,0,0,0,0,43.466776331192506,238305280,236240896,0.38925185844037474,0.4833547401595273,0,21.060337,NORMAL,scikit-learn IsolationForest.score_samples,0.5291841729110514,1.296361072562011,0,0.090815,NORMAL,NumPy RMS auf standardisiertem 128×3-Fenster
2026-09-18T18:49:10.694+02:00,32,0.25385995764831676,0.47720259914362284,0,0.231352,208.32531164691554,NORMAL,,PROFILE/P99,ai_edge_litert.Interpreter 2.1.6 num_threads=1,2026-09-18T18:49:10.065+02:00,13802878102603,13802898266143,0.750019,0.806335,20.16354,609.623473,629.787013,0,0,0,0,0,39.032419053879174,238321664,236240896,0.3867677658296907,0.4833547401595273,0,18.240964,NORMAL,scikit-learn IsolationForest.score_samples,0.5302152196875077,1.296361072562011,0,0.108093,NORMAL,NumPy RMS auf standardisiertem 128×3-Fenster
2026-09-18T18:49:11.316+02:00,33,0.30531698949712194,0.47720259914362284,0,0.36376,207.23020879016272,NORMAL,,PROFILE/P99,ai_edge_litert.Interpreter 2.1.6 num_threads=1,2026-09-18T18:49:10.680+02:00,13803496906919,13803519645684,0.675982,1.103353,22.738765,612.845013,635.583778,0,0,0,0,0,38.62416756168571,238321664,236240896,0.38649301881251324,0.4833547401595273,0,20.425614,NORMAL,scikit-learn IsolationForest.score_samples,0.5465924942851138,1.296361072562011,0,0.124,NORMAL,NumPy RMS auf standardisiertem 128×3-Fenster
2026-09-18T18:49:11.929+02:00,34,0.2662372675411599,0.47720259914362284,0,0.338556,208.13962144784992,NORMAL,,PROFILE/P99,ai_edge_litert.Interpreter 2.1.6 num_threads=1,2026-09-18T18:49:11.300+02:00,13804113815344,13804132982457,0.617408,1.008224,19.167113,610.167344,629.334457,0,0,0,0,0,40.760434159619216,238321664,236240896,0.3807519954522745,0.4833547401595273,0,17.071184,NORMAL,scikit-learn IsolationForest.score_samples,0.5169772696432586,1.296361072562011,0,0.096037,NORMAL,NumPy RMS auf standardisiertem 128×3-Fenster
2026-09-18T18:49:12.552+02:00,35,0.3089750560106106,0.47720259914362284,0,0.289685,207.35655775000055,NORMAL,,PROFILE/P99,ai_edge_litert.Interpreter 2.1.6 num_threads=1,2026-09-18T18:49:11.917+02:00,13804733134642,13804755683925,0.710908,0.890779,22.549283,612.471587,635.02087,0,0,0,0,0,41.75386043705882,238321664,236240896,0.38774252316901614,0.4833547401595273,0,20.521929,NORMAL,scikit-learn IsolationForest.score_samples,0.5456262479232458,1.296361072562011,0,0.104074,NORMAL,NumPy RMS auf standardisiertem 128×3-Fenster
2026-09-18T18:49:13.175+02:00,36,0.30031215610091433,0.47720259914362284,0,0.329759,207.09302514490736,NORMAL,,PROFILE/P99,ai_edge_litert.Interpreter 2.1.6 num_threads=1,2026-09-18T18:49:12.533+02:00,13805350332827,13805379021635,0.792853,1.098038,28.688808,613.250977,641.939785,0,0,0,0,0,46.52384812134077,238321664,236240896,0.3868084551514314,0.4833547401595273,0,26.325213,NORMAL,scikit-learn IsolationForest.score_samples,0.5559394411313078,1.296361072562011,0,0.103981,NORMAL,NumPy RMS auf standardisiertem 128×3-Fenster
2026-09-18T18:49:13.794+02:00,37,0.25888902265392244,0.47720259914362284,0,0.243519,209.8578455837253,NORMAL,,PROFILE/P99,ai_edge_litert.Interpreter 2.1.6 num_threads=1,2026-09-18T18:49:13.160+02:00,13805968521680,13805997371432,0.894149,0.899464,28.849752,605.171561,634.021313,0,0,0,0,0,42.044685719403155,238321664,236240896,0.38172304441664606,0.4833547401595273,0,26.65575,NORMAL,scikit-learn IsolationForest.score_samples,0.5306323306854166,1.296361072562011,0,0.123926,NORMAL,NumPy RMS auf standardisiertem 128×3-Fenster
2026-09-18T18:49:14.406+02:00,38,0.28332809860256836,0.47720259914362284,0,0.301222,209.74168890713037,NORMAL,,PROFILE/P99,ai_edge_litert.Interpreter 2.1.6 num_threads=1,2026-09-18T18:49:13.777+02:00,13806585987050,13806609798519,0.651445,0.940464,23.811469,605.50671,629.318179,0,0,0,0,0,68.5821473171909,238354432,236240896,0.38425197689761237,0.4833547401595273,0,21.760782,NORMAL,scikit-learn IsolationForest.score_samples,0.5388877684725779,1.296361072562011,0,0.113926,NORMAL,NumPy RMS auf standardisiertem 128×3-Fenster
2026-09-18T18:49:15.024+02:00,39,0.2699652669059371,0.47720259914362284,0,0.303667,208.47259891150708,NORMAL,,PROFILE/P99,ai_edge_litert.Interpreter 2.1.6 num_threads=1,2026-09-18T18:49:14.390+02:00,13807203470606,13807227543186,0.611389,0.930538,24.07258,609.19277,633.26535,0,0,0,0,0,59.89719976361818,238354432,236240896,0.3905383420391527,0.4833547401595273,0,22.098468,NORMAL,scikit-learn IsolationForest.score_samples,0.538556931006648,1.296361072562011,0,0.09526,NORMAL,NumPy RMS auf standardisiertem 128×3-Fenster
2026-09-18T18:49:15.638+02:00,40,0.2702598725548266,0.47720259914362284,0,0.252426,207.79253723443065,NORMAL,,PROFILE/P99,ai_edge_litert.Interpreter 2.1.6 num_threads=1,2026-09-18T18:49:15.006+02:00,13807821023106,13807841915554,1.687594,0.914075,20.892448,611.186531,632.078979,0,0,0,0,0,43.94648769657231,238354432,236240896,0.3845709542907685,0.4833547401595273,0,17.896204,NORMAL,scikit-learn IsolationForest.score_samples,0.5199319789429194,1.296361072562011,0,0.109945,NORMAL,NumPy RMS auf standardisiertem 128×3-Fenster
2026-09-18T18:49:16.254+02:00,41,0.28135542361821325,0.47720259914362284,0,0.252185,207.95042176381736,NORMAL,,PROFILE/P99,ai_edge_litert.Interpreter 2.1.6 num_threads=1,2026-09-18T18:49:15.625+02:00,13808439380070,13808458100052,0.795889,0.899779,18.719982,610.722493,629.442475,0,0,0,0,0,45.44159364129876,238370816,236240896,0.37986477323911927,0.4833547401595273,0,16.64535,NORMAL,scikit-learn IsolationForest.score_samples,0.5348448927423346,1.296361072562011,0,0.099574,NORMAL,NumPy RMS auf standardisiertem 128×3-Fenster
2026-09-18T18:49:16.874+02:00,42,0.28170355267587394,0.47720259914362284,0,0.268056,207.2598882689033,NORMAL,,PROFILE/P99,ai_edge_litert.Interpreter 2.1.6 num_threads=1,2026-09-18T18:49:16.241+02:00,13809057942756,13809078220518,0.607519,0.899779,20.277762,612.757254,633.035016,0,0,0,0,0,41.926954237950596,238387200,236240896,0.3801974487857061,0.4833547401595273,0,18.373186,NORMAL,scikit-learn IsolationForest.score_samples,0.5375743444787225,1.296361072562011,0,0.101334,NORMAL,NumPy RMS auf standardisiertem 128×3-Fenster
2026-09-18T18:49:17.492+02:00,43,0.2749903351004785,0.47720259914362284,0,0.257741,207.4711159120835,NORMAL,,PROFILE/P99,ai_edge_litert.Interpreter 2.1.6 num_threads=1,2026-09-18T18:49:16.860+02:00,13809675743701,13809696168630,0.665964,0.913927,20.424929,612.133402,632.558331,0,0,0,0,0,42.07493683799919,238387200,236240896,0.3866286517325319,0.4833547401595273,0,18.453093,NORMAL,scikit-learn IsolationForest.score_samples,0.519565820181678,1.296361072562011,0,0.107074,NORMAL,NumPy RMS auf standardisiertem 128×3-Fenster
2026-09-18T18:49:18.113+02:00,44,0.276649779043602,0.47720259914362284,0,0.257093,207.55701426116724,NORMAL,,PROFILE/P99,ai_edge_litert.Interpreter 2.1.6 num_threads=1,2026-09-18T18:49:17.478+02:00,13810293408979,13810316608485,3.113152,0.886445,23.199506,611.880068,635.079574,0,0,0,0,0,43.5152045775237,238403584,236240896,0.38153400056416226,0.4833547401595273,0,18.767038,NORMAL,scikit-learn IsolationForest.score_samples,0.5366729673471962,1.296361072562011,0,0.140167,NORMAL,NumPy RMS auf standardisiertem 128×3-Fenster
2026-09-18T18:49:18.733+02:00,45,0.2756505596185838,0.47720259914362284,0,0.267833,207.8557935129778,NORMAL,,PROFILE/P99,ai_edge_litert.Interpreter 2.1.6 num_threads=1,2026-09-18T18:49:18.096+02:00,13810910919479,13810936473080,0.601446,0.820408,25.553601,611.00053,636.554131,0,0,0,0,0,48.39979937953802,238403584,236240896,0.38376024496648564,0.4833547401595273,0,23.725932,NORMAL,scikit-learn IsolationForest.score_samples,0.5190351510131184,1.296361072562011,0,0.109648,NORMAL,NumPy RMS auf standardisiertem 128×3-Fenster
2026-09-18T18:49:19.347+02:00,46,0.26991592491250876,0.47720259914362284,0,0.264371,209.54788296917053,NORMAL,,PROFILE/P99,ai_edge_litert.Interpreter 2.1.6 num_threads=1,2026-09-18T18:49:18.720+02:00,13811529434592,13811551108596,0.612797,0.907427,21.674004,606.066729,627.740733,0,0,0,0,0,45.55552682314707,238403584,236240896,0.38878256650486975,0.4833547401595273,0,19.760021,NORMAL,scikit-learn IsolationForest.score_samples,0.5444313503303861,1.296361072562011,0,0.102963,NORMAL,NumPy RMS auf standardisiertem 128×3-Fenster
2026-09-18T18:49:19.963+02:00,47,0.27807661330924266,0.47720259914362284,0,0.231352,208.10936075462237,NORMAL,,PROFILE/P99,ai_edge_litert.Interpreter 2.1.6 num_threads=1,2026-09-18T18:49:19.333+02:00,13812147013648,13812166695891,0.909501,0.901945,19.682243,610.256067,629.93831,0,0,0,0,0,37.36143002968961,238403584,236240896,0.3865305711929256,0.4833547401595273,0,17.481555,NORMAL,scikit-learn IsolationForest.score_samples,0.517065948519522,1.296361072562011,0,0.125,NORMAL,NumPy RMS auf standardisiertem 128×3-Fenster
2026-09-18T18:49:20.584+02:00,48,0.31067572523832115,0.47720259914362284,0,0.27113,207.17175704367088,NORMAL,,PROFILE/P99,ai_edge_litert.Interpreter 2.1.6 num_threads=1,2026-09-18T18:49:19.949+02:00,13812765881835,13812787380672,0.855464,0.880427,21.498837,613.017922,634.516759,0,0,0,0,0,40.27913836007842,238403584,236240896,0.3816520740928155,0.4833547401595273,0,19.345076,NORMAL,scikit-learn IsolationForest.score_samples,0.5574771314295105,1.296361072562011,0,0.118038,NORMAL,NumPy RMS auf standardisiertem 128×3-Fenster
2026-09-18T18:49:21.189+02:00,49,nan,0.47720259914362284,-1,0.0,204.3749821835707,ERROR,"ValueError: Sensorfenster mit Lücke, Overrun oder Sättigung; Entscheidung ungültig",PROFILE/P99,ai_edge_litert.Interpreter 2.1.6 num_threads=1,2026-09-18T18:49:20.567+02:00,13813391826622,13813392453678,0.608149,0.0,0.627056,621.406782,622.033838,0,0,3,3,0,59.503791043580094,238403584,236240896,nan,0.4833547401595273,-1,0.0,ERROR,scikit-learn IsolationForest.score_samples,nan,1.296361072562011,-1,0.0,ERROR,NumPy RMS auf standardisiertem 128×3-Fenster
2026-09-18T18:49:21.828+02:00,50,0.279724140273468,0.47720259914362284,0,0.260723,207.3901741246269,NORMAL,,PROFILE/P99,ai_edge_litert.Interpreter 2.1.6 num_threads=1,2026-09-18T18:49:21.195+02:00,13814010789254,13814031566701,0.599537,0.909223,20.777447,612.37231,633.149757,0,0,0,0,0,37.54856408067679,238403584,236240896,0.38403646232533944,0.4833547401595273,0,18.878854,NORMAL,scikit-learn IsolationForest.score_samples,0.5326299714809204,1.296361072562011,0,0.101666,NORMAL,NumPy RMS auf standardisiertem 128×3-Fenster
2026-09-18T18:49:22.449+02:00,51,0.2823136412153202,0.47720259914362284,0,0.312075,207.9618103778406,NORMAL,,PROFILE/P99,ai_edge_litert.Interpreter 2.1.6 num_threads=1,2026-09-18T18:49:21.814+02:00,13814628772606,13814653284280,0.643742,0.925297,24.511674,610.689048,635.200722,0,0,0,0,0,36.992947222208095,238403584,236240896,0.38634127642121263,0.4833547401595273,0,22.469913,NORMAL,scikit-learn IsolationForest.score_samples,0.5224325210384649,1.296361072562011,0,0.121241,NORMAL,NumPy RMS auf standardisiertem 128×3-Fenster
2026-09-18T18:49:23.060+02:00,52,1.6801208606628155,0.47720259914362284,1,0.258648,207.88686866012264,ANOMALY,,PROFILE/P99,ai_edge_litert.Interpreter 2.1.6 num_threads=1,2026-09-18T18:49:22.431+02:00,13815245780199,13815264286904,0.745445,0.880427,18.506705,610.909197,629.415902,0,0,0,0,0,40.918485190747255,238403584,236240896,0.4108747267461273,0.4833547401595273,0,16.496795,NORMAL,scikit-learn IsolationForest.score_samples,1.2310880153273147,1.296361072562011,0,0.098055,NORMAL,NumPy RMS auf standardisiertem 128×3-Fenster
2026-09-18T18:49:23.689+02:00,53,2.2543244116595385,0.47720259914362284,1,0.397111,207.55648000376436,ANOMALY,,PROFILE/P99,ai_edge_litert.Interpreter 2.1.6 num_threads=1,2026-09-18T18:49:23.048+02:00,13815863900534,13815892941712,0.812093,1.241761,29.041178,611.881643,640.922821,0,0,0,0,0,42.947301103710366,238403584,236240896,0.4642190661514782,0.4833547401595273,0,26.420583,NORMAL,scikit-learn IsolationForest.score_samples,1.552346844967089,1.296361072562011,1,0.104741,ANOMALY,NumPy RMS auf standardisiertem 128×3-Fenster
2026-09-18T18:49:24.300+02:00,54,0.2317066708517951,0.47720259914362284,0,0.318279,210.19105226322895,NORMAL,,PROFILE/P99,ai_edge_litert.Interpreter 2.1.6 num_threads=1,2026-09-18T18:49:23.674+02:00,13816482201924,13816504202540,0.69413,1.201261,22.000616,604.212209,626.212825,0,0,0,0,0,39.26490798052054,238403584,236240896,0.38096604245944937,0.4833547401595273,0,19.659576,NORMAL,scikit-learn IsolationForest.score_samples,0.5177223452639768,1.296361072562011,0,0.090945,NORMAL,NumPy RMS auf standardisiertem 128×3-Fenster
2026-09-18T18:49:24.917+02:00,55,0.28280420586137706,0.47720259914362284,0,0.229741,208.36664328431976,NORMAL,,PROFILE/P99,ai_edge_litert.Interpreter 2.1.6 num_threads=1,2026-09-18T18:49:24.286+02:00,13817099320202,13817120508817,0.866797,0.820964,21.188615,609.502548,630.691163,0,0,0,0,0,42.18571654551516,238403584,236240896,0.3798153637919433,0.4833547401595273,0,19.13015,NORMAL,scikit-learn IsolationForest.score_samples,0.5408046215565113,1.296361072562011,0,0.110833,NORMAL,NumPy RMS auf standardisiertem 128×3-Fenster
2026-09-18T18:49:25.535+02:00,56,0.28405511856900595,0.47720259914362284,0,0.290964,207.49803291456337,NORMAL,,PROFILE/P99,ai_edge_litert.Interpreter 2.1.6 num_threads=1,2026-09-18T18:49:24.902+02:00,13817717846537,13817738338596,0.648834,0.82189,20.492059,612.053995,632.546054,0,0,0,0,0,38.84496176528733,238403584,236240896,0.3879489340566849,0.4833547401595273,0,18.590853,NORMAL,scikit-learn IsolationForest.score_samples,0.5417212072153096,1.296361072562011,0,0.105556,NORMAL,NumPy RMS auf standardisiertem 128×3-Fenster
2026-09-18T18:49:26.162+02:00,57,0.291296767120328,0.47720259914362284,0,0.348019,208.04462466118028,NORMAL,,PROFILE/P99,ai_edge_litert.Interpreter 2.1.6 num_threads=1,2026-09-18T18:49:25.520+02:00,13818334714593,13818365901199,0.88313,1.242298,31.186606,610.445957,641.632563,0,0,0,0,0,41.43035205497374,238403584,236240896,0.3951193730391687,0.4833547401595273,0,28.56727,NORMAL,scikit-learn IsolationForest.score_samples,0.538231627810667,1.296361072562011,0,0.103296,NORMAL,NumPy RMS auf standardisiertem 128×3-Fenster
2026-09-18T18:49:26.770+02:00,58,7.598451035921909,0.47720259914362284,1,0.291555,210.66818898485874,ANOMALY,,PROFILE/P99,ai_edge_litert.Interpreter 2.1.6 num_threads=1,2026-09-18T18:49:26.146+02:00,13818953123835,13818974163931,0.603815,0.950353,21.040096,602.843745,623.883841,0,0,0,0,0,39.458439624103185,238403584,236240896,0.49728447663587216,0.4833547401595273,1,19.041131,ANOMALY,scikit-learn IsolationForest.score_samples,2.947165838339494,1.296361072562011,1,0.119093,ANOMALY,NumPy RMS auf standardisiertem 128×3-Fenster
2026-09-18T18:49:27.389+02:00,59,4.242451398461275,0.47720259914362284,1,0.263482,208.0644629185409,ANOMALY,,PROFILE/P99,ai_edge_litert.Interpreter 2.1.6 num_threads=1,2026-09-18T18:49:26.757+02:00,13819571642615,13819592714174,0.665574,0.868316,21.071559,610.387753,631.459312,0,0,0,0,0,40.41570566680878,238419968,236240896,0.4841598959924892,0.4833547401595273,1,19.14702,ANOMALY,scikit-learn IsolationForest.score_samples,2.097859316878736,1.296361072562011,1,0.097833,ANOMALY,NumPy RMS auf standardisiertem 128×3-Fenster
2026-09-18T18:49:28.011+02:00,60,3.522313969401091,0.47720259914362284,1,0.270574,208.30934597906872,ANOMALY,,PROFILE/P99,ai_edge_litert.Interpreter 2.1.6 num_threads=1,2026-09-18T18:49:27.377+02:00,13820190398969,13820214393883,0.64226,0.891889,23.994914,609.670197,633.665111,0,0,0,0,0,40.21051685314939,238469120,236240896,0.46572657424709907,0.4833547401595273,0,22.035597,NORMAL,scikit-learn IsolationForest.score_samples,2.051798349543243,1.296361072562011,1,0.1215,ANOMALY,NumPy RMS auf standardisiertem 128×3-Fenster
2026-09-18T18:49:28.624+02:00,61,0.27709214363207063,0.47720259914362284,0,0.296149,207.00521085578487,NORMAL,,PROFILE/P99,ai_edge_litert.Interpreter 2.1.6 num_threads=1,2026-09-18T18:49:27.990+02:00,13820807631580,13820827891194,0.791223,0.905909,20.259614,613.511126,633.77074,0,0,0,0,0,44.00154409571834,238469120,236240896,0.3811109198593334,0.4833547401595273,0,18.112279,NORMAL,scikit-learn IsolationForest.score_samples,0.5345130713677371,1.296361072562011,0,0.122889,NORMAL,NumPy RMS auf standardisiertem 128×3-Fenster
2026-09-18T18:49:29.241+02:00,62,0.2698138167847202,0.47720259914362284,0,0.264574,207.94088788735388,NORMAL,,PROFILE/P99,ai_edge_litert.Interpreter 2.1.6 num_threads=1,2026-09-18T18:49:28.610+02:00,13821424440636,13821445019954,0.621834,0.876908,20.579318,610.750494,631.329812,0,0,0,0,0,45.38350685746812,238469120,236240896,0.3856210203901133,0.4833547401595273,0,18.679131,NORMAL,scikit-learn IsolationForest.score_samples,0.520215958690163,1.296361072562011,0,0.108537,NORMAL,NumPy RMS auf standardisiertem 128×3-Fenster
2026-09-18T18:49:29.859+02:00,63,0.30158271132147146,0.47720259914362284,0,0.367186,207.14112673388337,NORMAL,,PROFILE/P99,ai_edge_litert.Interpreter 2.1.6 num_threads=1,2026-09-18T18:49:29.226+02:00,13822043400842,13822062882789,0.709131,0.919112,19.481947,613.10857,632.590517,0,0,0,0,0,40.461682689429665,238469120,236240896,0.3870824336292069,0.4833547401595273,0,17.347796,NORMAL,scikit-learn IsolationForest.score_samples,0.5456761780719159,1.296361072562011,0,0.104259,NORMAL,NumPy RMS auf standardisiertem 128×3-Fenster
2026-09-18T18:49:30.477+02:00,64,0.296691800024855,0.47720259914362284,0,0.297315,208.5959376883923,NORMAL,,PROFILE/P99,ai_edge_litert.Interpreter 2.1.6 num_threads=1,2026-09-18T18:49:29.848+02:00,13822660154713,13822680752105,0.602408,0.88839,20.597392,608.832566,629.429958,0,0,0,0,0,40.461506860446896,238469120,236240896,0.3807473114753206,0.4833547401595273,0,18.680057,NORMAL,scikit-learn IsolationForest.score_samples,0.5308464471028062,1.296361072562011,0,0.099463,NORMAL,NumPy RMS auf standardisiertem 128×3-Fenster
2026-09-18T18:49:31.094+02:00,65,0.3062351891361512,0.47720259914362284,0,0.248445,208.36419317779047,NORMAL,,PROFILE/P99,ai_edge_litert.Interpreter 2.1.6 num_threads=1,2026-09-18T18:49:30.465+02:00,13823278235177,13823298030791,0.574353,0.880871,19.795614,609.509715,629.305329,0,0,0,0,0,40.50093959749746,238469120,236240896,0.3879576342457062,0.4833547401595273,0,17.961037,NORMAL,scikit-learn IsolationForest.score_samples,0.5508715277620806,1.296361072562011,0,0.101444,NORMAL,NumPy RMS auf standardisiertem 128×3-Fenster
2026-09-18T18:49:31.714+02:00,66,0.2853334194129384,0.47720259914362284,0,0.254278,207.22596922037437,NORMAL,,PROFILE/P99,ai_edge_litert.Interpreter 2.1.6 num_threads=1,2026-09-18T18:49:31.081+02:00,13823897203661,13823917410664,0.954687,0.852149,20.207003,612.857551,633.064554,0,0,0,0,0,41.97715615114304,238469120,236240896,0.38193737621117324,0.4833547401595273,0,18.008204,NORMAL,scikit-learn IsolationForest.score_samples,0.5220631369784191,1.296361072562011,0,0.105611,NORMAL,NumPy RMS auf standardisiertem 128×3-Fenster
2026-09-18T18:49:32.331+02:00,67,0.3294030785608655,0.47720259914362284,0,0.264259,207.91345865204093,NORMAL,,PROFILE/P99,ai_edge_litert.Interpreter 2.1.6 num_threads=1,2026-09-18T18:49:31.700+02:00,13824514160680,13824534635535,0.573575,0.877445,20.474855,610.831068,631.305923,0,0,0,0,0,38.8859463478894,238469120,236240896,0.38431694047085996,0.4833547401595273,0,18.648242,NORMAL,scikit-learn IsolationForest.score_samples,0.5612348616833036,1.296361072562011,0,0.081352,NORMAL,NumPy RMS auf standardisiertem 128×3-Fenster
2026-09-18T18:49:32.953+02:00,68,0.29258656389179266,0.47720259914362284,0,0.323186,206.9426711150368,NORMAL,,PROFILE/P99,ai_edge_litert.Interpreter 2.1.6 num_threads=1,2026-09-18T18:49:32.316+02:00,13825133623258,13825156530171,0.644686,0.903463,22.906913,613.696534,636.603447,0,0,0,0,0,41.79985870106797,238485504,236240896,0.3856011732683102,0.4833547401595273,0,20.752651,NORMAL,scikit-learn IsolationForest.score_samples,0.5394829097212768,1.296361072562011,0,0.235315,NORMAL,NumPy RMS auf standardisiertem 128×3-Fenster
2026-09-18T18:49:33.568+02:00,69,0.3121603894805372,0.47720259914362284,0,0.308667,207.89090799213793,NORMAL,,PROFILE/P99,ai_edge_litert.Interpreter 2.1.6 num_threads=1,2026-09-18T18:49:32.936+02:00,13825750301276,13825771448928,0.635353,0.923279,21.147652,610.897327,632.044979,0,0,0,0,0,55.30057031856068,238485504,236240896,0.39060612949978724,0.4833547401595273,0,19.155539,NORMAL,scikit-learn IsolationForest.score_samples,0.5729270584711645,1.296361072562011,0,0.093834,NORMAL,NumPy RMS auf standardisiertem 128×3-Fenster
2026-09-18T18:49:34.191+02:00,70,0.31597964936821654,0.47720259914362284,0,0.294241,207.75967703309965,NORMAL,,PROFILE/P99,ai_edge_litert.Interpreter 2.1.6 num_threads=1,2026-09-18T18:49:33.553+02:00,13826367744815,13826394961288,0.933556,1.000298,27.216473,611.283199,638.499672,0,0,0,0,0,44.90398908892479,238501888,236240896,0.38826821509863335,0.4833547401595273,0,24.825193,NORMAL,scikit-learn IsolationForest.score_samples,0.5643977321400178,1.296361072562011,0,0.127908,NORMAL,NumPy RMS auf standardisiertem 128×3-Fenster
2026-09-18T18:49:34.811+02:00,71,0.3127753970207172,0.47720259914362284,0,0.299,207.48424659928784,NORMAL,,PROFILE/P99,ai_edge_litert.Interpreter 2.1.6 num_threads=1,2026-09-18T18:49:34.171+02:00,13826987268985,13827015311847,1.005186,0.986056,28.042862,612.094663,640.137525,0,0,0,0,0,49.972572956399084,238501888,236240896,0.39242679040654027,0.4833547401595273,0,25.589786,NORMAL,scikit-learn IsolationForest.score_samples,0.5467394098071061,1.296361072562011,0,0.122648,NORMAL,NumPy RMS auf standardisiertem 128×3-Fenster
2026-09-18T18:49:35.420+02:00,72,0.26781807578731287,0.47720259914362284,0,0.298741,207.6965991367995,NORMAL,,PROFILE/P99,ai_edge_litert.Interpreter 2.1.6 num_threads=1,2026-09-18T18:49:34.789+02:00,13827604014578,13827623446024,0.519593,0.976427,19.431446,611.468847,630.900293,0,0,0,0,0,41.11100132827762,238501888,236240896,0.3816404573813049,0.4833547401595273,0,17.507833,NORMAL,scikit-learn IsolationForest.score_samples,0.5404967890581441,1.296361072562011,0,0.098463,NORMAL,NumPy RMS auf standardisiertem 128×3-Fenster
2026-09-18T18:49:36.039+02:00,73,0.2676171583810098,0.47720259914362284,0,0.263111,207.90431922369115,NORMAL,,PROFILE/P99,ai_edge_litert.Interpreter 2.1.6 num_threads=1,2026-09-18T18:49:35.407+02:00,13828221812690,13828242976065,0.589038,0.888779,21.163375,610.85792,632.021295,0,0,0,0,0,40.353707542517384,238501888,236240896,0.38484593183056015,0.4833547401595273,0,19.294243,NORMAL,scikit-learn IsolationForest.score_samples,0.5500225396302385,1.296361072562011,0,0.096982,NORMAL,NumPy RMS auf standardisiertem 128×3-Fenster
2026-09-18T18:49:36.659+02:00,74,0.29481123417876715,0.47720259914362284,0,0.224889,207.42836245091277,NORMAL,,PROFILE/P99,ai_edge_litert.Interpreter 2.1.6 num_threads=1,2026-09-18T18:49:36.024+02:00,13828840354489,13828862701087,0.727612,0.790649,22.346598,612.25957,634.606168,0,0,0,0,0,46.792658686310915,238501888,236240896,0.39195888648832494,0.4833547401595273,0,20.454707,NORMAL,scikit-learn IsolationForest.score_samples,0.5574503471450611,1.296361072562011,0,0.11987,NORMAL,NumPy RMS auf standardisiertem 128×3-Fenster
2026-09-18T18:49:37.277+02:00,75,0.26879294982853813,0.47720259914362284,0,0.264482,207.54310072085636,NORMAL,,PROFILE/P99,ai_edge_litert.Interpreter 2.1.6 num_threads=1,2026-09-18T18:49:36.643+02:00,13829458294676,13829480946459,0.795686,1.002372,22.651783,611.921088,634.572871,0,0,0,0,0,40.439358227742716,238501888,236240896,0.38107475078628217,0.4833547401595273,0,20.466207,NORMAL,scikit-learn IsolationForest.score_samples,0.5513072585385224,1.296361072562011,0,0.093593,NORMAL,NumPy RMS auf standardisiertem 128×3-Fenster
2026-09-18T18:49:37.893+02:00,76,0.2743087434497487,0.47720259914362284,0,0.263149,207.72615448623225,NORMAL,,PROFILE/P99,ai_edge_litert.Interpreter 2.1.6 num_threads=1,2026-09-18T18:49:37.261+02:00,13830076572697,13830097072515,0.614093,0.875464,20.499818,611.381847,631.881665,0,0,0,0,0,42.198903104841975,238501888,236240896,0.3814342596194973,0.4833547401595273,0,18.623815,NORMAL,scikit-learn IsolationForest.score_samples,0.5328559973968828,1.296361072562011,0,0.094426,NORMAL,NumPy RMS auf standardisiertem 128×3-Fenster
2026-09-18T18:49:38.510+02:00,77,0.28342578283589387,0.47720259914362284,0,0.260111,207.75345275482738,NORMAL,,PROFILE/P99,ai_edge_litert.Interpreter 2.1.6 num_threads=1,2026-09-18T18:49:37.879+02:00,13830694000476,13830713729423,0.615593,0.847797,19.728947,611.301513,631.03046,0,0,0,0,0,40.540669569382636,238501888,236240896,0.3843388989277048,0.4833547401595273,0,17.881426,NORMAL,scikit-learn IsolationForest.score_samples,0.5267327440476931,1.296361072562011,0,0.095463,NORMAL,NumPy RMS auf standardisiertem 128×3-Fenster
2026-09-18T18:49:39.128+02:00,78,0.27024508843431505,0.47720259914362284,0,0.25863,207.78797885318505,NORMAL,,PROFILE/P99,ai_edge_litert.Interpreter 2.1.6 num_threads=1,2026-09-18T18:49:38.497+02:00,13831311539959,13831331963073,0.645019,0.863446,20.423114,611.199939,631.623053,0,0,0,0,0,42.05387516127194,238501888,236240896,0.38988028618746534,0.4833547401595273,0,18.538501,NORMAL,scikit-learn IsolationForest.score_samples,0.5597925774295079,1.296361072562011,0,0.08876,NORMAL,NumPy RMS auf standardisiertem 128×3-Fenster
2026-09-18T18:49:39.765+02:00,79,0.2713405779240515,0.47720259914362284,0,0.355648,207.7140245647185,NORMAL,,PROFILE/P99,ai_edge_litert.Interpreter 2.1.6 num_threads=1,2026-09-18T18:49:39.115+02:00,13831929727387,13831968718187,1.11952,1.143742,38.9908,611.41755,650.40835,0,0,0,0,0,51.82976797301798,238501888,236240896,0.3832554668650449,0.4833547401595273,0,36.212705,NORMAL,scikit-learn IsolationForest.score_samples,0.5246843386316042,1.296361072562011,0,0.063093,NORMAL,NumPy RMS auf standardisiertem 128×3-Fenster
2026-09-18T18:49:40.365+02:00,80,0.2746222409919105,0.47720259914362284,0,0.254797,215.67780473552207,NORMAL,,PROFILE/P99,ai_edge_litert.Interpreter 2.1.6 num_threads=1,2026-09-18T18:49:39.756+02:00,13832548610298,13832568528282,0.546667,0.760167,19.917984,588.841305,608.759289,0,0,0,0,0,43.342637191562595,238518272,236240896,0.38904059121674744,0.4833547401595273,0,18.127019,NORMAL,scikit-learn IsolationForest.score_samples,0.5361731185004814,1.296361072562011,0,0.198815,NORMAL,NumPy RMS auf standardisiertem 128×3-Fenster
2026-09-18T18:49:40.998+02:00,81,0.29232684866855463,0.47720259914362284,0,0.387463,207.03375703666578,NORMAL,,PROFILE/P99,ai_edge_litert.Interpreter 2.1.6 num_threads=1,2026-09-18T18:49:40.350+02:00,13833167500245,13833201759040,4.696857,1.824891,34.258795,613.426534,647.685329,0,0,0,0,0,45.795219538173335,238518272,236240896,0.3891636214777476,0.4833547401595273,0,27.133566,NORMAL,scikit-learn IsolationForest.score_samples,0.5295382070010698,1.296361072562011,0,0.13513,NORMAL,NumPy RMS auf standardisiertem 128×3-Fenster
2026-09-18T18:49:41.604+02:00,82,0.2861961597081388,0.47720259914362284,0,0.377927,209.8606319509084,NORMAL,,PROFILE/P99,ai_edge_litert.Interpreter 2.1.6 num_threads=1,2026-09-18T18:49:40.975+02:00,13833783967635,13833808250234,0.649389,1.089779,24.282599,605.163526,629.446125,0,0,0,0,0,47.8177918672114,238534656,236240896,0.38132075318834563,0.4833547401595273,0,21.992912,NORMAL,scikit-learn IsolationForest.score_samples,0.5457217360237999,1.296361072562011,0,0.120056,NORMAL,NumPy RMS auf standardisiertem 128×3-Fenster
2026-09-18T18:49:42.256+02:00,83,0.2960713707179181,0.47720259914362284,0,0.508741,209.00568569851373,NORMAL,,PROFILE/P99,ai_edge_litert.Interpreter 2.1.6 num_threads=1,2026-09-18T18:49:41.591+02:00,13834402503674,13834459535475,1.977151,3.132466,57.031801,607.638972,664.670773,0,0,0,0,0,55.272450151222586,238534656,236240896,0.3876373994756935,0.4833547401595273,0,51.236905,NORMAL,scikit-learn IsolationForest.score_samples,0.539184754023525,1.296361072562011,0,0.126445,NORMAL,NumPy RMS auf standardisiertem 128×3-Fenster
2026-09-18T18:49:42.842+02:00,84,0.2897365888360781,0.47720259914362284,0,0.304056,208.27568374471625,NORMAL,,PROFILE/P99,ai_edge_litert.Interpreter 2.1.6 num_threads=1,2026-09-18T18:49:42.206+02:00,13835019638657,13835045401666,0.950557,1.061167,25.763009,609.768734,635.531743,0,0,0,0,0,66.57471321748379,238534656,236240896,0.3886356917323854,0.4833547401595273,0,23.322062,NORMAL,scikit-learn IsolationForest.score_samples,0.5458847384694474,1.296361072562011,0,0.092,NORMAL,NumPy RMS auf standardisiertem 128×3-Fenster
2026-09-18T18:49:43.456+02:00,85,0.2597492607909957,0.47720259914362284,0,0.258555,208.29082095809775,NORMAL,,PROFILE/P99,ai_edge_litert.Interpreter 2.1.6 num_threads=1,2026-09-18T18:49:42.825+02:00,13835638673957,13835659784738,0.699186,0.905186,21.110781,609.72442,630.835201,0,0,0,0,0,47.202067423138175,238534656,236240896,0.37886294257632686,0.4833547401595273,0,19.118132,NORMAL,scikit-learn IsolationForest.score_samples,0.5138922670661878,1.296361072562011,0,0.101611,NORMAL,NumPy RMS auf standardisiertem 128×3-Fenster
2026-09-18T18:49:44.074+02:00,86,0.30169275221663266,0.47720259914362284,0,0.241537,207.64576798721694,NORMAL,,PROFILE/P99,ai_edge_litert.Interpreter 2.1.6 num_threads=1,2026-09-18T18:49:43.441+02:00,13836256017181,13836277972426,0.645741,0.847112,21.955245,611.618533,633.573778,0,0,0,0,0,45.29241764285438,238534656,236240896,0.38783670707360396,0.4833547401595273,0,20.081503,NORMAL,scikit-learn IsolationForest.score_samples,0.5385126986210144,1.296361072562011,0,0.10763,NORMAL,NumPy RMS auf standardisiertem 128×3-Fenster
2026-09-18T18:49:44.693+02:00,87,0.3037144578654362,0.47720259914362284,0,0.305797,207.55712687958666,NORMAL,,PROFILE/P99,ai_edge_litert.Interpreter 2.1.6 num_threads=1,2026-09-18T18:49:44.058+02:00,13836873859275,13836897012411,0.829668,0.90739,23.153136,611.879736,635.032872,0,0,0,0,0,50.07858185672654,238534656,236240896,0.3883523757025322,0.4833547401595273,0,20.976281,NORMAL,scikit-learn IsolationForest.score_samples,0.5476638781120652,1.296361072562011,0,0.106352,NORMAL,NumPy RMS auf standardisiertem 128×3-Fenster
2026-09-18T18:49:45.309+02:00,88,0.2734766726216904,0.47720259914362284,0,0.291519,207.67462967562238,NORMAL,,PROFILE/P99,ai_edge_litert.Interpreter 2.1.6 num_threads=1,2026-09-18T18:49:44.677+02:00,13837491930074,13837513031967,0.736927,0.897297,21.101893,611.533533,632.635426,0,0,0,0,0,50.32277367931852,238534656,236240896,0.3827184225495425,0.4833547401595273,0,19.043631,NORMAL,scikit-learn IsolationForest.score_samples,0.5295693117093023,1.296361072562011,0,0.103019,NORMAL,NumPy RMS auf standardisiertem 128×3-Fenster
2026-09-18T18:49:45.928+02:00,89,0.2902769343924471,0.47720259914362284,0,0.308111,207.9909926470844,NORMAL,,PROFILE/P99,ai_edge_litert.Interpreter 2.1.6 num_threads=1,2026-09-18T18:49:45.296+02:00,13838110480299,13838132050266,0.985724,1.066278,21.569967,610.603365,632.173332,0,0,0,0,0,43.61473516847585,238534656,236240896,0.3872229947590732,0.4833547401595273,0,18.986946,NORMAL,scikit-learn IsolationForest.score_samples,0.5564843903839567,1.296361072562011,0,0.180945,NORMAL,NumPy RMS auf standardisiertem 128×3-Fenster
2026-09-18T18:49:46.543+02:00,90,0.2761757002281608,0.47720259914362284,0,0.281093,207.3176678901489,NORMAL,,PROFILE/P99,ai_edge_litert.Interpreter 2.1.6 num_threads=1,2026-09-18T18:49:45.912+02:00,13838728585709,13838746380339,0.783205,0.884556,17.79463,612.586478,630.381108,0,0,0,0,0,47.210221212198164,238534656,236240896,0.3817452105750111,0.4833547401595273,0,15.727312,NORMAL,scikit-learn IsolationForest.score_samples,0.5311203049340941,1.296361072562011,0,0.088074,NORMAL,NumPy RMS auf standardisiertem 128×3-Fenster
2026-09-18T18:49:47.161+02:00,91,0.3027838408365149,0.47720259914362284,0,0.253278,208.06697483908655,NORMAL,,PROFILE/P99,ai_edge_litert.Interpreter 2.1.6 num_threads=1,2026-09-18T18:49:46.531+02:00,13839345505322,13839364800360,0.695686,0.860723,19.295038,610.380384,629.675422,0,0,0,0,0,42.041771028507085,238551040,236240896,0.3812697959333047,0.4833547401595273,0,17.346481,NORMAL,scikit-learn IsolationForest.score_samples,0.5404699915806552,1.296361072562011,0,0.107518,NORMAL,NumPy RMS auf standardisiertem 128×3-Fenster
2026-09-18T18:49:47.834+02:00,92,0.302044835694212,0.47720259914362284,0,0.380519,207.7663676814841,NORMAL,,PROFILE/P99,ai_edge_litert.Interpreter 2.1.6 num_threads=1,2026-09-18T18:49:47.148+02:00,13839963176268,13840037925199,1.338576,3.666726,74.748931,611.263514,686.012445,0,0,0,0,0,54.96468020901285,238551040,236240896,0.3934517943433353,0.4833547401595273,0,69.183443,NORMAL,scikit-learn IsolationForest.score_samples,0.5557169331961865,1.296361072562011,0,0.122704,NORMAL,NumPy RMS auf standardisiertem 128×3-Fenster
2026-09-18T18:49:48.415+02:00,93,0.26860937769213916,0.47720259914362284,0,0.360963,230.10279064895886,NORMAL,,PROFILE/P99,ai_edge_litert.Interpreter 2.1.6 num_threads=1,2026-09-18T18:49:47.828+02:00,13840583221551,13840619287385,1.358909,1.055353,36.065834,551.927248,587.993082,0,0,0,0,0,56.764872390125404,238551040,236240896,0.3809221792802588,0.4833547401595273,0,33.125054,NORMAL,scikit-learn IsolationForest.score_samples,0.5467634150586632,1.296361072562011,0,0.113833,NORMAL,NumPy RMS auf standardisiertem 128×3-Fenster
2026-09-18T18:49:49.061+02:00,94,0.27184964486161317,0.47720259914362284,0,0.274186,200.73084996080215,NORMAL,,PROFILE/P99,ai_edge_litert.Interpreter 2.1.6 num_threads=1,2026-09-18T18:49:48.400+02:00,13841236315998,13841264395861,1.172519,0.997964,28.079863,632.688,660.767863,0,0,0,0,0,40.30434636627169,238551040,236240896,0.3805626439323994,0.4833547401595273,0,25.501749,NORMAL,scikit-learn IsolationForest.score_samples,0.5318063177935853,1.296361072562011,0,0.103575,NORMAL,NumPy RMS auf standardisiertem 128×3-Fenster
2026-09-18T18:49:49.634+02:00,95,0.29107411876469413,0.47720259914362284,0,0.262093,220.52298017971228,NORMAL,,PROFILE/P99,ai_edge_litert.Interpreter 2.1.6 num_threads=1,2026-09-18T18:49:49.038+02:00,13841817272146,13841837352019,0.702557,0.864427,20.079873,575.903699,595.983572,0,0,0,0,0,43.632075469701846,238551040,236240896,0.3925703948973828,0.4833547401595273,0,18.103964,NORMAL,scikit-learn IsolationForest.score_samples,0.5725195508242863,1.296361072562011,0,0.116741,NORMAL,NumPy RMS auf standardisiertem 128×3-Fenster
2026-09-18T18:49:50.251+02:00,96,0.30374402757427293,0.47720259914362284,0,0.265167,207.3181440623126,NORMAL,,PROFILE/P99,ai_edge_litert.Interpreter 2.1.6 num_threads=1,2026-09-18T18:49:49.620+02:00,13842436512391,13842455135800,0.870112,0.901834,18.623409,612.585071,631.20848,0,0,0,0,0,38.850879562514265,238551040,236240896,0.38302401781668255,0.4833547401595273,0,16.477814,NORMAL,scikit-learn IsolationForest.score_samples,0.5474077729996922,1.296361072562011,0,0.078797,NORMAL,NumPy RMS auf standardisiertem 128×3-Fenster
2026-09-18T18:49:50.944+02:00,97,0.25094807176622913,0.47720259914362284,0,3.606226,207.2869879943049,NORMAL,,PROFILE/P99,ai_edge_litert.Interpreter 2.1.6 num_threads=1,2026-09-18T18:49:50.237+02:00,13843053118911,13843147695307,1.764335,1.753039,94.576396,612.677145,707.253541,0,0,0,0,0,50.529930115637164,238551040,236240896,0.38041567224800277,0.4833547401595273,0,87.240518,NORMAL,scikit-learn IsolationForest.score_samples,0.5156282034748312,1.296361072562011,0,0.161685,NORMAL,NumPy RMS auf standardisiertem 128×3-Fenster
2026-09-18T18:49:51.488+02:00,98,nan,0.47720259914362284,-1,0.0,211.13636144981007,ERROR,"ValueError: Sensorfenster mit Lücke, Overrun oder Sättigung; Entscheidung ungültig",PROFILE/P99,ai_edge_litert.Interpreter 2.1.6 num_threads=1,2026-09-18T18:49:50.886+02:00,13843690988286,13843691447361,0.439334,0.0,0.459075,601.507003,601.966078,0,0,17,17,0,57.02649166947843,238567424,236765184,nan,0.4833547401595273,-1,0.0,ERROR,scikit-learn IsolationForest.score_samples,nan,1.296361072562011,-1,0.0,ERROR,NumPy RMS auf standardisiertem 128×3-Fenster
2026-09-18T18:49:52.121+02:00,99,0.3088980868208173,0.47720259914362284,0,0.1335,207.05342153537367,NORMAL,,PROFILE/P99,ai_edge_litert.Interpreter 2.1.6 num_threads=1,2026-09-18T18:49:51.491+02:00,13844308432677,13844325121436,0.357353,0.479537,16.688759,613.368275,630.057034,0,0,0,0,0,29.98377629947106,238567424,236765184,0.38728326473863584,0.4833547401595273,0,15.649184,NORMAL,scikit-learn IsolationForest.score_samples,0.5453648654875959,1.296361072562011,0,0.051185,NORMAL,NumPy RMS auf standardisiertem 128×3-Fenster
2026-09-18T18:49:52.741+02:00,100,0.263843110875947,0.47720259914362284,0,0.285185,207.9806038926452,NORMAL,,PROFILE/P99,ai_edge_litert.Interpreter 2.1.6 num_threads=1,2026-09-18T18:49:52.112+02:00,13844926319680,13844944904515,0.586593,0.879242,18.584835,610.633865,629.2187,0,0,0,0,0,33.88077245492706,238567424,236765184,0.39002217407600187,0.4833547401595273,0,16.716258,NORMAL,scikit-learn IsolationForest.score_samples,0.5213684087400978,1.296361072562011,0,0.088018,NORMAL,NumPy RMS auf standardisiertem 128×3-Fenster
2026-09-18T18:49:53.358+02:00,101,0.2621823797247924,0.47720259914362284,0,0.143278,206.901901736549,NORMAL,,PROFILE/P99,ai_edge_litert.Interpreter 2.1.6 num_threads=1,2026-09-18T18:49:52.728+02:00,13845545815536,13845561839053,0.469538,0.490186,16.023517,613.817461,629.840978,0,0,0,0,0,32.42006307436614,238567424,236765184,0.3955230723048564,0.4833547401595273,0,14.849071,NORMAL,scikit-learn IsolationForest.score_samples,0.5381361945381719,1.296361072562011,0,0.052815,NORMAL,NumPy RMS auf standardisiertem 128×3-Fenster
2026-09-18T18:49:53.997+02:00,102,0.2536312803847724,0.47720259914362284,0,0.331037,207.55541183641643,NORMAL,,PROFILE/P99,ai_edge_litert.Interpreter 2.1.6 num_threads=1,2026-09-18T18:49:53.347+02:00,13846163031964,13846200379930,1.862613,1.094909,37.347966,611.884792,649.232758,0,0,0,0,0,28.184980059689103,238600192,236765184,0.3854352110207682,0.4833547401595273,0,33.879962,NORMAL,scikit-learn IsolationForest.score_samples,0.5412654339182864,1.296361072562011,0,0.136167,NORMAL,NumPy RMS auf standardisiertem 128×3-Fenster
2026-09-18T18:49:54.601+02:00,103,0.28453750974649455,0.47720259914362284,0,0.175371,211.8609502200501,NORMAL,,PROFILE/P99,ai_edge_litert.Interpreter 2.1.6 num_threads=1,2026-09-18T18:49:53.978+02:00,13846781445412,13846804923455,0.453889,0.615983,23.478043,599.44978,622.927823,0,0,0,0,0,36.39558543122074,238600192,236765184,0.38694893387780277,0.4833547401595273,0,22.134449,NORMAL,scikit-learn IsolationForest.score_samples,0.5320320346682159,1.296361072562011,0,0.069741,NORMAL,NumPy RMS auf standardisiertem 128×3-Fenster
2026-09-18T18:49:55.219+02:00,104,0.32497106859257957,0.47720259914362284,0,0.149259,208.21980810937947,NORMAL,,PROFILE/P99,ai_edge_litert.Interpreter 2.1.6 num_threads=1,2026-09-18T18:49:54.585+02:00,13847398483062,13847423019884,0.700945,0.574223,24.536822,609.932365,634.469187,0,0,0,0,0,37.21112488060407,238600192,236765184,0.3861037481252132,0.4833547401595273,0,23.021635,NORMAL,scikit-learn IsolationForest.score_samples,0.5320062519869755,1.296361072562011,0,0.067167,NORMAL,NumPy RMS auf standardisiertem 128×3-Fenster
2026-09-18T18:49:55.829+02:00,105,0.29287737602196323,0.47720259914362284,0,0.152575,214.65081854714975,NORMAL,,PROFILE/P99,ai_edge_litert.Interpreter 2.1.6 num_threads=1,2026-09-18T18:49:55.220+02:00,13848015792676,13848032785953,0.471796,0.57339,16.993277,591.658587,608.651864,0,0,0,0,0,45.92016670119727,238600192,236765184,0.38627054456703613,0.4833547401595273,0,15.712832,NORMAL,scikit-learn IsolationForest.score_samples,0.5546245021006867,1.296361072562011,0,0.059944,NORMAL,NumPy RMS auf standardisiertem 128×3-Fenster
2026-09-18T18:49:56.447+02:00,106,0.237686973770766,0.47720259914362284,0,0.142204,207.42179992762482,NORMAL,,PROFILE/P99,ai_edge_litert.Interpreter 2.1.6 num_threads=1,2026-09-18T18:49:55.818+02:00,13848634446494,13848650650733,0.349741,0.475686,16.204239,612.278941,628.48318,0,0,0,0,0,29.13301747170453,238600192,236765184,0.386375404450441,0.4833547401595273,0,15.166479,NORMAL,scikit-learn IsolationForest.score_samples,0.5221464165123858,1.296361072562011,0,0.052815,NORMAL,NumPy RMS auf standardisiertem 128×3-Fenster
2026-09-18T18:49:57.066+02:00,107,0.24607340941427905,0.47720259914362284,0,0.159315,207.9119640629769,NORMAL,,PROFILE/P99,ai_edge_litert.Interpreter 2.1.6 num_threads=1,2026-09-18T18:49:56.438+02:00,13849252237034,13849270077312,0.568871,0.820575,17.840278,610.835459,628.675737,0,0,0,0,0,27.444641756179774,238600192,236765184,0.387918179427106,0.4833547401595273,0,16.216887,NORMAL,scikit-learn IsolationForest.score_samples,0.5148920360436777,1.296361072562011,0,0.055056,NORMAL,NumPy RMS auf standardisiertem 128×3-Fenster
2026-09-18T18:49:57.681+02:00,108,0.29348229875453535,0.47720259914362284,0,0.142778,208.0578219095686,NORMAL,,PROFILE/P99,ai_edge_litert.Interpreter 2.1.6 num_threads=1,2026-09-18T18:49:57.055+02:00,13849869609703,13849885217145,0.382778,0.483149,15.607442,610.407236,626.014678,0,0,0,0,0,32.5133780195567,238600192,236765184,0.38526679507027045,0.4833547401595273,0,14.535682,NORMAL,scikit-learn IsolationForest.score_samples,0.5398044989544024,1.296361072562011,0,0.044666,NORMAL,NumPy RMS auf standardisiertem 128×3-Fenster
2026-09-18T18:49:58.305+02:00,109,0.26581604439899803,0.47720259914362284,0,0.138408,207.72842550033388,NORMAL,,PROFILE/P99,ai_edge_litert.Interpreter 2.1.6 num_threads=1,2026-09-18T18:49:57.673+02:00,13850488083410,13850509262877,0.423982,0.479927,21.179467,611.375163,632.55463,0,0,0,0,0,33.65031944935617,238600192,236765184,0.3852873969257804,0.4833547401595273,0,20.058799,NORMAL,scikit-learn IsolationForest.score_samples,0.511103060741932,1.296361072562011,0,0.0575,NORMAL,NumPy RMS auf standardisiertem 128×3-Fenster
2026-09-18T18:49:58.919+02:00,110,0.2624636494329498,0.47720259914362284,0,0.151649,207.32441132808634,NORMAL,,PROFILE/P99,ai_edge_litert.Interpreter 2.1.6 num_threads=1,2026-09-18T18:49:58.291+02:00,13851107056155,13851123285635,0.364408,0.480056,16.22948,612.566553,628.796033,0,0,0,0,0,27.686777898628716,238600192,236765184,0.38730123116498383,0.4833547401595273,0,15.159312,NORMAL,scikit-learn IsolationForest.score_samples,0.5210358307075643,1.296361072562011,0,0.054297,NORMAL,NumPy RMS auf standardisiertem 128×3-Fenster
2026-09-18T18:49:59.538+02:00,111,0.28238286747910496,0.47720259914362284,0,0.154834,207.39192944953757,NORMAL,,PROFILE/P99,ai_edge_litert.Interpreter 2.1.6 num_threads=1,2026-09-18T18:49:58.909+02:00,13851725109955,13851741499416,0.308074,0.484001,16.389461,612.367127,628.756588,0,0,0,0,0,29.11623755887674,238600192,236765184,0.3831599557828889,0.4833547401595273,0,15.37172,NORMAL,scikit-learn IsolationForest.score_samples,0.5274263918051577,1.296361072562011,0,0.052481,NORMAL,NumPy RMS auf standardisiertem 128×3-Fenster
2026-09-18T18:50:00.161+02:00,112,0.27005865928827194,0.47720259914362284,0,0.169445,208.01831593737307,NORMAL,,PROFILE/P99,ai_edge_litert.Interpreter 2.1.6 num_threads=1,2026-09-18T18:49:59.527+02:00,13852341741012,13852364505480,0.453001,0.599463,22.764468,610.523162,633.28763,0,0,0,0,0,27.285878570090595,238600192,236765184,0.38305032922319765,0.4833547401595273,0,21.455356,NORMAL,scikit-learn IsolationForest.score_samples,0.5401864044593105,1.296361072562011,0,0.063871,NORMAL,NumPy RMS auf standardisiertem 128×3-Fenster
2026-09-18T18:50:00.772+02:00,113,0.2654258195689158,0.47720259914362284,0,0.144111,208.75061608963816,NORMAL,,PROFILE/P99,ai_edge_litert.Interpreter 2.1.6 num_threads=1,2026-09-18T18:50:00.147+02:00,13852959610293,13852975325884,0.359778,0.482815,15.715591,608.381438,624.097029,0,0,0,0,0,29.470194374272907,238600192,236765184,0.38753263092689993,0.4833547401595273,0,14.66433,NORMAL,scikit-learn IsolationForest.score_samples,0.5263900622144874,1.296361072562011,0,0.046463,NORMAL,NumPy RMS auf standardisiertem 128×3-Fenster
2026-09-18T18:50:01.390+02:00,114,0.2882079968804476,0.47720259914362284,0,0.140092,207.40192720614343,NORMAL,,PROFILE/P99,ai_edge_litert.Interpreter 2.1.6 num_threads=1,2026-09-18T18:50:00.762+02:00,13853577966889,13853593660498,0.379741,0.475242,15.693609,612.337608,628.031217,0,0,0,0,0,25.87556579167072,238600192,236765184,0.38932369244420373,0.4833547401595273,0,14.627349,NORMAL,scikit-learn IsolationForest.score_samples,0.5290395277218325,1.296361072562011,0,0.051482,NORMAL,NumPy RMS auf standardisiertem 128×3-Fenster
2026-09-18T18:50:02.008+02:00,115,0.2792818681360721,0.47720259914362284,0,0.137722,207.66983128835864,NORMAL,,PROFILE/P99,ai_edge_litert.Interpreter 2.1.6 num_threads=1,2026-09-18T18:50:01.380+02:00,13854195680244,13854211467613,0.419149,0.463574,15.787369,611.547663,627.335032,0,0,0,0,0,24.279371618991284,238600192,236765184,0.3846596566235072,0.4833547401595273,0,14.693923,NORMAL,scikit-learn IsolationForest.score_samples,0.5339260588294047,1.296361072562011,0,0.054778,NORMAL,NumPy RMS auf standardisiertem 128×3-Fenster
2026-09-18T18:50:02.626+02:00,116,0.26847716502656266,0.47720259914362284,0,0.126908,207.16540404436884,NORMAL,,PROFILE/P99,ai_edge_litert.Interpreter 2.1.6 num_threads=1,2026-09-18T18:50:01.998+02:00,13854814513508,13854830262283,0.352055,0.454686,15.748775,613.036721,628.785496,0,0,0,0,0,25.856908742864096,238600192,236765184,0.3889176137461842,0.4833547401595273,0,14.746423,NORMAL,scikit-learn IsolationForest.score_samples,0.526622013489447,1.296361072562011,0,0.051741,NORMAL,NumPy RMS auf standardisiertem 128×3-Fenster
2026-09-18T18:50:03.244+02:00,117,0.26490856098149546,0.47720259914362284,0,0.138427,207.43506904627355,NORMAL,,PROFILE/P99,ai_edge_litert.Interpreter 2.1.6 num_threads=1,2026-09-18T18:50:02.616+02:00,13855432228492,13855448059305,0.370908,0.483389,15.830813,612.239775,628.070588,0,0,0,0,0,27.516987373474205,238600192,236765184,0.3829040037719155,0.4833547401595273,0,14.757053,NORMAL,scikit-learn IsolationForest.score_samples,0.5359188923665331,1.296361072562011,0,0.062648,NORMAL,NumPy RMS auf standardisiertem 128×3-Fenster
2026-09-18T18:50:03.863+02:00,118,0.2690719560597881,0.47720259914362284,0,0.165963,207.90731262813875,NORMAL,,PROFILE/P99,ai_edge_litert.Interpreter 2.1.6 num_threads=1,2026-09-18T18:50:03.234+02:00,13856048797068,13856066436772,1.648817,0.595408,17.639704,610.849125,628.488829,0,0,0,0,0,27.49119389543202,238600192,236765184,0.3863557783020904,0.4833547401595273,0,15.148276,NORMAL,scikit-learn IsolationForest.score_samples,0.5308266655513091,1.296361072562011,0,0.057185,NORMAL,NumPy RMS auf standardisiertem 128×3-Fenster
2026-09-18T18:50:04.479+02:00,119,0.2739144310810084,0.47720259914362284,0,0.13887,207.56892399669354,NORMAL,,PROFILE/P99,ai_edge_litert.Interpreter 2.1.6 num_threads=1,2026-09-18T18:50:03.852+02:00,13856667597795,13856683095978,0.347222,0.483445,15.498183,611.84496,627.343143,0,0,0,0,0,25.946400134187968,238600192,236765184,0.3869110005140277,0.4833547401595273,0,14.460441,NORMAL,scikit-learn IsolationForest.score_samples,0.5289461851587178,1.296361072562011,0,0.049352,NORMAL,NumPy RMS auf standardisiertem 128×3-Fenster
2026-09-18T18:50:05.103+02:00,120,0.27112047574524717,0.47720259914362284,0,0.156944,207.0398818984521,NORMAL,,PROFILE/P99,ai_edge_litert.Interpreter 2.1.6 num_threads=1,2026-09-18T18:50:04.469+02:00,13857286508336,13857306795987,0.524167,0.524371,20.287651,613.408387,633.696038,0,0,0,0,0,28.859489427659906,238600192,236765184,0.38485022959842496,0.4833547401595273,0,18.998298,NORMAL,scikit-learn IsolationForest.score_samples,0.5187792512050059,1.296361072562011,0,0.063148,NORMAL,NumPy RMS auf standardisiertem 128×3-Fenster
2026-09-18T18:50:05.755+02:00,121,0.2767442356104392,0.47720259914362284,0,0.45076,203.03877454339303,NORMAL,,PROFILE/P99,ai_edge_litert.Interpreter 2.1.6 num_threads=1,2026-09-18T18:50:05.088+02:00,13857917740779,13857958506767,1.078335,1.066927,40.765988,625.496289,666.262277,0,0,0,0,0,65.96713268004174,238600192,236765184,0.3873392570549977,0.4833547401595273,0,37.972355,NORMAL,scikit-learn IsolationForest.score_samples,0.5267501556277505,1.296361072562011,0,0.158296,NORMAL,NumPy RMS auf standardisiertem 128×3-Fenster
2026-09-18T18:50:06.338+02:00,122,nan,0.47720259914362284,-1,0.0,205.10692171340926,ERROR,"ValueError: Sensorfenster mit Lücke, Overrun oder Sättigung; Entscheidung ungültig",PROFILE/P99,ai_edge_litert.Interpreter 2.1.6 num_threads=1,2026-09-18T18:50:05.718+02:00,13858541047844,13858541930364,0.857705,0.0,0.88252,619.189245,620.071765,0,0,9,9,0,65.14348735963924,238600192,236765184,nan,0.4833547401595273,-1,0.0,ERROR,scikit-learn IsolationForest.score_samples,nan,1.296361072562011,-1,0.0,ERROR,NumPy RMS auf standardisiertem 128×3-Fenster
2026-09-18T18:50:06.961+02:00,123,0.31707998335063103,0.47720259914362284,0,0.222926,211.85684632047162,NORMAL,,PROFILE/P99,ai_edge_litert.Interpreter 2.1.6 num_threads=1,2026-09-18T18:50:06.340+02:00,13859143241109,13859164391279,0.844482,0.892112,21.15017,599.461392,620.611562,0,0,0,0,0,49.80087177644049,238600192,236765184,0.39048724458388995,0.4833547401595273,0,19.057094,NORMAL,scikit-learn IsolationForest.score_samples,0.5732760062944916,1.296361072562011,0,0.107426,NORMAL,NumPy RMS auf standardisiertem 128×3-Fenster
2026-09-18T18:50:07.580+02:00,124,0.2745496149507722,0.47720259914362284,0,0.301408,207.9674658185533,NORMAL,,PROFILE/P99,ai_edge_litert.Interpreter 2.1.6 num_threads=1,2026-09-18T18:50:06.948+02:00,13859762652707,13859784089803,0.641685,1.020261,21.437096,610.672441,632.109537,0,0,0,0,0,40.34233452957219,238600192,236765184,0.381472111809984,0.4833547401595273,0,19.313891,NORMAL,scikit-learn IsolationForest.score_samples,0.5174299699664183,1.296361072562011,0,0.12963,NORMAL,NumPy RMS auf standardisiertem 128×3-Fenster
2026-09-18T18:50:08.198+02:00,125,0.2822563721960402,0.47720259914362284,0,0.304889,208.08570588176696,NORMAL,,PROFILE/P99,ai_edge_litert.Interpreter 2.1.6 num_threads=1,2026-09-18T18:50:07.566+02:00,13860380307006,13860402065103,0.668371,0.933483,21.758097,610.32544,632.083537,0,0,0,0,0,38.83731016302462,238600192,236765184,0.3862892308273108,0.4833547401595273,0,19.730855,NORMAL,scikit-learn IsolationForest.score_samples,0.5548012250261938,1.296361072562011,0,0.09226,NORMAL,NumPy RMS auf standardisiertem 128×3-Fenster
2026-09-18T18:50:08.813+02:00,126,0.27584010799490005,0.47720259914362284,0,0.262075,207.69230242137647,NORMAL,,PROFILE/P99,ai_edge_litert.Interpreter 2.1.6 num_threads=1,2026-09-18T18:50:08.183+02:00,13860998472362,13861017178919,0.867556,0.942798,18.706557,611.481497,630.188054,0,0,0,0,0,40.642612044052164,238600192,236765184,0.38740420768507583,0.4833547401595273,0,16.500517,NORMAL,scikit-learn IsolationForest.score_samples,0.5341838809534142,1.296361072562011,0,0.09963,NORMAL,NumPy RMS auf standardisiertem 128×3-Fenster
2026-09-18T18:50:09.442+02:00,127,0.2750159206980462,0.47720259914362284,0,0.391074,207.794821939889,NORMAL,,PROFILE/P99,ai_edge_litert.Interpreter 2.1.6 num_threads=1,2026-09-18T18:50:08.801+02:00,13861616062143,13861645629211,0.891816,1.191242,29.567068,611.179811,640.746879,0,0,0,0,0,44.55146122658065,238600192,236765184,0.38791069486399427,0.4833547401595273,0,26.926195,NORMAL,scikit-learn IsolationForest.score_samples,0.5346788606333361,1.296361072562011,0,0.112889,NORMAL,NumPy RMS auf standardisiertem 128×3-Fenster
2026-09-18T18:50:10.051+02:00,128,0.2968604403771427,0.47720259914362284,0,0.262759,208.61461126093,NORMAL,,PROFILE/P99,ai_edge_litert.Interpreter 2.1.6 num_threads=1,2026-09-18T18:50:09.421+02:00,13862233509591,13862254810446,0.623611,0.864612,21.300855,608.778068,630.078923,0,0,0,0,0,41.0403731979987,238616576,236765184,0.39188965438436796,0.4833547401595273,0,19.414465,NORMAL,scikit-learn IsolationForest.score_samples,0.539703279796985,1.296361072562011,0,0.108148,NORMAL,NumPy RMS auf standardisiertem 128×3-Fenster
2026-09-18T18:50:10.674+02:00,129,0.28587038400449655,0.47720259914362284,0,0.286759,207.35159733115245,NORMAL,,PROFILE/P99,ai_edge_litert.Interpreter 2.1.6 num_threads=1,2026-09-18T18:50:10.036+02:00,13862852616225,13862877760270,0.836557,0.996056,25.144045,612.486239,637.630284,0,0,0,0,0,43.33503133351624,238616576,236765184,0.3906607741839049,0.4833547401595273,0,22.845487,NORMAL,scikit-learn IsolationForest.score_samples,0.5224795639534769,1.296361072562011,0,0.142778,NORMAL,NumPy RMS auf standardisiertem 128×3-Fenster
2026-09-18T18:50:11.287+02:00,130,0.35330824152101553,0.47720259914362284,0,0.316889,207.446413479702,NORMAL,,PROFILE/P99,ai_edge_litert.Interpreter 2.1.6 num_threads=1,2026-09-18T18:50:10.654+02:00,13863470011284,13863490818769,0.973853,1.070575,20.807485,612.206294,633.013779,0,0,0,0,0,40.786788704940875,238616576,236765184,0.3969575050314085,0.4833547401595273,0,18.318204,NORMAL,scikit-learn IsolationForest.score_samples,0.5796975807811363,1.296361072562011,0,0.090185,NORMAL,NumPy RMS auf standardisiertem 128×3-Fenster
2026-09-18T18:50:11.904+02:00,131,0.2516368388201009,0.47720259914362284,0,0.288204,208.19541445861972,NORMAL,,PROFILE/P99,ai_edge_litert.Interpreter 2.1.6 num_threads=1,2026-09-18T18:50:11.273+02:00,13864087083194,13864107758549,0.681316,1.033131,20.675355,610.003829,630.679184,0,0,0,0,0,40.51853744167853,238616576,236765184,0.38385469771095193,0.4833547401595273,0,18.510149,NORMAL,scikit-learn IsolationForest.score_samples,0.5197939558809579,1.296361072562011,0,0.127352,NORMAL,NumPy RMS auf standardisiertem 128×3-Fenster
2026-09-18T18:50:12.520+02:00,132,0.3019912592235012,0.47720259914362284,0,0.245316,207.50594287216958,NORMAL,,PROFILE/P99,ai_edge_litert.Interpreter 2.1.6 num_threads=1,2026-09-18T18:50:11.889+02:00,13864704996050,13864723736699,0.607964,0.820686,18.740649,612.030664,630.771313,0,0,0,0,0,38.96628100113959,238632960,236765184,0.38982958934061274,0.4833547401595273,0,16.938129,NORMAL,scikit-learn IsolationForest.score_samples,0.575533799894787,1.296361072562011,0,0.099926,NORMAL,NumPy RMS auf standardisiertem 128×3-Fenster
2026-09-18T18:50:13.143+02:00,133,0.2590776210427184,0.47720259914362284,0,0.275889,206.91394305734806,NORMAL,,PROFILE/P99,ai_edge_litert.Interpreter 2.1.6 num_threads=1,2026-09-18T18:50:12.507+02:00,13865324378500,13865346749134,0.719482,1.041538,22.370634,613.78174,636.152374,0,0,0,0,0,40.12753242466959,238632960,236765184,0.38303434500007094,0.4833547401595273,0,20.201244,NORMAL,scikit-learn IsolationForest.score_samples,0.5215613285653005,1.296361072562011,0,0.104222,NORMAL,NumPy RMS auf standardisiertem 128×3-Fenster
2026-09-18T18:50:13.777+02:00,134,0.32482112134471447,0.47720259914362284,0,0.262241,207.85155280068707,NORMAL,,PROFILE/P99,ai_edge_litert.Interpreter 2.1.6 num_threads=1,2026-09-18T18:50:13.126+02:00,13865941190317,13865980802692,0.839464,0.902742,39.612375,611.012996,650.625371,0,0,0,0,0,41.006054786861434,238632960,236765184,0.39007000198005326,0.4833547401595273,0,37.47691,NORMAL,scikit-learn IsolationForest.score_samples,0.5508592648805553,1.296361072562011,0,0.099815,NORMAL,NumPy RMS auf standardisiertem 128×3-Fenster
2026-09-18T18:50:14.399+02:00,135,0.34176238349079807,0.47720259914362284,0,0.319797,207.28153053861814,NORMAL,,PROFILE/P99,ai_edge_litert.Interpreter 2.1.6 num_threads=1,2026-09-18T18:50:13.744+02:00,13866560451989,13866602576682,1.044187,1.069056,42.124693,612.693276,654.817969,0,0,0,0,0,43.420970360280684,238649344,236765184,0.3971534706696677,0.4833547401595273,0,39.511672,NORMAL,scikit-learn IsolationForest.score_samples,0.6149116554137767,1.296361072562011,0,0.137741,NORMAL,NumPy RMS auf standardisiertem 128×3-Fenster
2026-09-18T18:50:14.993+02:00,136,0.2808911305828481,0.47720259914362284,0,0.31563,214.6012613008327,NORMAL,,PROFILE/P99,ai_edge_litert.Interpreter 2.1.6 num_threads=1,2026-09-18T18:50:14.381+02:00,13867176778843,13867197065865,0.670594,0.923815,20.287022,591.795217,612.082239,0,0,0,0,0,53.83158638477561,238649344,236765184,0.3760752582022731,0.4833547401595273,0,18.247334,NORMAL,scikit-learn IsolationForest.score_samples,0.5273372101592956,1.296361072562011,0,0.101555,NORMAL,NumPy RMS auf standardisiertem 128×3-Fenster
2026-09-18T18:50:15.611+02:00,137,0.30286477615583635,0.47720259914362284,0,0.254241,207.4193841861554,NORMAL,,PROFILE/P99,ai_edge_litert.Interpreter 2.1.6 num_threads=1,2026-09-18T18:50:14.979+02:00,13867795030811,13867815200369,0.567519,0.828723,20.169558,612.286072,632.45563,0,0,0,0,0,37.2096097545263,238649344,236765184,0.38696025663193856,0.4833547401595273,0,18.394631,NORMAL,scikit-learn IsolationForest.score_samples,0.5522054171704724,1.296361072562011,0,0.0975,NORMAL,NumPy RMS auf standardisiertem 128×3-Fenster
2026-09-18T18:50:16.234+02:00,138,0.30390002327966253,0.47720259914362284,0,0.271667,207.30867416351202,NORMAL,,PROFILE/P99,ai_edge_litert.Interpreter 2.1.6 num_threads=1,2026-09-18T18:50:15.597+02:00,13868413278926,13868437757359,1.072409,1.104279,24.478433,612.613054,637.091487,0,0,0,0,0,46.581368545758046,238649344,236765184,0.38756622184596295,0.4833547401595273,0,21.893912,NORMAL,scikit-learn IsolationForest.score_samples,0.5574154602304663,1.296361072562011,0,0.104019,NORMAL,NumPy RMS auf standardisiertem 128×3-Fenster
2026-09-18T18:50:16.847+02:00,139,0.29018608156774445,0.47720259914362284,0,0.269723,208.5385073784085,NORMAL,,PROFILE/P99,ai_edge_litert.Interpreter 2.1.6 num_threads=1,2026-09-18T18:50:16.218+02:00,13869030558985,13869051294674,0.705538,0.950723,20.735689,609.000235,629.735924,0,0,0,0,0,40.7465025256593,238649344,236765184,0.38802235945181346,0.4833547401595273,0,18.67689,NORMAL,scikit-learn IsolationForest.score_samples,0.539667636869809,1.296361072562011,0,0.105407,NORMAL,NumPy RMS auf standardisiertem 128×3-Fenster
2026-09-18T18:50:17.468+02:00,140,0.2808105554628671,0.47720259914362284,0,0.276723,207.925737152035,NORMAL,,PROFILE/P99,ai_edge_litert.Interpreter 2.1.6 num_threads=1,2026-09-18T18:50:16.835+02:00,13869649509361,13869671604384,1.75639,0.895335,22.095023,610.794997,632.89002,0,0,0,0,0,43.52677408770362,238649344,236765184,0.3843672603215565,0.4833547401595273,0,19.03202,NORMAL,scikit-learn IsolationForest.score_samples,0.5195017184385865,1.296361072562011,0,0.105463,NORMAL,NumPy RMS auf standardisiertem 128×3-Fenster
2026-09-18T18:50:18.083+02:00,141,0.25375118309249656,0.47720259914362284,0,0.288315,207.3197039052806,NORMAL,,PROFILE/P99,ai_edge_litert.Interpreter 2.1.6 num_threads=1,2026-09-18T18:50:17.451+02:00,13870267283365,13870286746700,1.01326,0.993279,19.463335,612.580462,632.043797,0,0,0,0,0,39.01427888461477,238649344,236765184,0.3818573142778675,0.4833547401595273,0,17.009092,NORMAL,scikit-learn IsolationForest.score_samples,0.5152204257418077,1.296361072562011,0,0.118315,NORMAL,NumPy RMS auf standardisiertem 128×3-Fenster
2026-09-18T18:50:18.703+02:00,142,0.25501461286450205,0.47720259914362284,0,0.397612,207.4907995148545,NORMAL,,PROFILE/P99,ai_edge_litert.Interpreter 2.1.6 num_threads=1,2026-09-18T18:50:18.070+02:00,13870885907018,13870906832855,0.845556,0.994797,20.925837,612.075332,633.001169,0,0,0,0,0,43.543808535611944,238649344,236765184,0.3898952890564213,0.4833547401595273,0,18.537408,NORMAL,scikit-learn IsolationForest.score_samples,0.5473897135781675,1.296361072562011,0,0.100908,NORMAL,NumPy RMS auf standardisiertem 128×3-Fenster
2026-09-18T18:50:19.320+02:00,143,0.282286894019028,0.47720259914362284,0,0.278982,207.7430928128843,NORMAL,,PROFILE/P99,ai_edge_litert.Interpreter 2.1.6 num_threads=1,2026-09-18T18:50:18.687+02:00,13871502392354,13871523749839,1.047056,1.085409,21.357485,611.331998,632.689483,0,0,0,0,0,42.14585162644812,238649344,236765184,0.3912874965109865,0.4833547401595273,0,18.821001,NORMAL,scikit-learn IsolationForest.score_samples,0.561334427618682,1.296361072562011,0,0.093612,NORMAL,NumPy RMS auf standardisiertem 128×3-Fenster
2026-09-18T18:50:19.974+02:00,144,0.2655277571971955,0.47720259914362284,0,1.936835,205.33436232041115,NORMAL,,PROFILE/P99,ai_edge_litert.Interpreter 2.1.6 num_threads=1,2026-09-18T18:50:19.306+02:00,13872128124681,13872178276901,1.222149,0.821798,50.15222,618.503394,668.655614,0,0,0,0,0,67.22294920103586,252723200,250626048,0.388595686015897,0.4833547401595273,0,46.040011,NORMAL,scikit-learn IsolationForest.score_samples,0.5528406623251165,1.296361072562011,0,0.090314,NORMAL,NumPy RMS auf standardisiertem 128×3-Fenster
2026-09-18T18:50:20.579+02:00,145,0.27365768229636256,0.47720259914362284,0,0.320797,207.36282632279784,NORMAL,,PROFILE/P99,ai_edge_litert.Interpreter 2.1.6 num_threads=1,2026-09-18T18:50:19.932+02:00,13872747799446,13872782779354,2.697114,0.901112,34.979908,612.453072,647.43298,0,0,0,0,0,56.24186966904264,252723200,250626048,0.3840694321564396,0.4833547401595273,0,30.928532,NORMAL,scikit-learn IsolationForest.score_samples,0.5481813725312886,1.296361072562011,0,0.100833,NORMAL,NumPy RMS auf standardisiertem 128×3-Fenster
2026-09-18T18:50:21.204+02:00,146,0.2858928571695394,0.47720259914362284,0,0.295667,211.01518787131621,NORMAL,,PROFILE/P99,ai_edge_litert.Interpreter 2.1.6 num_threads=1,2026-09-18T18:50:20.551+02:00,13873356444922,13873408254847,1.280594,1.028649,51.809925,601.852413,653.662338,0,0,0,0,0,83.14197381980901,260079616,257949696,0.3842196320064446,0.4833547401595273,0,49.085515,NORMAL,scikit-learn IsolationForest.score_samples,0.5456351141136178,1.296361072562011,0,0.086148,NORMAL,NumPy RMS auf standardisiertem 128×3-Fenster
2026-09-18T18:50:21.808+02:00,147,0.31325342945409923,0.47720259914362284,0,0.273519,211.01286335578078,NORMAL,,PROFILE/P99,ai_edge_litert.Interpreter 2.1.6 num_threads=1,2026-09-18T18:50:21.170+02:00,13873975380946,13874012190985,1.475076,1.010501,36.810039,601.859043,638.669082,0,0,0,0,0,81.13735697617109,260079616,257949696,0.38893689899583483,0.4833547401595273,0,33.947128,NORMAL,scikit-learn IsolationForest.score_samples,0.5600666367047678,1.296361072562011,0,0.072148,NORMAL,NumPy RMS auf standardisiertem 128×3-Fenster
2026-09-18T18:50:22.440+02:00,148,0.28980926055020956,0.47720259914362284,0,0.317222,207.73333294949012,NORMAL,,PROFILE/P99,ai_edge_litert.Interpreter 2.1.6 num_threads=1,2026-09-18T18:50:21.778+02:00,13874593299710,13874643706763,1.07439,1.14126,50.407053,611.36072,661.767773,0,0,0,0,0,58.56762066078393,260079616,257949696,0.38595562427122143,0.4833547401595273,0,47.727402,NORMAL,scikit-learn IsolationForest.score_samples,0.5359549979297465,1.296361072562011,0,0.102185,NORMAL,NumPy RMS auf standardisiertem 128×3-Fenster
2026-09-18T18:50:23.030+02:00,149,0.2903999791796288,0.47720259914362284,0,0.276482,209.45015032740298,NORMAL,,PROFILE/P99,ai_edge_litert.Interpreter 2.1.6 num_threads=1,2026-09-18T18:50:22.401+02:00,13875211254677,13875233896349,0.721242,0.932667,22.641672,606.349529,628.991201,0,0,0,0,0,57.62647361830655,260079616,257949696,0.3862344149039872,0.4833547401595273,0,20.560114,NORMAL,scikit-learn IsolationForest.score_samples,0.5299739539231764,1.296361072562011,0,0.119426,NORMAL,NumPy RMS auf standardisiertem 128×3-Fenster
2026-09-18T18:50:23.646+02:00,150,0.25588069891229503,0.47720259914362284,0,0.267834,209.2887678005968,NORMAL,,PROFILE/P99,ai_edge_litert.Interpreter 2.1.6 num_threads=1,2026-09-18T18:50:23.018+02:00,13875828377551,13875849430814,0.635964,0.883556,21.053263,606.817085,627.870348,0,0,0,0,0,42.24074375941803,260079616,257949696,0.3822173958057837,0.4833547401595273,0,19.13578,NORMAL,scikit-learn IsolationForest.score_samples,0.5253559570536807,1.296361072562011,0,0.098741,NORMAL,NumPy RMS auf standardisiertem 128×3-Fenster
2026-09-18T18:50:24.263+02:00,151,0.2875841083073281,0.47720259914362284,0,0.275186,207.31833764536702,NORMAL,,PROFILE/P99,ai_edge_litert.Interpreter 2.1.6 num_threads=1,2026-09-18T18:50:23.631+02:00,13876447081260,13876467221596,0.768816,0.986945,20.140336,612.584499,632.724835,0,0,0,0,0,38.851620184466846,260079616,257949696,0.38575390777812596,0.4833547401595273,0,18.021945,NORMAL,scikit-learn IsolationForest.score_samples,0.5375639572704677,1.296361072562011,0,0.056944,NORMAL,NumPy RMS auf standardisiertem 128×3-Fenster
2026-09-18T18:50:24.880+02:00,152,1.4405280946664643,0.47720259914362284,1,0.138815,207.80750908899728,ANOMALY,,PROFILE/P99,ai_edge_litert.Interpreter 2.1.6 num_threads=1,2026-09-18T18:50:24.250+02:00,13877065202820,13877083465729,0.715538,0.609408,18.262909,611.142497,629.405406,0,0,0,0,0,37.32289525541746,260079616,257949696,0.4330037106721265,0.4833547401595273,0,16.724203,NORMAL,scikit-learn IsolationForest.score_samples,1.190304060573276,1.296361072562011,0,0.056241,NORMAL,NumPy RMS auf standardisiertem 128×3-Fenster
2026-09-18T18:50:25.498+02:00,153,10.446462108472284,0.47720259914362284,1,0.184389,207.9956914298492,ANOMALY,,PROFILE/P99,ai_edge_litert.Interpreter 2.1.6 num_threads=1,2026-09-18T18:50:24.868+02:00,13877681925416,13877701364381,0.626871,0.946038,19.438965,610.589571,630.028536,0,0,0,0,0,43.6965635533776,260079616,257949696,0.5471508644039899,0.4833547401595273,1,17.601426,ANOMALY,scikit-learn IsolationForest.score_samples,3.160369916638252,1.296361072562011,1,0.056648,ANOMALY,NumPy RMS auf standardisiertem 128×3-Fenster
2026-09-18T18:50:26.120+02:00,154,13.314668952390093,0.47720259914362284,1,0.160056,207.8714923899409,ANOMALY,,PROFILE/P99,ai_edge_litert.Interpreter 2.1.6 num_threads=1,2026-09-18T18:50:25.486+02:00,13878300771866,13878323915724,0.514927,0.556722,23.143858,610.954386,634.098244,0,0,0,0,0,36.938488658691355,260079616,257949696,0.5374389848305398,0.4833547401595273,1,21.781523,ANOMALY,scikit-learn IsolationForest.score_samples,3.518206575556587,1.296361072562011,1,0.103463,ANOMALY,NumPy RMS auf standardisiertem 128×3-Fenster
2026-09-18T18:50:26.732+02:00,155,9.486680776155497,0.47720259914362284,1,0.143444,209.52424529024515,ANOMALY,,PROFILE/P99,ai_edge_litert.Interpreter 2.1.6 num_threads=1,2026-09-18T18:50:26.109+02:00,13878918438259,13878936212612,0.39476,0.475778,17.774353,606.135103,623.909456,0,0,0,0,0,40.83750902995448,260079616,257949696,0.5464620312406525,0.4833547401595273,1,16.691073,ANOMALY,scikit-learn IsolationForest.score_samples,3.245393997981265,1.296361072562011,1,0.050037,ANOMALY,NumPy RMS auf standardisiertem 128×3-Fenster
2026-09-18T18:50:27.351+02:00,156,7.344758907838174,0.47720259914362284,1,0.142741,207.613940471803,ANOMALY,,PROFILE/P99,ai_edge_litert.Interpreter 2.1.6 num_threads=1,2026-09-18T18:50:26.722+02:00,13879537050043,13879554587394,0.388018,0.479112,17.537351,611.712295,629.249646,0,0,0,0,0,33.95950965937487,260079616,257949696,0.5071608831422293,0.4833547401595273,1,16.451128,ANOMALY,scikit-learn IsolationForest.score_samples,2.5473409402996374,1.296361072562011,1,0.056722,ANOMALY,NumPy RMS auf standardisiertem 128×3-Fenster
2026-09-18T18:50:27.974+02:00,157,4.682670625564242,0.47720259914362284,1,0.145611,208.33973971197653,ANOMALY,,PROFILE/P99,ai_edge_litert.Interpreter 2.1.6 num_threads=1,2026-09-18T18:50:27.340+02:00,13880153682675,13880178136701,0.37163,0.469945,24.454026,609.581255,634.035281,0,0,0,0,0,41.6926335604661,260079616,257949696,0.4835973970323491,0.4833547401595273,1,23.342191,ANOMALY,scikit-learn IsolationForest.score_samples,1.9638462715535823,1.296361072562011,1,0.102593,ANOMALY,NumPy RMS auf standardisiertem 128×3-Fenster
2026-09-18T18:50:28.587+02:00,158,5.696286824045071,0.47720259914362284,1,0.145204,210.28244044594317,ANOMALY,,PROFILE/P99,ai_edge_litert.Interpreter 2.1.6 num_threads=1,2026-09-18T18:50:27.964+02:00,13880771809051,13880790759515,0.442482,0.487074,18.950464,603.94962,622.900084,0,0,0,0,0,39.17869013185037,260079616,257949696,0.48673170507415503,0.4833547401595273,1,17.790241,ANOMALY,scikit-learn IsolationForest.score_samples,2.229700104043055,1.296361072562011,1,0.06537,ANOMALY,NumPy RMS auf standardisiertem 128×3-Fenster
2026-09-18T18:50:29.207+02:00,159,5.546630899202198,0.47720259914362284,1,0.28213,207.3026829526201,ANOMALY,,PROFILE/P99,ai_edge_litert.Interpreter 2.1.6 num_threads=1,2026-09-18T18:50:28.574+02:00,13881390376001,13881410842022,0.645778,1.089057,20.466021,612.630759,633.09678,0,0,0,0,0,37.088464343726486,260079616,257949696,0.5242502991426847,0.4833547401595273,1,18.296852,ANOMALY,scikit-learn IsolationForest.score_samples,2.66344533859221,1.296361072562011,1,0.114741,ANOMALY,NumPy RMS auf standardisiertem 128×3-Fenster
2026-09-18T18:50:29.826+02:00,160,2.7603823134336483,0.47720259914362284,1,0.300723,207.60637352939878,ANOMALY,,PROFILE/P99,ai_edge_litert.Interpreter 2.1.6 num_threads=1,2026-09-18T18:50:29.193+02:00,13882008489117,13882029684472,0.823741,0.910446,21.195355,611.734591,632.929946,0,0,0,0,0,35.55104489644822,260079616,257949696,0.429935298122819,0.4833547401595273,0,19.032853,NORMAL,scikit-learn IsolationForest.score_samples,1.545351948637261,1.296361072562011,1,0.101723,ANOMALY,NumPy RMS auf standardisiertem 128×3-Fenster
