source_file,window_index,true_label,predicted_label,anomaly_score,threshold,anomaly_fraction,split,split_index,start_sample,end_sample_exclusive,window_start_s,window_end_s
normal_20260823_112843.csv,0,0,0,0.4292677434854948,0.4776322723194337,0.0,test,0,0,128,4.080002327100374e-07,0.2540539550000176
normal_20260823_112843.csv,1,0,0,0.430702338989052,0.4776322723194337,0.0,test,1,128,256,0.2560555740001291,0.5100550999995903
normal_20260823_112843.csv,2,0,0,0.4284922663334258,0.4776322723194337,0.0,test,2,256,384,0.5120563669997864,0.7660594680000941
normal_20260823_112843.csv,3,0,0,0.43585380798319107,0.4776322723194337,0.0,test,3,384,512,0.7680563459998666,1.0220543159994122
normal_20260823_112843.csv,4,0,0,0.4601490523404493,0.4776322723194337,0.0,test,4,512,640,1.024055249999947,1.2780692019996422
normal_20260823_112843.csv,5,0,0,0.43977706408983286,0.4776322723194337,0.0,test,5,640,768,1.280056173000048,1.534056048999446
normal_20260823_112843.csv,6,0,0,0.42548558337824793,0.4776322723194337,0.0,test,6,768,896,1.5360818899998776,1.790052801999991
normal_20260823_112843.csv,7,0,0,0.45705023415458806,0.4776322723194337,0.0,test,7,896,1024,1.7920533099995737,2.0460676669999884
normal_20260823_112843.csv,8,0,0,0.4271237406736536,0.4776322723194337,0.0,test,8,1024,1152,2.048074507999445,2.3020548469994537
normal_20260823_112843.csv,9,0,0,0.4496222978922147,0.4776322723194337,0.0,test,9,1152,1280,2.304054705999988,2.558052950000274
normal_20260823_112843.csv,10,0,0,0.46394870460008975,0.4776322723194337,0.0,test,10,1280,1408,2.5600578280000263,2.81405262699991
normal_20260823_112843.csv,11,0,0,0.43903829168642805,0.4776322723194337,0.0,test,11,1408,1536,2.81605646800017,3.070052692999525
normal_20260823_112843.csv,12,0,0,0.4545070561564649,0.4776322723194337,0.0,test,12,1536,1664,3.0720534049996786,3.3260565740001766
normal_20260823_112843.csv,13,0,0,0.43073904825948905,0.4776322723194337,0.0,test,13,1664,1792,3.328053786000055,3.58205258199996
normal_20260823_112843.csv,14,0,0,0.4465971354604337,0.4776322723194337,0.0,test,14,1792,1920,3.584053015999416,3.838052960999448
normal_20260823_112843.csv,15,0,0,0.456599524089343,0.4776322723194337,0.0,test,15,1920,2048,3.840053191000152,4.094052636000015
normal_20260823_112843.csv,16,0,0,0.4233774594112625,0.4776322723194337,0.0,test,16,2048,2176,4.096055291999619,4.350054179999461
normal_20260823_112843.csv,17,0,0,0.441859381492505,0.4776322723194337,0.0,test,17,2176,2304,4.3520532989996354,4.606055741999626
normal_20260823_112843.csv,18,0,0,0.4554285549444444,0.4776322723194337,0.0,test,18,2304,2432,4.608053582999673,4.862052839999706
normal_20260823_112843.csv,19,0,0,0.43083541101932793,0.4776322723194337,0.0,test,19,2432,2560,4.864056569999775,5.118053012999553
normal_20260823_112843.csv,20,0,0,0.44966280770743167,0.4776322723194337,0.0,test,20,2560,2688,5.120053130999622,5.374052629000289
normal_20260823_112843.csv,21,0,0,0.4534583203912604,0.4776322723194337,0.0,test,21,2688,2816,5.37605535900002,5.630054131999714
normal_20260823_112843.csv,22,0,0,0.42574188176448613,0.4776322723194337,0.0,test,22,2816,2944,5.632053344000269,5.886054542999773
normal_20260823_112843.csv,23,0,0,0.4461209752782753,0.4776322723194337,0.0,test,23,2944,3072,5.888052514000265,6.1420525650000855
normal_20260823_112843.csv,24,0,0,0.4091697971789672,0.4776322723194337,0.0,test,24,3072,3200,6.144052886999816,6.398054141000102
normal_20260823_112843.csv,25,0,0,0.4328941303966211,0.4776322723194337,0.0,test,25,3200,3328,6.400054908000129,6.65405403099976
normal_20260823_112843.csv,26,0,0,0.4391616070808914,0.4776322723194337,0.0,test,26,3328,3456,6.656064501999936,6.9100551060000726
normal_20260823_112843.csv,27,0,0,0.4289009124837686,0.4776322723194337,0.0,test,27,3456,3584,6.912055576999592,7.1660544959995605
normal_20260823_112843.csv,28,0,0,0.4556141077076272,0.4776322723194337,0.0,test,28,3584,3712,7.168055355999968,7.4220543479996195
normal_20260823_112843.csv,29,0,0,0.44781406022254494,0.4776322723194337,0.0,test,29,3712,3840,7.424055299999964,7.67805721700006
normal_20260823_112843.csv,30,0,0,0.44971734563952526,0.4776322723194337,0.0,test,30,3840,3968,7.680055853999875,7.934053938000034
normal_20260823_112843.csv,31,0,0,0.4550408402007115,0.4776322723194337,0.0,test,31,3968,4096,7.936058297000272,8.190054380999754
normal_20260823_112843.csv,32,0,0,0.43368351130556904,0.4776322723194337,0.0,test,32,4096,4224,8.192054962999464,8.44605534099992
normal_20260823_112843.csv,33,0,0,0.4563314668046192,0.4776322723194337,0.0,test,33,4224,4352,8.448055441000179,8.702054262999809
normal_20260823_112843.csv,34,0,0,0.4414558326046237,0.4776322723194337,0.0,test,34,4352,4480,8.704054585999984,8.958054314999572
normal_20260823_112843.csv,35,0,0,0.4218193350712574,0.4776322723194337,0.0,test,35,4480,4608,8.960054877999937,9.2140542369998
normal_20260823_112843.csv,36,0,0,0.4421034378851297,0.4776322723194337,0.0,test,36,4608,4736,9.216055985999446,9.47005413900024
normal_20260823_112843.csv,37,0,0,0.4697537765604773,0.4776322723194337,0.0,test,37,4736,4864,9.472054924999613,9.726057947999834
normal_20260823_112843.csv,38,0,0,0.45635904316362813,0.4776322723194337,0.0,test,38,4864,4992,9.72805634499946,9.982053941999766
normal_20260823_112843.csv,39,0,0,0.44255179345077383,0.4776322723194337,0.0,test,39,4992,5120,9.984053875999962,10.23805473199991
normal_20260823_112843.csv,40,0,0,0.4529996053696394,0.4776322723194337,0.0,test,40,5120,5248,10.240055109999956,10.49405553899942
normal_20260823_112843.csv,41,0,0,0.4318842702920266,0.4776322723194337,0.0,test,41,5248,5376,10.496059121000144,10.750053844999456
normal_20260823_112843.csv,42,0,0,0.4643837863662879,0.4776322723194337,0.0,test,42,5376,5504,10.752054648999549,11.006058207000024
normal_20260823_112843.csv,43,0,0,0.42348368455330715,0.4776322723194337,0.0,test,43,5504,5632,11.008055418999902,11.262053901999934
normal_20260823_112843.csv,44,0,0,0.46195261714718466,0.4776322723194337,0.0,test,44,5632,5760,11.26405442899977,11.518054613999992
normal_20260823_112843.csv,45,0,0,0.44750023432672004,0.4776322723194337,0.0,test,45,5760,5888,11.520055436999428,11.774053844000264
normal_20260823_112843.csv,46,0,0,0.44332717024513907,0.4776322723194337,0.0,test,46,5888,6016,11.776055870000164,12.03005381499952
normal_20260823_112843.csv,47,0,0,0.44912604423218533,0.4776322723194337,0.0,test,47,6016,6144,12.032054710999546,12.286058636999767
normal_20260823_112843.csv,48,0,0,0.454336524401085,0.4776322723194337,0.0,test,48,6144,6272,12.288055514999542,12.542054308999468
normal_20260823_112843.csv,49,0,0,0.44214613571311795,0.4776322723194337,0.0,test,49,6272,6400,12.544055131999812,12.79805688899978
normal_20260823_112843.csv,50,0,0,0.47076104982716793,0.4776322723194337,0.0,test,50,6400,6528,12.800054137000188,13.054054356999586
normal_20260823_112843.csv,51,0,0,0.43957421074228553,0.4776322723194337,0.0,test,51,6528,6656,13.056058938000206,13.310054305999984
normal_20260823_112843.csv,52,0,0,0.4572879144413566,0.4776322723194337,0.0,test,52,6656,6784,13.312055110000074,13.566058771999453
normal_20260823_112843.csv,53,0,0,0.4530045155424664,0.4776322723194337,0.0,test,53,6784,6912,13.568056131999583,13.822053904999848
normal_20260823_112843.csv,54,0,0,0.4558945435560113,0.4776322723194337,0.0,test,54,6912,7040,13.824054468000211,14.078054222999526
normal_20260823_112843.csv,55,0,0,0.44544147018609453,0.4776322723194337,0.0,test,55,7040,7168,14.080054989999551,14.33405383599984
normal_20260823_112843.csv,56,0,0,0.4556050798538169,0.4776322723194337,0.0,test,56,7168,7296,14.336056010999528,14.590054170000258
normal_20260823_112843.csv,57,0,0,0.4590175590908411,0.4776322723194337,0.0,test,57,7296,7424,14.592054732999712,14.846061041000212
normal_20260823_112843.csv,58,0,0,0.460064349775505,0.4776322723194337,0.0,test,58,7424,7552,14.848055770999965,15.102054041999509
normal_20260823_112843.csv,59,0,0,0.4277877508424494,0.4776322723194337,0.0,test,59,7552,7680,15.104054790000191,15.358054115999948
normal_20260823_112843.csv,60,0,0,0.4423613592324236,0.4776322723194337,0.0,test,60,7680,7808,15.360054957000102,15.614054910999585
normal_20260823_112843.csv,61,0,0,0.467809607188355,0.4776322723194337,0.0,test,61,7808,7936,15.616058362999864,15.870053982999709
normal_20260823_112843.csv,62,0,0,0.4387289452043886,0.4776322723194337,0.0,test,62,7936,8064,15.872054397999818,16.12605838899981
normal_20260823_112843.csv,63,0,0,0.45498010594792276,0.4776322723194337,0.0,test,63,8064,8192,16.12805630299954,16.38205425599972
normal_20260823_112843.csv,64,0,0,0.462742561725438,0.4776322723194337,0.0,test,64,8192,8320,16.38405493099981,16.638057881999885
normal_20260823_112843.csv,65,0,0,0.4431773508177337,0.4776322723194337,0.0,test,65,8320,8448,16.640060018999975,16.89405391499986
normal_20260823_112843.csv,66,0,0,0.45987511279921406,0.4776322723194337,0.0,test,66,8448,8576,16.89605929299978,17.150054243999875
normal_20260823_112843.csv,67,0,0,0.4310591455927441,0.4776322723194337,0.0,test,67,8576,8704,17.152054880999458,17.40605803499966
normal_20260823_112843.csv,68,0,0,0.440877654535757,0.4776322723194337,0.0,test,68,8704,8832,17.408055171999877,17.662058529000205
normal_20260823_112843.csv,69,0,0,0.4713840353943305,0.4776322723194337,0.0,test,69,8832,8960,17.664055313999597,17.918054208000285
normal_20260823_112843.csv,70,0,0,0.4198504174273157,0.4776322723194337,0.0,test,70,8960,9088,17.92005465999955,18.17405562699969
normal_20260823_112843.csv,71,0,0,0.4665103862138667,0.4776322723194337,0.0,test,71,9088,9216,18.17605846799961,18.43006011899979
normal_20260823_112843.csv,72,0,0,0.4627871477401682,0.4776322723194337,0.0,test,72,9216,9344,18.43205718199988,18.686061018000142
normal_20260823_112843.csv,73,0,0,0.4373586059186224,0.4776322723194337,0.0,test,73,9344,9472,18.68805628500013,18.942053861000204
normal_20260823_112843.csv,74,0,0,0.4502097253750711,0.4776322723194337,0.0,test,74,9472,9600,18.944054960999893,19.198054186000263
normal_20260823_112843.csv,75,0,0,0.4578101454925412,0.4776322723194337,0.0,test,75,9600,9728,19.200055026999507,19.454056341999603
normal_20260823_112843.csv,76,0,0,0.4448551151627982,0.4776322723194337,0.0,test,76,9728,9856,19.45606318299997,19.71005399800015
normal_20260823_112843.csv,77,0,0,0.46158320644120987,0.4776322723194337,0.0,test,77,9856,9984,19.712055504999626,19.966067876000125
normal_20260823_112843.csv,78,0,0,0.42984389233988607,0.4776322723194337,0.0,test,78,9984,10112,19.96805729100015,20.22205393900004
normal_20260823_112843.csv,79,0,0,0.4508556054943368,0.4776322723194337,0.0,test,79,10112,10240,20.22406029800004,20.478056926000136
normal_20260823_112843.csv,80,0,0,0.44036836237197996,0.4776322723194337,0.0,test,80,10240,10368,20.48005535900029,20.73405407900009
normal_20260823_112843.csv,81,0,0,0.4344641700259521,0.4776322723194337,0.0,test,81,10368,10496,20.736057956999502,20.990054509999936
normal_20260823_112843.csv,82,0,0,0.45892398850192107,0.4776322723194337,0.0,test,82,10496,10624,20.992054831999667,21.24605842300025
normal_20260823_112843.csv,83,0,0,0.4558463351004761,0.4776322723194337,0.0,test,83,10624,10752,21.24805609699979,21.502053852000245
normal_20260823_112843.csv,84,0,0,0.44745671226381306,0.4776322723194337,0.0,test,84,10752,10880,21.50405409999985,21.75806265099982
normal_20260823_112843.csv,85,0,0,0.4547643847014456,0.4776322723194337,0.0,test,85,10880,11008,21.760055251000267,22.014059838999856
normal_20260823_112843.csv,86,0,0,0.419347784752075,0.4776322723194337,0.0,test,86,11008,11136,22.01606540200009,22.27005336000002
normal_20260823_112843.csv,87,0,0,0.4527463096780328,0.4776322723194337,0.0,test,87,11136,11264,22.2720532379999,22.52605684199989
normal_20260823_112843.csv,88,0,0,0.4482439910021838,0.4776322723194337,0.0,test,88,11264,11392,22.52805379399979,22.782052675999694
normal_20260823_112843.csv,89,0,0,0.44144583822411615,0.4776322723194337,0.0,test,89,11392,11520,22.784053184000182,23.038053528999622
normal_20260823_112843.csv,90,0,0,0.43931328091430777,0.4776322723194337,0.0,test,90,11520,11648,23.040053202999843,23.294053048000023
normal_20260823_112843.csv,91,0,0,0.4544098135173244,0.4776322723194337,0.0,test,91,11648,11776,23.2960539249998,23.55005269399953
normal_20260823_112843.csv,92,0,0,0.46004480672069187,0.4776322723194337,0.0,test,92,11776,11904,23.55205590500009,23.80605482200008
normal_20260823_112843.csv,93,0,0,0.4476046135123871,0.4776322723194337,0.0,test,93,11904,12032,23.80805362499996,24.06205263499941
normal_20260823_112843.csv,94,0,0,0.43336821850450163,0.4776322723194337,0.0,test,94,12032,12160,24.064052937999804,24.31805278100001
normal_20260823_112843.csv,95,0,0,0.4347009274517344,0.4776322723194337,0.0,test,95,12160,12288,24.3200531399998,24.57405270300024
normal_20260823_112843.csv,96,0,0,0.4497118957601613,0.4776322723194337,0.0,test,96,12288,12416,24.57605380199948,24.830052772000272
normal_20260823_112843.csv,97,0,0,0.4346559593466551,0.4776322723194337,0.0,test,97,12416,12544,24.83205340899985,25.086057491000247
normal_20260823_112843.csv,98,0,0,0.4585237736543484,0.4776322723194337,0.0,test,98,12544,12672,25.08805449800002,25.3420568749998
normal_20260823_112843.csv,99,0,0,0.4426445887968343,0.4776322723194337,0.0,test,99,12672,12800,25.344058548999783,25.598054016999413
normal_20260823_112843.csv,100,0,0,0.420717619097141,0.4776322723194337,0.0,test,100,12800,12928,25.600053635000226,25.85405267700025
normal_20260823_112843.csv,101,0,0,0.4232925564199145,0.4776322723194337,0.0,test,101,12928,13056,25.856057166000028,26.110053022000105
normal_20260823_112843.csv,102,0,0,0.4391921841918952,0.4776322723194337,0.0,test,102,13056,13184,26.112053437000213,26.36606247799955
normal_20260823_112843.csv,103,0,0,0.4435058733569634,0.4776322723194337,0.0,test,103,13184,13312,26.36805468900002,26.622052654999607
normal_20260823_112843.csv,104,0,0,0.44590911442106335,0.4776322723194337,0.0,test,104,13312,13440,26.62405303200012,26.878057034999983
normal_20260823_112843.csv,105,0,0,0.4274227259968074,0.4776322723194337,0.0,test,105,13440,13568,26.88005287499982,27.134053877999577
normal_20260823_112843.csv,106,0,0,0.4621046219337124,0.4776322723194337,0.0,test,106,13568,13696,27.13605849600026,27.39005447899945
normal_20260823_112843.csv,107,0,0,0.4490851446363488,0.4776322723194337,0.0,test,107,13696,13824,27.39205530100025,27.64606102400012
normal_20260823_112843.csv,108,0,0,0.43341181406849116,0.4776322723194337,0.0,test,108,13824,13952,27.648058975999447,27.9020538650002
normal_20260823_112843.csv,109,0,0,0.47017802698004507,0.4776322723194337,0.0,test,109,13952,14080,27.90405429800012,28.158054223999898
normal_20260823_112843.csv,110,0,0,0.44859846321012514,0.4776322723194337,0.0,test,110,14080,14208,28.16005500899973,28.414053952999893
normal_20260823_112843.csv,111,0,0,0.42229285882050377,0.4776322723194337,0.0,test,111,14208,14336,28.41605520099984,28.670054531999995
normal_20260823_112843.csv,112,0,0,0.44799936992928996,0.4776322723194337,0.0,test,112,14336,14464,28.672059409999747,28.926056981999864
normal_20260823_112843.csv,113,0,0,0.4394378886387524,0.4776322723194337,0.0,test,113,14464,14592,28.92805634100023,29.18205426500026
normal_20260823_112843.csv,114,0,0,0.4516139416359919,0.4776322723194337,0.0,test,114,14592,14720,29.18405519799944,29.438054639000256
normal_20260823_112843.csv,115,0,0,0.4732372670449943,0.4776322723194337,0.0,test,115,14720,14848,29.44005503500012,29.69405390100019
normal_20260823_112843.csv,116,0,0,0.41997590964557235,0.4776322723194337,0.0,test,116,14848,14976,29.69605809299992,29.950053847999698
normal_20260823_112843.csv,117,0,0,0.4423498375926553,0.4776322723194337,0.0,test,117,14976,15104,29.952054336999936,30.206057870000222
normal_20260823_112843.csv,118,0,1,0.48161705222026324,0.4776322723194337,0.0,test,118,15104,15232,30.20805617299993,30.462054130999604
normal_20260823_112843.csv,119,0,0,0.4169905902315715,0.4776322723194337,0.0,test,119,15232,15360,30.46405399000014,30.71805413099992
normal_20260823_112843.csv,120,0,0,0.43346020893284387,0.4776322723194337,0.0,test,120,15360,15488,30.72005474999969,30.9740542239997
normal_20260823_112843.csv,121,0,0,0.45558540677010223,0.4776322723194337,0.0,test,121,15488,15616,30.97605554599977,31.23005409500001
normal_20260823_112843.csv,122,0,0,0.4457805791499392,0.4776322723194337,0.0,test,122,15616,15744,31.232054954999512,31.48605779799982
normal_20260823_112843.csv,123,0,0,0.4316114451167388,0.4776322723194337,0.0,test,123,15744,15872,31.488055841999994,31.742055888999857
normal_20260823_112843.csv,124,0,0,0.45421202196764765,0.4776322723194337,0.0,test,124,15872,16000,31.744055062999905,31.99805540600028
normal_20260823_112843.csv,125,0,0,0.4408651942155564,0.4776322723194337,0.0,test,125,16000,16128,32.0000549690003,32.25405388600029
normal_20260823_112843.csv,126,0,0,0.45209937667985217,0.4776322723194337,0.0,test,126,16128,16256,32.256058299999495,32.51005402999999
normal_20260823_112843.csv,127,0,0,0.4135374785382843,0.4776322723194337,0.0,test,127,16256,16384,32.512054666999575,32.766062785999566
normal_20260823_112843.csv,128,0,0,0.43912373523684506,0.4776322723194337,0.0,test,128,16384,16512,32.768058034000205,33.0220539109996
normal_20260823_112843.csv,129,0,0,0.4555145276263986,0.4776322723194337,0.0,test,129,16512,16640,33.02405449300022,33.27805416699994
normal_20260823_112843.csv,130,0,0,0.44398803656452596,0.4776322723194337,0.0,test,130,16640,16768,33.2800548590003,33.534053976
normal_20260823_112843.csv,131,0,0,0.45241196178726295,0.4776322723194337,0.0,test,131,16768,16896,33.53605729799983,33.79005445100029
normal_20260823_112843.csv,132,0,0,0.4237638886358213,0.4776322723194337,0.0,test,132,16896,17024,33.792055068999616,34.04605451899988
normal_20260823_112843.csv,133,0,0,0.42737208517191294,0.4776322723194337,0.0,test,133,17024,17152,34.048055266999654,34.302053993999834
normal_20260823_112843.csv,134,0,0,0.4360763226266943,0.4776322723194337,0.0,test,134,17152,17280,34.3040545570002,34.55805444899943
normal_20260823_112843.csv,135,0,0,0.4378881434551586,0.4776322723194337,0.0,test,135,17280,17408,34.56005501100026,34.81405399599953
normal_20260823_112843.csv,136,0,0,0.46134953146699564,0.4776322723194337,0.0,test,136,17408,17536,34.81605774399941,35.070054394999715
normal_20260823_112843.csv,137,0,0,0.4509730717065519,0.4776322723194337,0.0,test,137,17536,17664,35.072054235,35.32605807100026
normal_20260823_112843.csv,138,0,0,0.43130512704488316,0.4776322723194337,0.0,test,138,17664,17792,35.328056264000224,35.5820542270003
normal_20260823_112843.csv,139,0,0,0.4514994330515751,0.4776322723194337,0.0,test,139,17792,17920,35.5840550490002,35.8380546239996
normal_20260823_112843.csv,140,0,0,0.419661187062983,0.4776322723194337,0.0,test,140,17920,18048,35.840054852999856,36.09405405799953
normal_20260823_112843.csv,141,0,0,0.44125717980042045,0.4776322723194337,0.0,test,141,18048,18176,36.096059083,36.35005419499976
normal_20260823_112843.csv,142,0,0,0.4282297334105804,0.4776322723194337,0.0,test,142,18176,18304,36.35205486799987,36.60605794099956
normal_20260823_112843.csv,143,0,0,0.4321382168915217,0.4776322723194337,0.0,test,143,18304,18432,36.60805583699948,36.86205392800002
normal_20260823_112843.csv,144,0,0,0.44271891933714835,0.4776322723194337,0.0,test,144,18432,18560,36.86405441700026,37.11805380399983
normal_20260823_112843.csv,145,0,0,0.44749788860822753,0.4776322723194337,0.0,test,145,18560,18688,37.12005433000013,37.37405386399951
normal_20260823_112843.csv,146,0,0,0.4287715122246116,0.4776322723194337,0.0,test,146,18688,18816,37.37605537199943,37.63005384899952
normal_20260823_112843.csv,147,0,0,0.46211784403955825,0.4776322723194337,0.0,test,147,18816,18944,37.6320554670001,37.88605587100028
normal_20260823_112843.csv,148,0,0,0.45925222139173455,0.4776322723194337,0.0,test,148,18944,19072,37.88805508199948,38.14205383700028
normal_20260823_112843.csv,149,0,0,0.4355024379720436,0.4776322723194337,0.0,test,149,19072,19200,38.14405419600007,38.39805382099985
normal_20260823_112843.csv,150,0,0,0.4412130657451744,0.4776322723194337,0.0,test,150,19200,19328,38.40005371699954,38.65405391500008
normal_20260823_112843.csv,151,0,0,0.4397053968007352,0.4776322723194337,0.0,test,151,19328,19456,38.65605918100027,38.91005382299954
normal_20260823_112843.csv,152,0,0,0.4390432081919856,0.4776322723194337,0.0,test,152,19456,19584,38.91205433100004,39.1660583060002
normal_20260823_112843.csv,153,0,0,0.43954162924186474,0.4776322723194337,0.0,test,153,19584,19712,39.16805607199967,39.42205412099975
normal_20260823_112843.csv,154,0,0,0.4279522907687889,0.4776322723194337,0.0,test,154,19712,19840,39.42406175799988,39.67805530500027
normal_20260823_112843.csv,155,0,0,0.44281420733686455,0.4776322723194337,0.0,test,155,19840,19968,39.68005508999977,39.93405391499982
normal_20260823_112843.csv,156,0,0,0.42017469789817763,0.4776322723194337,0.0,test,156,19968,20096,39.93605507000029,40.190054265999606
normal_20260823_112843.csv,157,0,0,0.4296947436043107,0.4776322723194337,0.0,test,157,20096,20224,40.19205512499957,40.44605826299994
normal_20260823_112843.csv,158,0,0,0.4356319098129206,0.4776322723194337,0.0,test,158,20224,20352,40.448055474000284,40.70205401899966
normal_20260823_112843.csv,159,0,0,0.44842283110868514,0.4776322723194337,0.0,test,159,20352,20480,40.7040544700003,40.95805421899968
normal_20260823_112843.csv,160,0,0,0.45197835739995906,0.4776322723194337,0.0,test,160,20480,20608,40.96005422599956,41.21405391999997
normal_20260823_112843.csv,161,0,0,0.43416535068930295,0.4776322723194337,0.0,test,161,20608,20736,41.21605818599983,41.47005400699982
normal_20260823_112843.csv,162,0,0,0.4298303297667952,0.4776322723194337,0.0,test,162,20736,20864,41.4720546439994,41.72605740899962
normal_20260823_112843.csv,163,0,0,0.45697257674976616,0.4776322723194337,0.0,test,163,20864,20992,41.728055509000114,41.98205395900004
normal_20260823_112843.csv,164,0,0,0.43422576263509866,0.4776322723194337,0.0,test,164,20992,21120,41.98405448499943,42.23805448999974
normal_20260823_112843.csv,165,0,0,0.4335856342570378,0.4776322723194337,0.0,test,165,21120,21248,42.24005551600021,42.49405387200022
normal_20260823_112843.csv,166,0,0,0.42761836246534457,0.4776322723194337,0.0,test,166,21248,21376,42.49605632299972,42.75005456799954
normal_20260823_112843.csv,167,0,0,0.4524462299142922,0.4776322723194337,0.0,test,167,21376,21504,42.75205451900001,43.006057763999706
normal_20260823_112843.csv,168,0,0,0.4187766476697131,0.4776322723194337,0.0,test,168,21504,21632,43.00805688199944,43.26205403399945
normal_20260823_112843.csv,169,0,0,0.4593376396500431,0.4776322723194337,0.0,test,169,21632,21760,43.26405481799975,43.5180545610001
normal_20260823_112843.csv,170,0,0,0.44601324317969826,0.4776322723194337,0.0,test,170,21760,21888,43.52005643800021,43.774053903000095
normal_20260823_112843.csv,171,0,0,0.4402304965579574,0.4776322723194337,0.0,test,171,21888,22016,43.77605961300014,44.0300538370002
normal_20260823_112843.csv,172,0,0,0.4570701408766362,0.4776322723194337,0.0,test,172,22016,22144,44.03205434400024,44.286054641999726
normal_20260823_112843.csv,173,0,0,0.43302560794577194,0.4776322723194337,0.0,test,173,22144,22272,44.28805487099999,44.54205418499987
normal_20260823_112843.csv,174,0,0,0.43456530242372776,0.4776322723194337,0.0,test,174,22272,22400,44.54405480300011,44.79805395099993
normal_20260823_112843.csv,175,0,0,0.4377030067765154,0.4776322723194337,0.0,test,175,22400,22528,44.80005916099981,45.05405384599999
normal_20260823_112843.csv,176,0,0,0.4265217662524335,0.4776322723194337,0.0,test,176,22528,22656,45.05605672299953,45.31005422199996
normal_20260823_112843.csv,177,0,0,0.4730320487697108,0.4776322723194337,0.0,test,177,22656,22784,45.31205672899978,45.56605733699962
normal_20260823_112843.csv,178,0,0,0.442603515838036,0.4776322723194337,0.0,test,178,22784,22912,45.5680560109995,45.82205434200023
normal_20260823_112843.csv,179,0,0,0.44428761313777615,0.4776322723194337,0.0,test,179,22912,23040,45.824054755999896,46.07805427099993
normal_20260823_112843.csv,180,0,1,0.4781244572031232,0.4776322723194337,0.0,test,180,23040,23168,46.08005490799951,46.334054219999416
normal_20260823_112843.csv,181,0,0,0.4340788619015358,0.4776322723194337,0.0,test,181,23168,23296,46.33605813400027,46.59005427699958
normal_20260823_112843.csv,182,0,0,0.4409449304363148,0.4776322723194337,0.0,test,182,23296,23424,46.59205459900022,46.84606020499996
normal_20260823_112843.csv,183,0,0,0.4523273052500434,0.4776322723194337,0.0,test,183,23424,23552,46.848058081999625,47.10205403999953
normal_20260823_112843.csv,184,0,0,0.4448082149744042,0.4776322723194337,0.0,test,184,23552,23680,47.10405452800023,47.35805457799961
normal_20260823_112843.csv,185,0,0,0.4409987353040577,0.4776322723194337,0.0,test,185,23680,23808,47.36005695599943,47.61405416999969
normal_20260823_112843.csv,186,0,0,0.43422542164346467,0.4776322723194337,0.0,test,186,23808,23936,47.616057287999865,47.87005391099956
normal_20260823_112843.csv,187,0,0,0.46251993152153015,0.4776322723194337,0.0,test,187,23936,24064,47.87205467700005,48.12605444699966
normal_20260823_112843.csv,188,0,0,0.4263965789423582,0.4776322723194337,0.0,test,188,24064,24192,48.12805489899984,48.382053909000206
normal_20260823_112843.csv,189,0,0,0.42762352238072104,0.4776322723194337,0.0,test,189,24192,24320,48.38405425000019,48.638055110000096
normal_20260823_112843.csv,190,0,0,0.44137133759133745,0.4776322723194337,0.0,test,190,24320,24448,48.64005502500004,48.89405388599971
normal_20260823_112843.csv,191,0,0,0.4438210800020207,0.4776322723194337,0.0,test,191,24448,24576,48.896055799999885,49.15005432699945
normal_20260823_112843.csv,192,0,0,0.4206394634320532,0.4776322723194337,0.0,test,192,24576,24704,49.15205472300022,49.40607084200019
normal_20260823_112843.csv,193,0,0,0.47150191308493505,0.4776322723194337,0.0,test,193,24704,24832,49.40805547899981,49.66205559700029
normal_20260823_112843.csv,194,0,0,0.4458989683953753,0.4776322723194337,0.0,test,194,24832,24960,49.66405410399966,49.918054406999545
normal_20260823_112843.csv,195,0,0,0.44481614117675056,0.4776322723194337,0.0,test,195,24960,25088,49.92005467299987,50.17405397599941
normal_20260823_112843.csv,196,0,0,0.45096426560384567,0.4776322723194337,0.0,test,196,25088,25216,50.17605787199955,50.43005421099952
normal_20260823_112843.csv,197,0,0,0.4686649283009585,0.4776322723194337,0.0,test,197,25216,25344,50.43205477299944,50.68605796300017
normal_20260823_112843.csv,198,0,0,0.44276803048293,0.4776322723194337,0.0,test,198,25344,25472,50.68805693299964,50.9420540860001
normal_20260823_112843.csv,199,0,0,0.4364704393642978,0.4776322723194337,0.0,test,199,25472,25600,50.944054870999935,51.19805470899973
normal_20260823_112843.csv,200,0,0,0.43122124991290306,0.4776322723194337,0.0,test,200,25600,25728,51.20005514100012,51.454053940999984
normal_20260823_112843.csv,201,0,0,0.45345175894073625,0.4776322723194337,0.0,test,201,25728,25856,51.45605678099946,51.71005430199966
normal_20260823_112843.csv,202,0,0,0.4586996416376981,0.4776322723194337,0.0,test,202,25856,25984,51.712054550000175,51.96605446000012
normal_20260823_112843.csv,203,0,0,0.4340596818800035,0.4776322723194337,0.0,test,203,25984,26112,51.96805467000013,52.22205420999944
normal_20260823_112843.csv,204,0,0,0.4265926790486412,0.4776322723194337,0.0,test,204,26112,26240,52.22405480899943,52.47805451400018
normal_20260823_112843.csv,205,0,0,0.4300746589714996,0.4776322723194337,0.0,test,205,26240,26368,52.48005546500008,52.734054224999454
normal_20260823_112843.csv,206,0,0,0.4475306199681374,0.4776322723194337,0.0,test,206,26368,26496,52.73605815799965,52.99005399099951
normal_20260823_112843.csv,207,0,0,0.45252635322504053,0.4776322723194337,0.0,test,207,26496,26624,52.99205488699954,53.24605772099949
normal_20260823_112843.csv,208,0,0,0.4422978404314973,0.4776322723194337,0.0,test,208,26624,26752,53.24805624599958,53.50205394800014
normal_20260823_112843.csv,209,0,0,0.4318759220467248,0.4776322723194337,0.0,test,209,26752,26880,53.50405456599947,53.75805786099954
normal_20260823_112843.csv,210,0,0,0.44858516809719007,0.4776322723194337,0.0,test,210,26880,27008,53.76005534900014,54.01405403199988
normal_20260823_112843.csv,211,0,0,0.41731538965961507,0.4776322723194337,0.0,test,211,27008,27136,54.01605750199997,54.27005414899941
normal_20260823_112843.csv,212,0,0,0.43510056075463593,0.4776322723194337,0.0,test,212,27136,27264,54.27205487799984,54.52605729999959
normal_20260823_112843.csv,213,0,0,0.4509996566243533,0.4776322723194337,0.0,test,213,27264,27392,54.52805580699987,54.782054153999525
normal_20260823_112843.csv,214,0,0,0.42886520085543395,0.4776322723194337,0.0,test,214,27392,27520,54.78405455000029,55.03805386099975
normal_20260823_112843.csv,215,0,0,0.4478973568608429,0.4776322723194337,0.0,test,215,27520,27648,55.04005495999991,55.29405399299958
normal_20260823_112843.csv,216,0,0,0.4214569175780149,0.4776322723194337,0.0,test,216,27648,27776,55.29605507399992,55.55005380900002
normal_20260823_112843.csv,217,0,0,0.45482268087516137,0.4776322723194337,0.0,test,217,27776,27904,55.55205479699998,55.80605743900014
normal_20260823_112843.csv,218,0,0,0.4637157942937873,0.4776322723194337,0.0,test,218,27904,28032,55.808057205000296,56.06205384700024
normal_20260823_112843.csv,219,0,0,0.42167123759527314,0.4776322723194337,0.0,test,219,28032,28160,56.06405452099989,56.31805392200022
normal_20260823_112843.csv,220,0,0,0.44302164485792217,0.4776322723194337,0.0,test,220,28160,28288,56.32005457699961,56.574053956999705
normal_20260823_112843.csv,221,0,0,0.4397116953501905,0.4776322723194337,0.0,test,221,28288,28416,56.57605563099969,56.83005393700023
normal_20260823_112843.csv,222,0,0,0.4689664242778986,0.4776322723194337,0.0,test,222,28416,28544,56.83205457399981,57.086057657999845
normal_20260823_112843.csv,223,0,0,0.4480644510428994,0.4776322723194337,0.0,test,223,28544,28672,57.08805553499951,57.34205393399952
normal_20260823_112843.csv,224,0,0,0.436809154561354,0.4776322723194337,0.0,test,224,28672,28800,57.34405458899983,57.59805515199969
normal_20260823_112843.csv,225,0,0,0.42819267489418167,0.4776322723194337,0.0,test,225,28800,28928,57.60005523299969,57.85405392699977
normal_20260823_112843.csv,226,0,0,0.43769661672832955,0.4776322723194337,0.0,test,226,28928,29056,57.85605639599999,58.110054349000166
normal_20260823_112843.csv,227,0,0,0.4423930974075003,0.4776322723194337,0.0,test,227,29056,29184,58.11205500399956,58.36605508499997
normal_20260823_112843.csv,228,0,0,0.46164141676097364,0.4776322723194337,0.0,test,228,29184,29312,58.36805572199955,58.622054134999416
normal_20260823_112843.csv,229,0,0,0.4569478292257805,0.4776322723194337,0.0,test,229,29312,29440,58.624054881999655,58.878054165999856
normal_20260823_112843.csv,230,0,0,0.44654776987426803,0.4776322723194337,0.0,test,230,29440,29568,58.88005504299963,59.13405421599964
normal_20260823_112843.csv,231,0,0,0.44201341703775315,0.4776322723194337,0.0,test,231,29568,29696,59.13605840800028,59.39005417199951
normal_20260823_112843.csv,232,0,0,0.4326871684922662,0.4776322723194337,0.0,test,232,29696,29824,59.392054863999874,59.646056257000055
normal_20260823_112843.csv,233,0,0,0.4474887273451249,0.4776322723194337,0.0,test,233,29824,29952,59.64805624499968,59.90205387900005
anomaly_20260823_113819.csv,0,1,1,0.6430168466466145,0.4776322723194337,1.0,test,234,0,128,5.370002327254042e-07,0.2540562909998698
anomaly_20260823_113819.csv,1,1,1,0.5758410863330753,0.4776322723194337,1.0,test,235,128,256,0.2560631440001089,0.5100547140000344
anomaly_20260823_113819.csv,2,1,1,0.6036839061177384,0.4776322723194337,1.0,test,236,256,384,0.5120540120005899,0.7660575070003688
anomaly_20260823_113819.csv,3,1,1,0.6268212940143185,0.4776322723194337,1.0,test,237,384,512,0.7680706190003548,1.022057744000449
anomaly_20260823_113819.csv,4,1,1,0.5432490603684671,0.4776322723194337,1.0,test,238,512,640,1.024054301000433,1.2780567950003388
anomaly_20260823_113819.csv,5,1,1,0.5455696224939953,0.4776322723194337,1.0,test,239,640,768,1.280054093000217,1.5340550139999325
anomaly_20260823_113819.csv,6,1,1,0.5695886213429144,0.4776322723194337,1.0,test,240,768,896,1.5360544960003608,1.7900549539999702
anomaly_20260823_113819.csv,7,1,1,0.5664523025678775,0.4776322723194337,1.0,test,241,896,1024,1.7920541960002083,2.046058875000199
anomaly_20260823_113819.csv,8,1,1,0.5650280021002788,0.4776322723194337,1.0,test,242,1024,1152,2.048054580000098,2.302054685000257
anomaly_20260823_113819.csv,9,1,0,0.4553603904792847,0.4776322723194337,1.0,test,243,1152,1280,2.30405394599984,2.558056495000528
anomaly_20260823_113819.csv,10,1,0,0.4557563169855435,0.4776322723194337,1.0,test,244,1280,1408,2.560054219000449,2.814055157000439
anomaly_20260823_113819.csv,11,1,1,0.5351693885444383,0.4776322723194337,1.0,test,245,1408,1536,2.8160582509999585,3.070055447999948
anomaly_20260823_113819.csv,12,1,1,0.6353894942650291,0.4776322723194337,1.0,test,246,1536,1664,3.072054615000525,3.3260571090004305
anomaly_20260823_113819.csv,13,1,1,0.6456200872471384,0.4776322723194337,1.0,test,247,1664,1792,3.3280581650005843,3.5820551960005105
anomaly_20260823_113819.csv,14,1,1,0.7089381630555883,0.4776322723194337,1.0,test,248,1792,1920,3.584054140999797,3.8380559120005273
anomaly_20260823_113819.csv,15,1,1,0.703747702379556,0.4776322723194337,1.0,test,249,1920,2048,3.8400542099998334,4.0940546649999305
anomaly_20260823_113819.csv,16,1,1,0.6874279674735071,0.4776322723194337,1.0,test,250,2048,2176,4.096057665999979,4.350054844000624
anomaly_20260823_113819.csv,17,1,1,0.5833638304673777,0.4776322723194337,1.0,test,251,2176,2304,4.352053845000228,4.606058152000514
anomaly_20260823_113819.csv,18,1,1,0.5033259379909263,0.4776322723194337,1.0,test,252,2304,2432,4.608054467999864,4.862055145999875
anomaly_20260823_113819.csv,19,1,1,0.5623229832343998,0.4776322723194337,1.0,test,253,2432,2560,4.864054202000261,5.118056027000421
anomaly_20260823_113819.csv,20,1,1,0.6204509610908742,0.4776322723194337,1.0,test,254,2560,2688,5.12005404699994,5.3740548719997605
anomaly_20260823_113819.csv,21,1,1,0.6518733295941181,0.4776322723194337,1.0,test,255,2688,2816,5.376056836000316,5.630055198000264
anomaly_20260823_113819.csv,22,1,1,0.640140915286184,0.4776322723194337,1.0,test,256,2816,2944,5.632054181000058,5.8860584869999
anomaly_20260823_113819.csv,23,1,1,0.647443895492122,0.4776322723194337,1.0,test,257,2944,3072,5.888054451000244,6.142054368000572
anomaly_20260823_113819.csv,24,1,1,0.6500797525649566,0.4776322723194337,1.0,test,258,3072,3200,6.144054184000197,6.398055063999891
anomaly_20260823_113819.csv,25,1,1,0.6529978302539321,0.4776322723194337,1.0,test,259,3200,3328,6.400054010000531,6.654055445000267
anomaly_20260823_113819.csv,26,1,1,0.6491089142988913,0.4776322723194337,1.0,test,260,3328,3456,6.656055835000188,6.910054769999988
anomaly_20260823_113819.csv,27,1,1,0.6493665734324919,0.4776322723194337,1.0,test,261,3456,3584,6.912053918999845,7.166065020000133
anomaly_20260823_113819.csv,28,1,1,0.6668434788646317,0.4776322723194337,1.0,test,262,3584,3712,7.168056002999947,7.422053086000233
anomaly_20260823_113819.csv,29,1,1,0.6676917178510471,0.4776322723194337,1.0,test,263,3712,3840,7.424052920000577,7.678053614000419
anomaly_20260823_113819.csv,30,1,1,0.6675175195422195,0.4776322723194337,1.0,test,264,3840,3968,7.680052634000276,7.93405317900033
anomaly_20260823_113819.csv,31,1,1,0.6797010298654701,0.4776322723194337,1.0,test,265,3968,4096,7.93605284700061,8.190052984000431
anomaly_20260823_113819.csv,32,1,1,0.6752938756612505,0.4776322723194337,1.0,test,266,4096,4224,8.192052651999802,8.446053605000088
anomaly_20260823_113819.csv,33,1,1,0.6850903641670562,0.4776322723194337,1.0,test,267,4224,4352,8.448052550000284,8.702053095000338
anomaly_20260823_113819.csv,34,1,1,0.6837116998403732,0.4776322723194337,1.0,test,268,4352,4480,8.70405259600011,8.958053418000418
anomaly_20260823_113819.csv,35,1,1,0.6678753667518889,0.4776322723194337,1.0,test,269,4480,4608,8.960052604999873,9.214053186000456
anomaly_20260823_113819.csv,36,1,1,0.6655630338772298,0.4776322723194337,1.0,test,270,4608,4736,9.216052816999763,9.470053064999776
anomaly_20260823_113819.csv,37,1,1,0.5299813544850587,0.4776322723194337,1.0,test,271,4736,4864,9.47205260300052,9.726054536000447
anomaly_20260823_113819.csv,38,1,1,0.6171511609285061,0.4776322723194337,1.0,test,272,4864,4992,9.728052573999776,9.982053266000548
anomaly_20260823_113819.csv,39,1,1,0.6301096030476452,0.4776322723194337,1.0,test,273,4992,5120,9.984052599999814,10.238054403000206
anomaly_20260823_113819.csv,40,1,1,0.6453109066322941,0.4776322723194337,1.0,test,274,5120,5248,10.240052699999978,10.494052596000074
anomaly_20260823_113819.csv,41,1,1,0.6329364716982839,0.4776322723194337,1.0,test,275,5248,5376,10.496052782000334,10.750053177000154
anomaly_20260823_113819.csv,42,1,1,0.6728514301554591,0.4776322723194337,1.0,test,276,5376,5504,10.752052771000308,11.006053906000488
anomaly_20260823_113819.csv,43,1,1,0.6660468651466179,0.4776322723194337,1.0,test,277,5504,5632,11.008052592999777,11.262053024000124
anomaly_20260823_113819.csv,44,1,1,0.6702857371106519,0.4776322723194337,1.0,test,278,5632,5760,11.264052581000216,11.51806410500012
anomaly_20260823_113819.csv,45,1,1,0.6508797188245197,0.4776322723194337,1.0,test,279,5760,5888,11.520054458000232,11.774053019000348
anomaly_20260823_113819.csv,46,1,1,0.6668553543941917,0.4776322723194337,1.0,test,280,5888,6016,11.77605289100029,12.030053247000067
anomaly_20260823_113819.csv,47,1,1,0.6403944170564515,0.4776322723194337,1.0,test,281,6016,6144,12.032052618999842,12.28605551200053
anomaly_20260823_113819.csv,48,1,1,0.6504379247837789,0.4776322723194337,1.0,test,282,6144,6272,12.288054143000409,12.542054593000104
anomaly_20260823_113819.csv,49,1,1,0.6567910725144045,0.4776322723194337,1.0,test,283,6272,6400,12.544054038000468,12.79805500600014
anomaly_20260823_113819.csv,50,1,1,0.6513307592168842,0.4776322723194337,1.0,test,284,6400,6528,12.800053803000084,13.054054344000178
anomaly_20260823_113819.csv,51,1,1,0.6239778290738957,0.4776322723194337,1.0,test,285,6528,6656,13.056054957000017,13.310055257000386
anomaly_20260823_113819.csv,52,1,1,0.6293734686825586,0.4776322723194337,1.0,test,286,6656,6784,13.312053925000328,13.56605613300053
anomaly_20260823_113819.csv,53,1,1,0.7041917530754616,0.4776322723194337,1.0,test,287,6784,6912,13.568053949000388,13.822054600999763
anomaly_20260823_113819.csv,54,1,1,0.680273378763758,0.4776322723194337,1.0,test,288,6912,7040,13.824053880000063,14.078054735000478
anomaly_20260823_113819.csv,55,1,1,0.6466711632060621,0.4776322723194337,1.0,test,289,7040,7168,14.080055272999743,14.334054257999924
anomaly_20260823_113819.csv,56,1,1,0.7170948523137751,0.4776322723194337,1.0,test,290,7168,7296,14.336055796000435,14.590054688000237
anomaly_20260823_113819.csv,57,1,1,0.6352473184510586,0.4776322723194337,1.0,test,291,7296,7424,14.592053930000477,14.846061637000275
anomaly_20260823_113819.csv,58,1,1,0.6512750061471114,0.4776322723194337,1.0,test,292,7424,7552,14.84805587899973,15.102054752000186
anomaly_20260823_113819.csv,59,1,1,0.6639923763022604,0.4776322723194337,1.0,test,293,7552,7680,15.10405388199979,15.358059236999908
anomaly_20260823_113819.csv,60,1,1,0.6460632266565132,0.4776322723194337,1.0,test,294,7680,7808,15.360054997000589,15.614054796000346
anomaly_20260823_113819.csv,61,1,1,0.6471414485258437,0.4776322723194337,1.0,test,295,7808,7936,15.616054482000436,15.870054799000172
anomaly_20260823_113819.csv,62,1,1,0.6743518259533002,0.4776322723194337,1.0,test,296,7936,8064,15.87205391200041,16.12606130200038
anomaly_20260823_113819.csv,63,1,1,0.6734931202990402,0.4776322723194337,1.0,test,297,8064,8192,16.128058154999962,16.382054675999825
anomaly_20260823_113819.csv,64,1,1,0.6895927585279468,0.4776322723194337,1.0,test,298,8192,8320,16.384053935999873,16.63805579000018
anomaly_20260823_113819.csv,65,1,1,0.6769920116969638,0.4776322723194337,1.0,test,299,8320,8448,16.640054309000334,16.894054811000387
anomaly_20260823_113819.csv,66,1,1,0.661529825750335,0.4776322723194337,1.0,test,300,8448,8576,16.89605773800031,17.15005701700011
anomaly_20260823_113819.csv,67,1,1,0.6656208060515482,0.4776322723194337,1.0,test,301,8576,8704,17.15205427700039,17.406060000000252
anomaly_20260823_113819.csv,68,1,1,0.6279088653641258,0.4776322723194337,1.0,test,302,8704,8832,17.40805426099996,17.66205478000029
anomaly_20260823_113819.csv,69,1,1,0.6403028955578198,0.4776322723194337,1.0,test,303,8832,8960,17.664053911000337,17.918055430000095
anomaly_20260823_113819.csv,70,1,1,0.6745563194696791,0.4776322723194337,1.0,test,304,8960,9088,17.920053968000502,18.174055616999794
anomaly_20260823_113819.csv,71,1,1,0.6482540009794782,0.4776322723194337,1.0,test,305,9088,9216,18.17605658100001,18.43005478499981
anomaly_20260823_113819.csv,72,1,1,0.6693285738537337,0.4776322723194337,1.0,test,306,9216,9344,18.43205393400057,18.686058194
anomaly_20260823_113819.csv,73,1,1,0.649681228578378,0.4776322723194337,1.0,test,307,9344,9472,18.68805439800053,18.94205482400048
anomaly_20260823_113819.csv,74,1,1,0.6738878787606856,0.4776322723194337,1.0,test,308,9472,9600,18.944053844000337,19.19805569500022
anomaly_20260823_113819.csv,75,1,1,0.6443293909711807,0.4776322723194337,1.0,test,309,9600,9728,19.20005393700012,19.45405491800011
anomaly_20260823_113819.csv,76,1,1,0.6588729575728687,0.4776322723194337,1.0,test,310,9728,9856,19.45605753000018,19.710054936999768
anomaly_20260823_113819.csv,77,1,1,0.6728308532933737,0.4776322723194337,1.0,test,311,9856,9984,19.71205419800026,19.96605823400023
anomaly_20260823_113819.csv,78,1,1,0.6524387860652415,0.4776322723194337,1.0,test,312,9984,10112,19.968054087000382,20.22205773299993
anomaly_20260823_113819.csv,79,1,1,0.5677519436660701,0.4776322723194337,1.0,test,313,10112,10240,20.224053826999807,20.47805515900017
anomaly_20260823_113819.csv,80,1,1,0.5308531409740412,0.4776322723194337,1.0,test,314,10240,10368,20.4800539200005,20.73405465900032
anomaly_20260823_113819.csv,81,1,1,0.5338676955267496,0.4776322723194337,1.0,test,315,10368,10496,20.736058344999947,20.990055066000423
anomaly_20260823_113819.csv,82,1,1,0.5711938554578871,0.4776322723194337,1.0,test,316,10496,10624,20.99205414100016,21.24605754599997
anomaly_20260823_113819.csv,83,1,1,0.6582445380124912,0.4776322723194337,1.0,test,317,10624,10752,21.248053991999768,21.502056009000626
anomaly_20260823_113819.csv,84,1,1,0.6055900286928441,0.4776322723194337,1.0,test,318,10752,10880,21.50405404699996,21.758055952000177
anomaly_20260823_113819.csv,85,1,1,0.5836378153449112,0.4776322723194337,1.0,test,319,10880,11008,21.7600542500004,22.014054469000257
anomaly_20260823_113819.csv,86,1,1,0.5921596196398007,0.4776322723194337,1.0,test,320,11008,11136,22.01605800700053,22.27005617099985
anomaly_20260823_113819.csv,87,1,1,0.5996635137675842,0.4776322723194337,1.0,test,321,11136,11264,22.2720539689999,22.52605568800027
anomaly_20260823_113819.csv,88,1,1,0.6480545185375223,0.4776322723194337,1.0,test,322,11264,11392,22.528053910999915,22.782054760999927
anomaly_20260823_113819.csv,89,1,1,0.6796671050726364,0.4776322723194337,1.0,test,323,11392,11520,22.784055076000183,23.03805546200056
anomaly_20260823_113819.csv,90,1,1,0.6387154248104187,0.4776322723194337,1.0,test,324,11520,11648,23.04005400000005,23.294054460000552
anomaly_20260823_113819.csv,91,1,1,0.6323387441161453,0.4776322723194337,1.0,test,325,11648,11776,23.29605457199977,23.55005534600059
anomaly_20260823_113819.csv,92,1,1,0.6410916354224911,0.4776322723194337,1.0,test,326,11776,11904,23.5520543470002,23.806059547000583
anomaly_20260823_113819.csv,93,1,1,0.6750768438010942,0.4776322723194337,1.0,test,327,11904,12032,23.80805445599981,24.062055043999862
anomaly_20260823_113819.csv,94,1,1,0.6849813563857884,0.4776322723194337,1.0,test,328,12032,12160,24.064054211999974,24.31805518900001
anomaly_20260823_113819.csv,95,1,1,0.6758521915725302,0.4776322723194337,1.0,test,329,12160,12288,24.32005396800014,24.57405494500017
anomaly_20260823_113819.csv,96,1,1,0.6769375798530214,0.4776322723194337,1.0,test,330,12288,12416,24.57605816900013,24.83005516400044
anomaly_20260823_113819.csv,97,1,1,0.6458999774791525,0.4776322723194337,1.0,test,331,12416,12544,24.83205420200011,25.08607430899974
anomaly_20260823_113819.csv,98,1,1,0.6736706802309228,0.4776322723194337,1.0,test,332,12544,12672,25.088054236000065,25.342054675000327
anomaly_20260823_113819.csv,99,1,1,0.643699425706644,0.4776322723194337,1.0,test,333,12672,12800,25.34405401000004,25.59805591199984
anomaly_20260823_113819.csv,100,1,1,0.6274235940807251,0.4776322723194337,1.0,test,334,12800,12928,25.600054227999863,25.85405616699973
anomaly_20260823_113819.csv,101,1,1,0.6894331929558897,0.4776322723194337,1.0,test,335,12928,13056,25.8560579089999,26.110054663000483
anomaly_20260823_113819.csv,102,1,1,0.6840132727282392,0.4776322723194337,1.0,test,336,13056,13184,26.112053996999748,26.36607182500029
anomaly_20260823_113819.csv,103,1,1,0.6787929961021594,0.4776322723194337,1.0,test,337,13184,13312,26.368058085000484,26.622054709000626
anomaly_20260823_113819.csv,104,1,1,0.6745191111948531,0.4776322723194337,1.0,test,338,13312,13440,26.624053876999824,26.878056223000385
anomaly_20260823_113819.csv,105,1,1,0.6694855275966737,0.4776322723194337,1.0,test,339,13440,13568,26.880054371999904,27.13405549500021
anomaly_20260823_113819.csv,106,1,1,0.6738892658812747,0.4776322723194337,1.0,test,340,13568,13696,27.13606240399986,27.39005478600029
anomaly_20260823_113819.csv,107,1,1,0.6714447260501594,0.4776322723194337,1.0,test,341,13696,13824,27.39205388000028,27.646055447000435
anomaly_20260823_113819.csv,108,1,1,0.6360330933265056,0.4776322723194337,1.0,test,342,13824,13952,27.648054226000568,27.90205523799977
anomaly_20260823_113819.csv,109,1,1,0.6512373542044757,0.4776322723194337,1.0,test,343,13952,14080,27.904054220000035,28.158056880000004
anomaly_20260823_113819.csv,110,1,1,0.6499384702388596,0.4776322723194337,1.0,test,344,14080,14208,28.160054159000538,28.41405461500017
anomaly_20260823_113819.csv,111,1,1,0.6732981586105353,0.4776322723194337,1.0,test,345,14208,14336,28.41605735600024,28.670055034000143
anomaly_20260823_113819.csv,112,1,1,0.6684700443869039,0.4776322723194337,1.0,test,346,14336,14464,28.672054480000043,28.92605565699978
anomaly_20260823_113819.csv,113,1,1,0.6691779444070669,0.4776322723194337,1.0,test,347,14464,14592,28.928053899000588,29.182055150999982
anomaly_20260823_113819.csv,114,1,1,0.6118278736244215,0.4776322723194337,1.0,test,348,14592,14720,29.18406205900009,29.438055661999897
anomaly_20260823_113819.csv,115,1,1,0.6074357025788669,0.4776322723194337,1.0,test,349,14720,14848,29.44005394099986,29.69405534100042
anomaly_20260823_113819.csv,116,1,1,0.626990681092893,0.4776322723194337,1.0,test,350,14848,14976,29.69606189700061,29.9500551480005
anomaly_20260823_113819.csv,117,1,1,0.6427981390181781,0.4776322723194337,1.0,test,351,14976,15104,29.952053926999724,30.20605777000037
anomaly_20260823_113819.csv,118,1,1,0.6741898036154391,0.4776322723194337,1.0,test,352,15104,15232,30.2080543080001,30.46205563300009
anomaly_20260823_113819.csv,119,1,1,0.5877199344389753,0.4776322723194337,1.0,test,353,15232,15360,30.46405398600018,30.71805519999998
anomaly_20260823_113819.csv,120,1,1,0.6208474760729245,0.4776322723194337,1.0,test,354,15360,15488,30.72005407100005,30.97405450600036
anomaly_20260823_113819.csv,121,1,1,0.6104711643564543,0.4776322723194337,1.0,test,355,15488,15616,30.976057562999813,31.230055516
anomaly_20260823_113819.csv,122,1,1,0.6536569248582517,0.4776322723194337,1.0,test,356,15616,15744,31.232053906000147,31.48605747100009
anomaly_20260823_113819.csv,123,1,1,0.6153302668685666,0.4776322723194337,1.0,test,357,15744,15872,31.488054417000058,31.7420544810002
anomaly_20260823_113819.csv,124,1,1,0.6252212405640291,0.4776322723194337,1.0,test,358,15872,16000,31.74405396400016,31.998055435000424
anomaly_20260823_113819.csv,125,1,1,0.6206484246610743,0.4776322723194337,1.0,test,359,16000,16128,32.000053898999795,32.25405472300008
anomaly_20260823_113819.csv,126,1,1,0.6211122646261997,0.4776322723194337,1.0,test,360,16128,16256,32.25606014999994,32.51005447300031
anomaly_20260823_113819.csv,127,1,1,0.5927682802855136,0.4776322723194337,1.0,test,361,16256,16384,32.51205388100061,32.76605774100062
anomaly_20260823_113819.csv,128,1,1,0.6253963351946766,0.4776322723194337,1.0,test,362,16384,16512,32.76805439100008,33.02205526899979
anomaly_20260823_113819.csv,129,1,1,0.6295450913211154,0.4776322723194337,1.0,test,363,16512,16640,33.0240539360002,33.27805648100002
anomaly_20260823_113819.csv,130,1,1,0.6279642696303643,0.4776322723194337,1.0,test,364,16640,16768,33.28005400100028,33.53405458199995
anomaly_20260823_113819.csv,131,1,1,0.585592440404805,0.4776322723194337,1.0,test,365,16768,16896,33.53605782399973,33.79005460999997
anomaly_20260823_113819.csv,132,1,1,0.6288679848039819,0.4776322723194337,1.0,test,366,16896,17024,33.792053944000145,34.04605367299973
anomaly_20260823_113819.csv,133,1,1,0.6454388098934664,0.4776322723194337,1.0,test,367,17024,17152,34.04805291499997,34.30205307000051
anomaly_20260823_113819.csv,134,1,1,0.6668500500228511,0.4776322723194337,1.0,test,368,17152,17280,34.30405260800035,34.55805383700044
anomaly_20260823_113819.csv,135,1,1,0.6470446358542244,0.4776322723194337,1.0,test,369,17280,17408,34.56005274600011,34.81405302999974
anomaly_20260823_113819.csv,136,1,1,0.6236363135820167,0.4776322723194337,1.0,test,370,17408,17536,34.81605506899996,35.07005335299982
anomaly_20260823_113819.csv,137,1,1,0.6410360903546596,0.4776322723194337,1.0,test,371,17536,17664,35.07205263100059,35.32605685999988
anomaly_20260823_113819.csv,138,1,1,0.6173327970728169,0.4776322723194337,1.0,test,372,17664,17792,35.32805358299993,35.58205284900032
anomaly_20260823_113819.csv,139,1,1,0.6300377250052707,0.4776322723194337,1.0,test,373,17792,17920,35.584052905000135,35.83805381900038
anomaly_20260823_113819.csv,140,1,1,0.6315711438436892,0.4776322723194337,1.0,test,374,17920,18048,35.84005267199973,36.09405336200052
anomaly_20260823_113819.csv,141,1,1,0.6580183204652936,0.4776322723194337,1.0,test,375,18048,18176,36.096055066999725,36.350053443000434
anomaly_20260823_113819.csv,142,1,1,0.619518015320892,0.4776322723194337,1.0,test,376,18176,18304,36.35205268499976,36.60605406000013
anomaly_20260823_113819.csv,143,1,1,0.6401985559437889,0.4776322723194337,1.0,test,377,18304,18432,36.60805263600014,36.86205291900024
anomaly_20260823_113819.csv,144,1,1,0.6454124503146739,0.4776322723194337,1.0,test,378,18432,18560,36.86405262300013,37.11805694299983
anomaly_20260823_113819.csv,145,1,1,0.6207672196029199,0.4776322723194337,1.0,test,379,18560,18688,37.12005362899981,37.37405524499991
anomaly_20260823_113819.csv,146,1,1,0.5433244625882446,0.4776322723194337,1.0,test,380,18688,18816,37.37605504200019,37.63005341700045
anomaly_20260823_113819.csv,147,1,1,0.5179129184133785,0.4776322723194337,1.0,test,381,18816,18944,37.632052695999846,37.88605499700043
anomaly_20260823_113819.csv,148,1,1,0.5133913653154669,0.4776322723194337,1.0,test,382,18944,19072,37.88805279400003,38.14205261300049
anomaly_20260823_113819.csv,149,1,1,0.5645656757696345,0.4776322723194337,1.0,test,383,19072,19200,38.14405281800009,38.39805387800061
anomaly_20260823_113819.csv,150,1,1,0.6345232767356592,0.4776322723194337,1.0,test,384,19200,19328,38.40005274899977,38.65405342000031
anomaly_20260823_113819.csv,151,1,1,0.649025099888871,0.4776322723194337,1.0,test,385,19328,19456,38.65605280999989,38.91005312800007
anomaly_20260823_113819.csv,152,1,1,0.5760006331635141,0.4776322723194337,1.0,test,386,19456,19584,38.91205266599991,39.1660635950002
anomaly_20260823_113819.csv,153,1,1,0.5683175181272954,0.4776322723194337,1.0,test,387,19584,19712,39.16805637400012,39.42205428499983
anomaly_20260823_113819.csv,154,1,1,0.620124580759053,0.4776322723194337,1.0,test,388,19712,19840,39.42405415600024,39.67805582599976
anomaly_20260823_113819.csv,155,1,1,0.6028757941385295,0.4776322723194337,1.0,test,389,19840,19968,39.68005440100024,39.93405455199991
anomaly_20260823_113819.csv,156,1,1,0.5527809121840243,0.4776322723194337,1.0,test,390,19968,20096,39.93605875699996,40.190055351999945
anomaly_20260823_113819.csv,157,1,1,0.5464189803356393,0.4776322723194337,1.0,test,391,20096,20224,40.192054298000585,40.44605526299984
anomaly_20260823_113819.csv,158,1,1,0.5596618800611232,0.4776322723194337,1.0,test,392,20224,20352,40.44805393099978,40.702069674000086
anomaly_20260823_113819.csv,159,1,1,0.5734763915223431,0.4776322723194337,1.0,test,393,20352,20480,40.704054324000026,40.95805597399976
anomaly_20260823_113819.csv,160,1,1,0.6263946566821637,0.4776322723194337,1.0,test,394,20480,20608,40.960054271000445,41.21405458800018
anomaly_20260823_113819.csv,161,1,1,0.6432029302543962,0.4776322723194337,1.0,test,395,20608,20736,41.21605770000042,41.47005475700007
anomaly_20260823_113819.csv,162,1,1,0.6546012977390728,0.4776322723194337,1.0,test,396,20736,20864,41.47205409199978,41.72605800099973
anomaly_20260823_113819.csv,163,1,1,0.6048299977688737,0.4776322723194337,1.0,test,397,20864,20992,41.7280543349998,41.98205476299973
anomaly_20260823_113819.csv,164,1,1,0.6315852630096654,0.4776322723194337,1.0,test,398,20992,21120,41.98405420800009,42.23805654300031
anomaly_20260823_113819.csv,165,1,1,0.6023586138739013,0.4776322723194337,1.0,test,399,21120,21248,42.24005426599979,42.49405471099999
anomaly_20260823_113819.csv,166,1,1,0.5957144575728853,0.4776322723194337,1.0,test,400,21248,21376,42.4960576200001,42.750055121000514
anomaly_20260823_113819.csv,167,1,1,0.5891403127429635,0.4776322723194337,1.0,test,401,21376,21504,42.75205436299984,43.00605641899983
anomaly_20260823_113819.csv,168,1,1,0.625104954309936,0.4776322723194337,1.0,test,402,21504,21632,43.008054198000536,43.26205503100027
anomaly_20260823_113819.csv,169,1,1,0.6536287840349494,0.4776322723194337,1.0,test,403,21632,21760,43.264053977,43.51805732899993
anomaly_20260823_113819.csv,170,1,1,0.6522818948137461,0.4776322723194337,1.0,test,404,21760,21888,43.52005558900055,43.77405505299976
anomaly_20260823_113819.csv,171,1,1,0.6458965580643745,0.4776322723194337,1.0,test,405,21888,22016,43.77605840599972,44.03005518300051
anomaly_20260823_113819.csv,172,1,1,0.6643163437262563,0.4776322723194337,1.0,test,406,22016,22144,44.03205414700005,44.28605586899994
anomaly_20260823_113819.csv,173,1,1,0.6448817506032872,0.4776322723194337,1.0,test,407,22144,22272,44.288053889000366,44.54205868500048
anomaly_20260823_113819.csv,174,1,1,0.563723937590426,0.4776322723194337,1.0,test,408,22272,22400,44.54405572300038,44.798055222000585
anomaly_20260823_113819.csv,175,1,1,0.5188510873695644,0.4776322723194337,1.0,test,409,22400,22528,44.800054112,45.05405494499973
anomaly_20260823_113819.csv,176,1,1,0.5615385788578546,0.4776322723194337,1.0,test,410,22528,22656,45.05605461200048,45.31005481500051
anomaly_20260823_113819.csv,177,1,1,0.6323259671024405,0.4776322723194337,1.0,test,411,22656,22784,45.312053983000624,45.56605746300011
anomaly_20260823_113819.csv,178,1,1,0.6769527676459314,0.4776322723194337,1.0,test,412,22784,22912,45.56805422300022,45.82205501800036
anomaly_20260823_113819.csv,179,1,1,0.5365182010553244,0.4776322723194337,1.0,test,413,22912,23040,45.82405422300053,46.07805412900052
anomaly_20260823_113819.csv,180,1,1,0.49132487606267494,0.4776322723194337,1.0,test,414,23040,23168,46.08006179699987,46.334054701999776
anomaly_20260823_113819.csv,181,1,1,0.5440709515102031,0.4776322723194337,1.0,test,415,23168,23296,46.33605611100029,46.590055516000575
anomaly_20260823_113819.csv,182,1,1,0.6460904845634559,0.4776322723194337,1.0,test,416,23296,23424,46.592054239999925,46.84605790400019
anomaly_20260823_113819.csv,183,1,1,0.6773429637926905,0.4776322723194337,1.0,test,417,23424,23552,46.84805410900026,47.10205501400014
anomaly_20260823_113819.csv,184,1,1,0.6497247149438655,0.4776322723194337,1.0,test,418,23552,23680,47.10405395900034,47.358061124000415
anomaly_20260823_113819.csv,185,1,1,0.516037570728701,0.4776322723194337,1.0,test,419,23680,23808,47.360055365000335,47.61405477000062
anomaly_20260823_113819.csv,186,1,0,0.4525531410000748,0.4776322723194337,1.0,test,420,23808,23936,47.6160574380001,47.87005506500009
anomaly_20260823_113819.csv,187,1,1,0.5069601724474192,0.4776322723194337,1.0,test,421,23936,24064,47.87205399200048,48.12605626700042
anomaly_20260823_113819.csv,188,1,1,0.6190014427781716,0.4776322723194337,1.0,test,422,24064,24192,48.1280721940002,48.38205463499981
anomaly_20260823_113819.csv,189,1,1,0.6229363491951623,0.4776322723194337,1.0,test,423,24192,24320,48.38405398800023,48.63805557700016
anomaly_20260823_113819.csv,190,1,1,0.6435540059595432,0.4776322723194337,1.0,test,424,24320,24448,48.640054282000165,48.89405520400032
anomaly_20260823_113819.csv,191,1,1,0.644012855858781,0.4776322723194337,1.0,test,425,24448,24576,48.89605826099978,49.15005566400032
anomaly_20260823_113819.csv,192,1,1,0.6423481587614405,0.4776322723194337,1.0,test,426,24576,24704,49.15205396200054,49.406055901999935
anomaly_20260823_113819.csv,193,1,1,0.6499612440449449,0.4776322723194337,1.0,test,427,24704,24832,49.408053959000426,49.66205499199987
anomaly_20260823_113819.csv,194,1,1,0.6217687723104509,0.4776322723194337,1.0,test,428,24832,24960,49.66405417799979,49.91805558099986
anomaly_20260823_113819.csv,195,1,1,0.5557756469735583,0.4776322723194337,1.0,test,429,24960,25088,49.92005443400012,50.17405494800005
anomaly_20260823_113819.csv,196,1,1,0.598765287278173,0.4776322723194337,1.0,test,430,25088,25216,50.17605678300061,50.43005477800034
anomaly_20260823_113819.csv,197,1,1,0.5519585624612734,0.4776322723194337,1.0,test,431,25216,25344,50.4320539270002,50.686058496999976
anomaly_20260823_113819.csv,198,1,1,0.4972280462810731,0.4776322723194337,1.0,test,432,25344,25472,50.68805447900013,50.942054900000585
anomaly_20260823_113819.csv,199,1,1,0.5083583100317333,0.4776322723194337,1.0,test,433,25472,25600,50.94408919699981,51.19805650699982
anomaly_20260823_113819.csv,200,1,1,0.5174414624622713,0.4776322723194337,1.0,test,434,25600,25728,51.200054452000586,51.45405463200041
anomaly_20260823_113819.csv,201,1,1,0.5989523477781655,0.4776322723194337,1.0,test,435,25728,25856,51.456057725999926,51.71005510899977
anomaly_20260823_113819.csv,202,1,1,0.5295911693438611,0.4776322723194337,1.0,test,436,25856,25984,51.71205437000026,51.96605775300032
anomaly_20260823_113819.csv,203,1,1,0.5431067127404301,0.4776322723194337,1.0,test,437,25984,26112,51.96805419800057,52.222054822000246
anomaly_20260823_113819.csv,204,1,1,0.5203865414249822,0.4776322723194337,1.0,test,438,26112,26240,52.2240539710001,52.47805566900024
anomaly_20260823_113819.csv,205,1,1,0.5261924661482424,0.4776322723194337,1.0,test,439,26240,26368,52.48005387300054,52.73405468200053
anomaly_20260823_113819.csv,206,1,1,0.5538490073060428,0.4776322723194337,1.0,test,440,26368,26496,52.736058090999904,52.99005556600059
anomaly_20260823_113819.csv,207,1,1,0.582966942934276,0.4776322723194337,1.0,test,441,26496,26624,52.99205436300053,53.246061689999806
anomaly_20260823_113819.csv,208,1,1,0.6086572349287962,0.4776322723194337,1.0,test,442,26624,26752,53.24805533900053,53.50205472100061
anomaly_20260823_113819.csv,209,1,1,0.6526400932385794,0.4776322723194337,1.0,test,443,26752,26880,53.50405387000046,53.75806914100031
anomaly_20260823_113819.csv,210,1,1,0.6567792403544266,0.4776322723194337,1.0,test,444,26880,27008,53.76005428999997,54.014054893999855
anomaly_20260823_113819.csv,211,1,1,0.6530641060350272,0.4776322723194337,1.0,test,445,27008,27136,54.01605739499973,54.27005536900015
anomaly_20260823_113819.csv,212,1,1,0.6582108070304943,0.4776322723194337,1.0,test,446,27136,27264,54.27205398099977,54.52605523300008
anomaly_20260823_113819.csv,213,1,1,0.6466084842983473,0.4776322723194337,1.0,test,447,27264,27392,54.52805399299996,54.78205455999978
anomaly_20260823_113819.csv,214,1,1,0.6583006754224836,0.4776322723194337,1.0,test,448,27392,27520,54.78405395000027,55.03805605300022
anomaly_20260823_113819.csv,215,1,1,0.6504651287355324,0.4776322723194337,1.0,test,449,27520,27648,55.04005453500031,55.29405543499979
anomaly_20260823_113819.csv,216,1,1,0.6531587844012177,0.4776322723194337,1.0,test,450,27648,27776,55.29605758399976,55.55005455700029
anomaly_20260823_113819.csv,217,1,1,0.6473629217069545,0.4776322723194337,1.0,test,451,27776,27904,55.55205390999981,55.80605767999987
anomaly_20260823_113819.csv,218,1,1,0.6455543149557643,0.4776322723194337,1.0,test,452,27904,28032,55.80805410700032,56.06205491299988
anomaly_20260823_113819.csv,219,1,1,0.6275815743571652,0.4776322723194337,1.0,test,453,28032,28160,56.06405415400059,56.31805560900011
anomaly_20260823_113819.csv,220,1,1,0.4919267052889427,0.4776322723194337,1.0,test,454,28160,28288,56.32005405400014,56.57405387900053
anomaly_20260823_113819.csv,221,1,1,0.594698691314469,0.4776322723194337,1.0,test,455,28288,28416,56.576057676000346,56.83005525899989
anomaly_20260823_113819.csv,222,1,1,0.6319295616493402,0.4776322723194337,1.0,test,456,28416,28544,56.8320542420006,57.0860595840004
anomaly_20260823_113819.csv,223,1,1,0.6555764014665236,0.4776322723194337,1.0,test,457,28544,28672,57.0880545480004,57.34205459399982
anomaly_20260823_113819.csv,224,1,1,0.546919646963302,0.4776322723194337,1.0,test,458,28672,28800,57.34405385500031,57.59805567800049
anomaly_20260823_113819.csv,225,1,1,0.5255310272451492,0.4776322723194337,1.0,test,459,28800,28928,57.60005425300005,57.85405472500042
anomaly_20260823_113819.csv,226,1,1,0.654398471831603,0.4776322723194337,1.0,test,460,28928,29056,57.8560570970003,58.11005492000004
anomaly_20260823_113819.csv,227,1,1,0.6529144208576645,0.4776322723194337,1.0,test,461,29056,29184,58.11205386500024,58.36605637299999
anomaly_20260823_113819.csv,228,1,1,0.6526470024581158,0.4776322723194337,1.0,test,462,29184,29312,58.36805409699991,58.62205471600009
anomaly_20260823_113819.csv,229,1,1,0.6405206164079237,0.4776322723194337,1.0,test,463,29312,29440,58.62405414299974,58.8780557250002
anomaly_20260823_113819.csv,230,1,1,0.6014595047537696,0.4776322723194337,1.0,test,464,29440,29568,58.88005435600007,59.13405575199977
anomaly_20260823_113819.csv,231,1,1,0.6329098458018264,0.4776322723194337,1.0,test,465,29568,29696,59.13606297499973,59.39005702000031
anomaly_20260823_113819.csv,232,1,1,0.6408560347911144,0.4776322723194337,1.0,test,466,29696,29824,59.392053872999895,59.64605821399982
anomaly_20260823_113819.csv,233,1,1,0.5926174671004811,0.4776322723194337,1.0,test,467,29824,29952,59.64805441899989,59.902055204000135
anomaly_20260823_114124.csv,0,1,1,0.5827808665430166,0.4776322723194337,1.0,test,468,0,128,3.8899997889529924e-07,0.254055022999637
anomaly_20260823_114124.csv,1,1,1,0.5981508783674854,0.4776322723194337,1.0,test,469,128,256,0.2560530229993674,0.5100526009991881
anomaly_20260823_114124.csv,2,1,1,0.5908352928716054,0.4776322723194337,1.0,test,470,256,384,0.5120526389991937,0.7660538469999665
anomaly_20260823_114124.csv,3,1,1,0.5946659641105663,0.4776322723194337,1.0,test,471,384,512,0.7680529579993163,1.0220526469993274
anomaly_20260823_114124.csv,4,1,1,0.6059713095901862,0.4776322723194337,1.0,test,472,512,640,1.0240568139997777,1.2780530029995134
anomaly_20260823_114124.csv,5,1,1,0.5819135511334101,0.4776322723194337,1.0,test,473,640,768,1.2800546519993077,1.5340541929999745
anomaly_20260823_114124.csv,6,1,1,0.5819739944845947,0.4776322723194337,1.0,test,474,768,896,1.536052767000001,1.7900538819994836
anomaly_20260823_114124.csv,7,1,1,0.5902603459229495,0.4776322723194337,1.0,test,475,896,1024,1.7920540669992988,2.0460559779994583
anomaly_20260823_114124.csv,8,1,1,0.6114675114101878,0.4776322723194337,1.0,test,476,1024,1152,2.0480547189999925,2.3020540369998344
anomaly_20260823_114124.csv,9,1,1,0.64667329677811,0.4776322723194337,1.0,test,477,1152,1280,2.3040606119993754,2.5580540409991954
anomaly_20260823_114124.csv,10,1,1,0.6095783858784175,0.4776322723194337,1.0,test,478,1280,1408,2.560054133999984,2.8140598779991706
anomaly_20260823_114124.csv,11,1,1,0.6166441084952291,0.4776322723194337,1.0,test,479,1408,1536,2.8160562109997045,3.07005412199942
anomaly_20260823_114124.csv,12,1,1,0.6487266132735224,0.4776322723194337,1.0,test,480,1536,1664,3.072054584999933,3.3260542169991822
anomaly_20260823_114124.csv,13,1,1,0.6292500295740129,0.4776322723194337,1.0,test,481,1664,1792,3.3280543099999704,3.58205442399958
anomaly_20260823_114124.csv,14,1,0,0.45739073910424155,0.4776322723194337,1.0,test,482,1792,1920,3.584059145999163,3.838054055999237
anomaly_20260823_114124.csv,15,1,1,0.501911620063136,0.4776322723194337,1.0,test,483,1920,2048,3.840054037999834,4.094059317999381
anomaly_20260823_114124.csv,16,1,1,0.5925180288502128,0.4776322723194337,1.0,test,484,2048,2176,4.09605517,4.350053820999165
anomaly_20260823_114124.csv,17,1,1,0.5631544597313658,0.4776322723194337,1.0,test,485,2176,2304,4.352053894999699,4.606067267999606
anomaly_20260823_114124.csv,18,1,1,0.5252492752212363,0.4776322723194337,1.0,test,486,2304,2432,4.608053971999652,4.862053844000002
anomaly_20260823_114124.csv,19,1,1,0.607739492892897,0.4776322723194337,1.0,test,487,2432,2560,4.864059788999839,5.118054234999363
anomaly_20260823_114124.csv,20,1,1,0.6529404979025887,0.4776322723194337,1.0,test,488,2560,2688,5.120054345999961,5.374070514999403
anomaly_20260823_114124.csv,21,1,1,0.6397373178393264,0.4776322723194337,1.0,test,489,2688,2816,5.37605562599947,5.630054108999502
anomaly_20260823_114124.csv,22,1,1,0.6454639640072842,0.4776322723194337,1.0,test,490,2816,2944,5.632058127999699,5.886054665999836
anomaly_20260823_114124.csv,23,1,1,0.6458400359708248,0.4776322723194337,1.0,test,491,2944,3072,5.888054332999673,6.142054222999832
anomaly_20260823_114124.csv,24,1,1,0.6319723759060603,0.4776322723194337,1.0,test,492,3072,3200,6.144067352999628,6.398057298999447
anomaly_20260823_114124.csv,25,1,1,0.6261297195999395,0.4776322723194337,1.0,test,493,3200,3328,6.400054243999875,6.654061447999993
anomaly_20260823_114124.csv,26,1,1,0.6478418016740726,0.4776322723194337,1.0,test,494,3328,3456,6.656055244999152,6.910054708999269
anomaly_20260823_114124.csv,27,1,1,0.6380870708102597,0.4776322723194337,1.0,test,495,3456,3584,6.912054004999845,7.166053801999624
anomaly_20260823_114124.csv,28,1,1,0.6434868065372421,0.4776322723194337,1.0,test,496,3584,3712,7.168053913999756,7.422054024999852
anomaly_20260823_114124.csv,29,1,1,0.6396195673045616,0.4776322723194337,1.0,test,497,3712,3840,7.424061247999816,7.678054266999425
anomaly_20260823_114124.csv,30,1,1,0.6670549985620755,0.4776322723194337,1.0,test,498,3840,3968,7.680054359999303,7.934059896999315
anomaly_20260823_114124.csv,31,1,1,0.6703961909769116,0.4776322723194337,1.0,test,499,3968,4096,7.93605558299987,8.190058952999607
anomaly_20260823_114124.csv,32,1,1,0.6804166205900766,0.4776322723194337,1.0,test,500,4096,4224,8.192055230999358,8.446054397999433
anomaly_20260823_114124.csv,33,1,1,0.6753700369204668,0.4776322723194337,1.0,test,501,4224,4352,8.448054360999777,8.702054064999174
anomaly_20260823_114124.csv,34,1,1,0.6628167920028541,0.4776322723194337,1.0,test,502,4352,4480,8.704056027999286,8.95805437999934
anomaly_20260823_114124.csv,35,1,1,0.6590773595699114,0.4776322723194337,1.0,test,503,4480,4608,8.960054360999493,9.214064767999844
anomaly_20260823_114124.csv,36,1,1,0.6524663457267722,0.4776322723194337,1.0,test,504,4608,4736,9.216059768999912,9.470053878999352
anomaly_20260823_114124.csv,37,1,1,0.6762199285942534,0.4776322723194337,1.0,test,505,4736,4864,9.47205395399942,9.726061711999137
anomaly_20260823_114124.csv,38,1,1,0.6809597234043643,0.4776322723194337,1.0,test,506,4864,4992,9.72805565699946,9.982060081999409
anomaly_20260823_114124.csv,39,1,1,0.6695005975679137,0.4776322723194337,1.0,test,507,4992,5120,9.984057600999222,10.238054691999425
anomaly_20260823_114124.csv,40,1,1,0.6588279316594248,0.4776322723194337,1.0,test,508,5120,5248,10.240054470999894,10.49405930299963
anomaly_20260823_114124.csv,41,1,1,0.6448816210511505,0.4776322723194337,1.0,test,509,5248,5376,10.496055433000038,10.75005454299935
anomaly_20260823_114124.csv,42,1,1,0.6193380725263836,0.4776322723194337,1.0,test,510,5376,5504,10.752054320999378,11.006054115999175
anomaly_20260823_114124.csv,43,1,1,0.6161691874033788,0.4776322723194337,1.0,test,511,5504,5632,11.008054393999371,11.262054076999448
anomaly_20260823_114124.csv,44,1,1,0.6716895732576534,0.4776322723194337,1.0,test,512,5632,5760,11.264055577999898,11.518054075999316
anomaly_20260823_114124.csv,45,1,1,0.6351519170479081,0.4776322723194337,1.0,test,513,5760,5888,11.52005403899966,11.77405938999982
anomaly_20260823_114124.csv,46,1,1,0.48894798542844303,0.4776322723194337,1.0,test,514,5888,6016,11.776055500999972,12.03005390599992
anomaly_20260823_114124.csv,47,1,1,0.5489905690376125,0.4776322723194337,1.0,test,515,6016,6144,12.032054128999334,12.2860539229996
anomaly_20260823_114124.csv,48,1,1,0.660302733940083,0.4776322723194337,1.0,test,516,6144,6272,12.288054200999795,12.542054161999658
anomaly_20260823_114124.csv,49,1,1,0.6621148218881636,0.4776322723194337,1.0,test,517,6272,6400,12.544056698999157,12.79805493799995
anomaly_20260823_114124.csv,50,1,1,0.6530059741736148,0.4776322723194337,1.0,test,518,6400,6528,12.800054382999406,13.05405724999946
anomaly_20260823_114124.csv,51,1,1,0.6356018825462898,0.4776322723194337,1.0,test,519,6528,6656,13.056054472999676,13.310053988999243
anomaly_20260823_114124.csv,52,1,1,0.5968835901121774,0.4776322723194337,1.0,test,520,6656,6784,13.312054155999247,13.56605443099943
anomaly_20260823_114124.csv,53,1,1,0.5969868550361211,0.4776322723194337,1.0,test,521,6784,6912,13.568054226999266,13.822054188000038
anomaly_20260823_114124.csv,54,1,1,0.6193645705733433,0.4776322723194337,1.0,test,522,6912,7040,13.824061243999497,14.078055647999465
anomaly_20260823_114124.csv,55,1,1,0.5978916154958585,0.4776322723194337,1.0,test,523,7040,7168,14.080057814999236,14.33406118199946
anomaly_20260823_114124.csv,56,1,1,0.5901398647102897,0.4776322723194337,1.0,test,524,7168,7296,14.336057681999591,14.590054326999962
anomaly_20260823_114124.csv,57,1,1,0.6207392618964748,0.4776322723194337,1.0,test,525,7296,7424,14.59205453100003,14.846057194999958
anomaly_20260823_114124.csv,58,1,1,0.6308829567417061,0.4776322723194337,1.0,test,526,7424,7552,14.848054675999265,15.102062431999911
anomaly_20260823_114124.csv,59,1,1,0.6148027571313113,0.4776322723194337,1.0,test,527,7552,7680,15.104061672999704,15.358053872999337
anomaly_20260823_114124.csv,60,1,1,0.6520138717184337,0.4776322723194337,1.0,test,528,7680,7808,15.36005383599968,15.614060480999797
anomaly_20260823_114124.csv,61,1,1,0.6524064893915439,0.4776322723194337,1.0,test,529,7808,7936,15.61605742499978,15.87005386599958
anomaly_20260823_114124.csv,62,1,1,0.6251508939748784,0.4776322723194337,1.0,test,530,7936,8064,15.872054032999586,16.126056972999322
anomaly_20260823_114124.csv,63,1,1,0.665967109526628,0.4776322723194337,1.0,test,531,8064,8192,16.128054973999497,16.38205385799938
anomaly_20260823_114124.csv,64,1,1,0.6115395398844478,0.4776322723194337,1.0,test,532,8192,8320,16.384054857999217,16.638053816999673
anomaly_20260823_114124.csv,65,1,1,0.6818956593470735,0.4776322723194337,1.0,test,533,8320,8448,16.640054039999995,16.894060349999563
anomaly_20260823_114124.csv,66,1,1,0.622510446123358,0.4776322723194337,1.0,test,534,8448,8576,16.896057164999547,17.150053937999473
anomaly_20260823_114124.csv,67,1,1,0.6576909437245132,0.4776322723194337,1.0,test,535,8576,8704,17.15205410499948,17.406058340999152
anomaly_20260823_114124.csv,68,1,1,0.6249120089014156,0.4776322723194337,1.0,test,536,8704,8832,17.40805447099956,17.66205381799955
anomaly_20260823_114124.csv,69,1,1,0.6364354672936392,0.4776322723194337,1.0,test,537,8832,8960,17.664055873999132,17.918054035999376
anomaly_20260823_114124.csv,70,1,1,0.6447754153007258,0.4776322723194337,1.0,test,538,8960,9088,17.92005422099919,18.17405501199937
anomaly_20260823_114124.csv,71,1,1,0.6427294635631029,0.4776322723194337,1.0,test,539,9088,9216,18.17605441999968,18.43005387699941
anomaly_20260823_114124.csv,72,1,1,0.6500819526531075,0.4776322723194337,1.0,test,540,9216,9344,18.43205411799954,18.68605622399992
anomaly_20260823_114124.csv,73,1,1,0.6313788245951356,0.4776322723194337,1.0,test,541,9344,9472,18.688057724999453,18.942054182
anomaly_20260823_114124.csv,74,1,1,0.6474113294733451,0.4776322723194337,1.0,test,542,9472,9600,18.944059607999407,19.198054305999904
anomaly_20260823_114124.csv,75,1,1,0.6361327712858803,0.4776322723194337,1.0,test,543,9600,9728,19.200054398999782,19.454059392999625
anomaly_20260823_114124.csv,76,1,1,0.6340619751163064,0.4776322723194337,1.0,test,544,9728,9856,19.45605548599997,19.71005392499956
anomaly_20260823_114124.csv,77,1,1,0.6248940495709198,0.4776322723194337,1.0,test,545,9856,9984,19.712054035999245,19.966057196999827
anomaly_20260823_114124.csv,78,1,1,0.6352373383943812,0.4776322723194337,1.0,test,546,9984,10112,19.968054252,20.22205393099921
anomaly_20260823_114124.csv,79,1,1,0.6110910668396098,0.4776322723194337,1.0,test,547,10112,10240,20.22406233899983,20.4780542769995
anomaly_20260823_114124.csv,80,1,1,0.6683433193183038,0.4776322723194337,1.0,test,548,10240,10368,20.4800539809994,20.73406999299914
anomaly_20260823_114124.csv,81,1,1,0.6555413071379474,0.4776322723194337,1.0,test,549,10368,10496,20.73606330799976,20.9900538389993
anomaly_20260823_114124.csv,82,1,1,0.6521299264385916,0.4776322723194337,1.0,test,550,10496,10624,20.99205380199965,21.24606338800004
anomaly_20260823_114124.csv,83,1,1,0.6593394475407244,0.4776322723194337,1.0,test,551,10624,10752,21.248055683999155,21.50205367699982
anomaly_20260823_114124.csv,84,1,1,0.6606471746452209,0.4776322723194337,1.0,test,552,10752,10880,21.50405936299921,21.75806159699914
anomaly_20260823_114124.csv,85,1,1,0.6541558069209895,0.4776322723194337,1.0,test,553,10880,11008,21.76005513399923,22.01405882999916
anomaly_20260823_114124.csv,86,1,1,0.6547840552094436,0.4776322723194337,1.0,test,554,11008,11136,22.016055552999205,22.270090174999496
anomaly_20260823_114124.csv,87,1,1,0.6521474980620002,0.4776322723194337,1.0,test,555,11136,11264,22.27205471199977,22.526055908999297
anomaly_20260823_114124.csv,88,1,1,0.616141164143595,0.4776322723194337,1.0,test,556,11264,11392,22.528054390999387,22.78205408699978
anomaly_20260823_114124.csv,89,1,1,0.6472376689275647,0.4776322723194337,1.0,test,557,11392,11520,22.784059345999594,23.038054430999185
anomaly_20260823_114124.csv,90,1,1,0.648127008282265,0.4776322723194337,1.0,test,558,11520,11648,23.04005457999937,23.294056515999728
anomaly_20260823_114124.csv,91,1,1,0.6321309603711862,0.4776322723194337,1.0,test,559,11648,11776,23.296055089999754,23.550055359999533
anomaly_20260823_114124.csv,92,1,1,0.5696379292583085,0.4776322723194337,1.0,test,560,11776,11904,23.55205424899941,23.80605444499997
anomaly_20260823_114124.csv,93,1,1,0.49765420976169344,0.4776322723194337,1.0,test,561,11904,12032,23.80805909399988,24.062054029999672
anomaly_20260823_114124.csv,94,1,1,0.5480030406753987,0.4776322723194337,1.0,test,562,12032,12160,24.06405949299915,24.318053965999752
anomaly_20260823_114124.csv,95,1,1,0.6150571238971443,0.4776322723194337,1.0,test,563,12160,12288,24.320053984999504,24.57405488399945
anomaly_20260823_114124.csv,96,1,1,0.5464500634235293,0.4776322723194337,1.0,test,564,12288,12416,24.57605403199977,24.83005394999964
anomaly_20260823_114124.csv,97,1,1,0.5610255546168813,0.4776322723194337,1.0,test,565,12416,12544,24.832053949999136,25.086055404000035
anomaly_20260823_114124.csv,98,1,1,0.6176778311288013,0.4776322723194337,1.0,test,566,12544,12672,25.08805455199945,25.342054098999142
anomaly_20260823_114124.csv,99,1,1,0.6381594256641973,0.4776322723194337,1.0,test,567,12672,12800,25.34406135899917,25.59805423799935
anomaly_20260823_114124.csv,100,1,1,0.6046811529197819,0.4776322723194337,1.0,test,568,12800,12928,25.600054460999672,25.85405739599992
anomaly_20260823_114124.csv,101,1,1,0.4960929451873408,0.4776322723194337,1.0,test,569,12928,13056,25.8560543779995,26.110054757999933
anomaly_20260823_114124.csv,102,1,1,0.6009946232810938,0.4776322723194337,1.0,test,570,13056,13184,26.112054573000023,26.36605380399942
anomaly_20260823_114124.csv,103,1,1,0.6101908343254482,0.4776322723194337,1.0,test,571,13184,13312,26.368053933999363,26.622054127999945
anomaly_20260823_114124.csv,104,1,1,0.5075193920106315,0.4776322723194337,1.0,test,572,13312,13440,26.62405492499965,26.878053914999327
anomaly_20260823_114124.csv,105,1,1,0.5915024485494917,0.4776322723194337,1.0,test,573,13440,13568,26.88005415599946,27.13405620199956
anomaly_20260823_114124.csv,106,1,1,0.5709331984715207,0.4776322723194337,1.0,test,574,13568,13696,27.136054386999604,27.390064580999933
anomaly_20260823_114124.csv,107,1,1,0.5524575153528251,0.4776322723194337,1.0,test,575,13696,13824,27.39205500699973,27.646054255999843
anomaly_20260823_114124.csv,108,1,1,0.5662077722941815,0.4776322723194337,1.0,test,576,13824,13952,27.64806159,27.902056708999226
anomaly_20260823_114124.csv,109,1,0,0.46611950870169416,0.4776322723194337,1.0,test,577,13952,14080,27.904062875999443,28.15805392099992
anomaly_20260823_114124.csv,110,1,0,0.46982339141405766,0.4776322723194337,1.0,test,578,14080,14208,28.160054198999205,28.41405992999989
anomaly_20260823_114124.csv,111,1,0,0.44392363847447297,0.4776322723194337,1.0,test,579,14208,14336,28.4160574109992,28.670054289999825
anomaly_20260823_114124.csv,112,1,1,0.5137383031714009,0.4776322723194337,1.0,test,580,14336,14464,28.672054178999133,28.92605520500001
anomaly_20260823_114124.csv,113,1,1,0.4957209254409664,0.4776322723194337,1.0,test,581,14464,14592,28.92805420499917,29.182053842999267
anomaly_20260823_114124.csv,114,1,1,0.5079381396913772,0.4776322723194337,1.0,test,582,14592,14720,29.18405465799969,29.43805397999949
anomaly_20260823_114124.csv,115,1,1,0.5694352346239682,0.4776322723194337,1.0,test,583,14720,14848,29.440054090999183,29.69405850599924
anomaly_20260823_114124.csv,116,1,1,0.6372632746514123,0.4776322723194337,1.0,test,584,14848,14976,29.69605576599952,29.950053865999507
anomaly_20260823_114124.csv,117,1,1,0.5543399202080774,0.4776322723194337,1.0,test,585,14976,15104,29.95205401399926,30.206058927999948
anomaly_20260823_114124.csv,118,1,1,0.5854088293353276,0.4776322723194337,1.0,test,586,15104,15232,30.20805528099936,30.46205749099954
anomaly_20260823_114124.csv,119,1,1,0.5538059638937906,0.4776322723194337,1.0,test,587,15232,15360,30.464066731999992,30.718056257999702
anomaly_20260823_114124.csv,120,1,1,0.5402720754595797,0.4776322723194337,1.0,test,588,15360,15488,30.72005379499933,30.97405639399949
anomaly_20260823_114124.csv,121,1,1,0.5684433652383095,0.4776322723194337,1.0,test,589,15488,15616,30.976054708999985,31.230052585999147
anomaly_20260823_114124.csv,122,1,1,0.585771655009534,0.4776322723194337,1.0,test,590,15616,15744,31.23205303099985,31.486052833999565
anomaly_20260823_114124.csv,123,1,1,0.523650245748711,0.4776322723194337,1.0,test,591,15744,15872,31.488052777999656,31.74205256299956
anomaly_20260823_114124.csv,124,1,1,0.5866993893746576,0.4776322723194337,1.0,test,592,15872,16000,31.74405365499933,31.998052994999853
anomaly_20260823_114124.csv,125,1,1,0.6681084346228943,0.4776322723194337,1.0,test,593,16000,16128,32.00005275499916,32.25405509399934
anomaly_20260823_114124.csv,126,1,1,0.6747484997516564,0.4776322723194337,1.0,test,594,16128,16256,32.256053019999854,32.51005259999965
anomaly_20260823_114124.csv,127,1,1,0.6172413107168473,0.4776322723194337,1.0,test,595,16256,16384,32.51205276699966,32.76605273599944
anomaly_20260823_114124.csv,128,1,1,0.6069142775734091,0.4776322723194337,1.0,test,596,16384,16512,32.76805269899978,33.02205266799956
anomaly_20260823_114124.csv,129,1,1,0.6073594684221992,0.4776322723194337,1.0,test,597,16512,16640,33.02405522299978,33.27805272899968
anomaly_20260823_114124.csv,130,1,1,0.6075954374937025,0.4776322723194337,1.0,test,598,16640,16768,33.28005269200003,33.53405469799964
anomaly_20260823_114124.csv,131,1,1,0.6450137319164828,0.4776322723194337,1.0,test,599,16768,16896,33.53605286399943,33.79005261099974
anomaly_20260823_114124.csv,132,1,1,0.6520117566407221,0.4776322723194337,1.0,test,600,16896,17024,33.79205290699974,34.046052652999606
anomaly_20260823_114124.csv,133,1,1,0.5107691218757309,0.4776322723194337,1.0,test,601,17024,17152,34.04805278299955,34.302052565999475
anomaly_20260823_114124.csv,134,1,1,0.6008712654649095,0.4776322723194337,1.0,test,602,17152,17280,34.30405517700001,34.558052551999936
anomaly_20260823_114124.csv,135,1,1,0.599552700890636,0.4776322723194337,1.0,test,603,17280,17408,34.56005270099922,34.81405711299976
anomaly_20260823_114124.csv,136,1,1,0.5383337131474802,0.4776322723194337,1.0,test,604,17408,17536,34.81605353899977,35.07005302499965
anomaly_20260823_114124.csv,137,1,1,0.576252424550361,0.4776322723194337,1.0,test,605,17536,17664,35.07205282199993,35.3260530109992
anomaly_20260823_114124.csv,138,1,1,0.6601021837616123,0.4776322723194337,1.0,test,606,17664,17792,35.328052807999484,35.582054089999474
anomaly_20260823_114124.csv,139,1,1,0.5663819021826385,0.4776322723194337,1.0,test,607,17792,17920,35.58405575699999,35.83805433499947
anomaly_20260823_114124.csv,140,1,1,0.6241764522907671,0.4776322723194337,1.0,test,608,17920,18048,35.84005431699916,36.09405541399974
anomaly_20260823_114124.csv,141,1,1,0.6381268138459136,0.4776322723194337,1.0,test,609,18048,18176,36.09605450699928,36.35005388099944
anomaly_20260823_114124.csv,142,1,1,0.6209660731217275,0.4776322723194337,1.0,test,610,18176,18304,36.352054047999445,36.60605418099931
anomaly_20260823_114124.csv,143,1,1,0.6695076502221887,0.4776322723194337,1.0,test,611,18304,18432,36.60805418199925,36.86205411099945
anomaly_20260823_114124.csv,144,1,1,0.5715820403052495,0.4776322723194337,1.0,test,612,18432,18560,36.864055666999775,37.118054133999976
anomaly_20260823_114124.csv,145,1,1,0.6569389123687381,0.4776322723194337,1.0,test,613,18560,18688,37.12005417099954,37.37405934099934
anomaly_20260823_114124.csv,146,1,1,0.6147794473390564,0.4776322723194337,1.0,test,614,18688,18816,37.37605523000002,37.630054195999946
anomaly_20260823_114124.csv,147,1,1,0.6680655110310404,0.4776322723194337,1.0,test,615,18816,18944,37.63205467799981,37.88605560699944
anomaly_20260823_114124.csv,148,1,1,0.5896202363752017,0.4776322723194337,1.0,test,616,18944,19072,37.88805482999942,38.14205861099981
anomaly_20260823_114124.csv,149,1,1,0.6506006482659017,0.4776322723194337,1.0,test,617,19072,19200,38.14406238899937,38.398063279999405
anomaly_20260823_114124.csv,150,1,1,0.6273325946642505,0.4776322723194337,1.0,test,618,19200,19328,38.4000573179992,38.65405574599936
anomaly_20260823_114124.csv,151,1,1,0.6520469583691888,0.4776322723194337,1.0,test,619,19328,19456,38.65605443200002,38.91005411999959
anomaly_20260823_114124.csv,152,1,1,0.657354276251078,0.4776322723194337,1.0,test,620,19456,19584,38.912054452999655,39.16605408499981
anomaly_20260823_114124.csv,153,1,1,0.5772818837636798,0.4776322723194337,1.0,test,621,19584,19712,39.16805432599995,39.422070235999854
anomaly_20260823_114124.csv,154,1,1,0.6221224533481761,0.4776322723194337,1.0,test,622,19712,19840,39.4240616069992,39.67805403499915
anomaly_20260823_114124.csv,155,1,1,0.672309161773045,0.4776322723194337,1.0,test,623,19840,19968,39.68005401699975,39.934055852999336
anomaly_20260823_114124.csv,156,1,1,0.685100879151697,0.4776322723194337,1.0,test,624,19968,20096,39.93605450099949,40.190054631999374
anomaly_20260823_114124.csv,157,1,1,0.6644808837774331,0.4776322723194337,1.0,test,625,20096,20224,40.19205437299934,40.44605493099971
anomaly_20260823_114124.csv,158,1,1,0.6129887699149016,0.4776322723194337,1.0,test,626,20224,20352,40.44805415299925,40.70205421099945
anomaly_20260823_114124.csv,159,1,0,0.4250627492349489,0.4776322723194337,1.0,test,627,20352,20480,40.70405572899927,40.958054267999614
anomaly_20260823_114124.csv,160,1,1,0.5050408575653955,0.4776322723194337,1.0,test,628,20480,20608,40.96005434199924,41.214063159000034
anomaly_20260823_114124.csv,161,1,1,0.5262222594487066,0.4776322723194337,1.0,test,629,20608,20736,41.21605856599945,41.47005391999937
anomaly_20260823_114124.csv,162,1,1,0.5687695349423931,0.4776322723194337,1.0,test,630,20736,20864,41.472054068000034,41.72605562499939
anomaly_20260823_114124.csv,163,1,1,0.5948308504321028,0.4776322723194337,1.0,test,631,20864,20992,41.72805443999914,41.98205412599964
anomaly_20260823_114124.csv,164,1,1,0.6362826435146983,0.4776322723194337,1.0,test,632,20992,21120,41.98406010799954,42.238054608999846
anomaly_20260823_114124.csv,165,1,1,0.5994630931559154,0.4776322723194337,1.0,test,633,21120,21248,42.24005451699941,42.49405942499925
anomaly_20260823_114124.csv,166,1,1,0.6180640965279066,0.4776322723194337,1.0,test,634,21248,21376,42.49605573999997,42.75005392599997
anomaly_20260823_114124.csv,167,1,1,0.5998864145923766,0.4776322723194337,1.0,test,635,21376,21504,42.75205409299997,43.006054370999664
anomaly_20260823_114124.csv,168,1,1,0.5819286970849871,0.4776322723194337,1.0,test,636,21504,21632,43.0080553709995,43.26205387199934
anomaly_20260823_114124.csv,169,1,1,0.585193443930638,0.4776322723194337,1.0,test,637,21632,21760,43.26405777899981,43.51805381699978
anomaly_20260823_114124.csv,170,1,1,0.626007887927537,0.4776322723194337,1.0,test,638,21760,21888,43.52005403899966,43.77406352099933
anomaly_20260823_114124.csv,171,1,1,0.6442135032888581,0.4776322723194337,1.0,test,639,21888,22016,43.7760604289997,44.03005778099941
anomaly_20260823_114124.csv,172,1,1,0.6300964079936221,0.4776322723194337,1.0,test,640,22016,22144,44.03205437399993,44.28605370699916
anomaly_20260823_114124.csv,173,1,1,0.6621643365971921,0.4776322723194337,1.0,test,641,22144,22272,44.28805392899994,44.542054002999976
anomaly_20260823_114124.csv,174,1,1,0.6491293275916571,0.4776322723194337,1.0,test,642,22272,22400,44.544083984999816,44.79805898499944
anomaly_20260823_114124.csv,175,1,1,0.6735363234702282,0.4776322723194337,1.0,test,643,22400,22528,44.80005472599987,45.054059595999206
anomaly_20260823_114124.csv,176,1,1,0.6478601099676871,0.4776322723194337,1.0,test,644,22528,22656,45.05605579999974,45.31005311399986
anomaly_20260823_114124.csv,177,1,1,0.5710329078773798,0.4776322723194337,1.0,test,645,22656,22784,45.31205376199978,45.5660582799992
anomaly_20260823_114124.csv,178,1,1,0.5308850651418194,0.4776322723194337,1.0,test,646,22784,22912,45.56805772499956,45.82205676099966
anomaly_20260823_114124.csv,179,1,1,0.48096600131319434,0.4776322723194337,1.0,test,647,22912,23040,45.82406689099935,46.07805316799932
anomaly_20260823_114124.csv,180,1,1,0.5385635571510324,0.4776322723194337,1.0,test,648,23040,23168,46.08005335300004,46.334053814999606
anomaly_20260823_114124.csv,181,1,0,0.4680077239696866,0.4776322723194337,1.0,test,649,23168,23296,46.33606042599968,46.59005422199971
anomaly_20260823_114124.csv,182,1,1,0.5637915285926721,0.4776322723194337,1.0,test,650,23296,23424,46.59205523999936,46.84606281299966
anomaly_20260823_114124.csv,183,1,1,0.5812895556693721,0.4776322723194337,1.0,test,651,23424,23552,46.84805823899933,47.10206286799985
anomaly_20260823_114124.csv,184,1,1,0.6087651364443185,0.4776322723194337,1.0,test,652,23552,23680,47.104059737999705,47.35805858799995
anomaly_20260823_114124.csv,185,1,1,0.6216388156827356,0.4776322723194337,1.0,test,653,23680,23808,47.36005379199924,47.61405256799935
anomaly_20260823_114124.csv,186,1,1,0.6345628934790167,0.4776322723194337,1.0,test,654,23808,23936,47.61605517999942,47.87005451200002
anomaly_20260823_114124.csv,187,1,1,0.6444841903177146,0.4776322723194337,1.0,test,655,23936,24064,47.87205314099992,48.12605521299975
anomaly_20260823_114124.csv,188,1,1,0.6159729617622816,0.4776322723194337,1.0,test,656,24064,24192,48.12805295399994,48.382052637000015
anomaly_20260823_114124.csv,189,1,1,0.6496304210518823,0.4776322723194337,1.0,test,657,24192,24320,48.38405380399945,48.63805559799948
anomaly_20260823_114124.csv,190,1,1,0.6408786925274674,0.4776322723194337,1.0,test,658,24320,24448,48.64005315399936,48.89405255899965
anomaly_20260823_114124.csv,191,1,1,0.5774696760981112,0.4776322723194337,1.0,test,659,24448,24576,48.8960536149998,49.15005261299939
anomaly_20260823_114124.csv,192,1,1,0.6576665598490475,0.4776322723194337,1.0,test,660,24576,24704,49.152052630999606,49.40605879499981
anomaly_20260823_114124.csv,193,1,1,0.6509698297036384,0.4776322723194337,1.0,test,661,24704,24832,49.40805364699918,49.66205297799934
anomaly_20260823_114124.csv,194,1,1,0.615685112398664,0.4776322723194337,1.0,test,662,24832,24960,49.66405310799928,49.91805254999963
anomaly_20260823_114124.csv,195,1,1,0.6169199779430666,0.4776322723194337,1.0,test,663,24960,25088,49.92005277199951,50.17405458399935
anomaly_20260823_114124.csv,196,1,1,0.656892572494971,0.4776322723194337,1.0,test,664,25088,25216,50.176054861999546,50.430053988999134
anomaly_20260823_114124.csv,197,1,1,0.6488920785330333,0.4776322723194337,1.0,test,665,25216,25344,50.432054154999605,50.68605798599947
anomaly_20260823_114124.csv,198,1,1,0.6544122801557591,0.4776322723194337,1.0,test,666,25344,25472,50.6880546149996,50.94205418599995
anomaly_20260823_114124.csv,199,1,1,0.6285502327944855,0.4776322723194337,1.0,test,667,25472,25600,50.94405431599989,51.198066293999545
anomaly_20260823_114124.csv,200,1,1,0.6169903960739723,0.4776322723194337,1.0,test,668,25600,25728,51.200058090999846,51.454055753999455
anomaly_20260823_114124.csv,201,1,1,0.6403288825811615,0.4776322723194337,1.0,test,669,25728,25856,51.45606043899989,51.71008299099958
anomaly_20260823_114124.csv,202,1,1,0.6481477925828746,0.4776322723194337,1.0,test,670,25856,25984,51.71207417599999,51.96609111699945
anomaly_20260823_114124.csv,203,1,1,0.6513817463709507,0.4776322723194337,1.0,test,671,25984,26112,51.968063338999855,52.22205298399968
anomaly_20260823_114124.csv,204,1,1,0.6459756242406278,0.4776322723194337,1.0,test,672,26112,26240,52.22405831699962,52.47805309099931
anomaly_20260823_114124.csv,205,1,1,0.6115421737213997,0.4776322723194337,1.0,test,673,26240,26368,52.48005294299946,52.73411290199965
anomaly_20260823_114124.csv,206,1,1,0.6335303368880837,0.4776322723194337,1.0,test,674,26368,26496,52.73725582799944,52.99005267499979
anomaly_20260823_114124.csv,207,1,1,0.6313171608996887,0.4776322723194337,1.0,test,675,26496,26624,52.99205624999922,53.24605830099972
anomaly_20260823_114124.csv,208,1,1,0.5466705224506212,0.4776322723194337,1.0,test,676,26624,26752,53.24805626399939,53.502052629999525
anomaly_20260823_114124.csv,209,1,1,0.6557531821125202,0.4776322723194337,1.0,test,677,26752,26880,53.50405259299987,53.7580626809995
anomaly_20260823_114124.csv,210,1,1,0.6342396228278164,0.4776322723194337,1.0,test,678,26880,27008,53.76005421799982,54.01405371299916
anomaly_20260823_114124.csv,211,1,1,0.6716140911111734,0.4776322723194337,1.0,test,679,27008,27136,54.016054694999184,54.27005268999983
anomaly_20260823_114124.csv,212,1,1,0.6456583509357048,0.4776322723194337,1.0,test,680,27136,27264,54.272052652999264,54.526052925999466
anomaly_20260823_114124.csv,213,1,1,0.6266821543668435,0.4776322723194337,1.0,test,681,27264,27392,54.52805268499924,54.78205258799972
anomaly_20260823_114124.csv,214,1,1,0.6296736982190687,0.4776322723194337,1.0,test,682,27392,27520,54.78405282899985,55.038052693999816
anomaly_20260823_114124.csv,215,1,1,0.645196457529277,0.4776322723194337,1.0,test,683,27520,27648,55.04005271200003,55.294058687999495
anomaly_20260823_114124.csv,216,1,1,0.6420021392673749,0.4776322723194337,1.0,test,684,27648,27776,55.29606948499986,55.55005305299983
anomaly_20260823_114124.csv,217,1,1,0.6197546178335905,0.4776322723194337,1.0,test,685,27776,27904,55.55205286799992,55.806053510999845
anomaly_20260823_114124.csv,218,1,1,0.6416910779709571,0.4776322723194337,1.0,test,686,27904,28032,55.80805351099934,56.06209904199932
anomaly_20260823_114124.csv,219,1,1,0.6197930075544222,0.4776322723194337,1.0,test,687,28032,28160,56.06406202399921,56.31805440699918
anomaly_20260823_114124.csv,220,1,1,0.6499076150515193,0.4776322723194337,1.0,test,688,28160,28288,56.320052887999736,56.57407612299994
anomaly_20260823_114124.csv,221,1,1,0.6061851973975753,0.4776322723194337,1.0,test,689,28288,28416,56.57606412299992,56.83005426499949
anomaly_20260823_114124.csv,222,1,1,0.6500159360795312,0.4776322723194337,1.0,test,690,28416,28544,56.832055042999855,57.08606005599995
anomaly_20260823_114124.csv,223,1,1,0.6680132183436367,0.4776322723194337,1.0,test,691,28544,28672,57.0880554259993,57.342053585999565
anomaly_20260823_114124.csv,224,1,1,0.5394189793154213,0.4776322723194337,1.0,test,692,28672,28800,57.344053511999846,57.59805557999971
anomaly_20260823_114124.csv,225,1,1,0.5927993615759913,0.4776322723194337,1.0,test,693,28800,28928,57.60005457999978,57.854053887999726
anomaly_20260823_114124.csv,226,1,1,0.6488876657596783,0.4776322723194337,1.0,test,694,28928,29056,57.85605585099984,58.110053807999975
anomaly_20260823_114124.csv,227,1,1,0.5730551617733756,0.4776322723194337,1.0,test,695,29056,29184,58.11205399299979,58.3660558749998
anomaly_20260823_114124.csv,228,1,1,0.6009889108947769,0.4776322723194337,1.0,test,696,29184,29312,58.368054004999976,58.62205420099963
anomaly_20260823_114124.csv,229,1,1,0.6132734790798202,0.4776322723194337,1.0,test,697,29312,29440,58.6240538309994,58.87805528699937
anomaly_20260823_114124.csv,230,1,1,0.5319035136294062,0.4776322723194337,1.0,test,698,29440,29568,58.88005426899963,59.13405403899924
anomaly_20260823_114124.csv,231,1,1,0.5503846936368039,0.4776322723194337,1.0,test,699,29568,29696,59.13606372399954,59.39005434699993
anomaly_20260823_114124.csv,232,1,1,0.6119176792130302,0.4776322723194337,1.0,test,700,29696,29824,59.39205423599924,59.64605837599993
anomaly_20260823_114124.csv,233,1,1,0.5197497830019241,0.4776322723194337,1.0,test,701,29824,29952,59.64805791299932,59.90205379500003
