window_id,window_start_s,window_end_s,label,anomaly_type,mean,standard_deviation,rms,minimum,maximum,peak_to_peak,median,kurtosis,dominant_frequency_hz,spectral_energy,source_file
7,7.000054448999435,7.998143473999335,0,normal,1.0439408425464134,0.0050235807432752804,1.0439529295423238,1.030692602088518,1.056396189883322,0.025703587794803973,1.0448070156732294,-0.21309616577175294,8.0,0.012572386773637572,anomaly_20260725_185423.csv
8,8.00005761400007,8.998086619999413,0,normal,1.0445039401851608,0.004537681971384509,1.044513796759047,1.034147344434051,1.0563817917779537,0.022234447343902675,1.0443265006692113,-0.2567734405178861,19.0,0.010254472543122638,anomaly_20260725_185423.csv
9,9.000054979999732,9.998131035999904,0,normal,1.0437790479750997,0.004516375559472928,1.0437888189859097,1.0321230449902763,1.0536209280381632,0.021497883047886912,1.0442463933382773,-0.16572644154625094,9.0,0.01015819977154145,anomaly_20260725_185423.csv
10,10.000054360999457,10.9981367649998,0,normal,1.0443422952997685,0.004629430635731663,1.0443525560748153,1.0324545655863022,1.0577559264783156,0.025301360892013403,1.0445849858965854,0.04825243308185856,17.0,0.0106740877088091,anomaly_20260725_185423.csv
11,11.000055534999774,11.99808323399975,0,normal,1.044908169754963,0.004204685402431853,1.044916629497301,1.031857751824349,1.0548761064693806,0.023018354645031547,1.0444320872515864,-0.020985943357178627,20.0,0.008812478184963987,anomaly_20260725_185423.csv
12,12.000053742999626,12.99814675000016,0,normal,1.0450286574053225,0.004635413857383744,1.0450389379635574,1.0341841132022866,1.0545876919441075,0.02040357874182086,1.0456728408063394,-0.7372328781170747,1.0,0.010704094068621219,anomaly_20260725_185423.csv
13,13.0000550019995,13.998086099999457,0,normal,1.043704045070723,0.004495629323037519,1.0437137272164239,1.0319167117553625,1.0531805400784804,0.021263828323117906,1.043984179288087,-0.743957944137227,24.0,0.010073031927482068,anomaly_20260725_185423.csv
14,14.000055108999732,14.998084314000153,0,normal,1.0442840134098843,0.004638009976765183,1.0442943128256517,1.0308475396488077,1.0536137100474727,0.02276617039866502,1.0444721346211203,0.275971248975762,13.0,0.010712719766622485,anomaly_20260725_185423.csv
15,15.000053859999753,15.998085596999772,0,normal,1.0432195878849269,0.004695991184316429,1.0432301571944707,1.0321009398309835,1.05555357040749,0.023452630576506595,1.0427013043053124,-0.2008411656012581,21.0,0.010984431511326333,anomaly_20260725_185423.csv
16,16.0000576249995,16.998057359000086,0,normal,1.0442624186408809,0.004801184676450933,1.0442734557384863,1.0340885116855327,1.0566481249687616,0.022559613283228863,1.0431388258520529,-0.3275659163065181,17.0,0.01148102579905233,anomaly_20260725_185423.csv
17,17.000076829000136,17.99805418899996,0,normal,1.0444750663732552,0.004573740764867888,1.044485080496605,1.0338899264428492,1.05555357040749,0.021663643964640933,1.0444211650478938,-0.29701067620539945,15.0,0.010420145742121375,anomaly_20260725_185423.csv
18,18.000055993999922,18.99805425500017,0,normal,1.0441669282296078,0.005044403983144108,1.0441791129973823,1.030522881842029,1.0582303435452982,0.02770746170326932,1.0443993201836164,0.2637429998749825,23.0,0.012672471388092181,anomaly_20260725_185423.csv
19,19.000055282000176,19.99805372399988,0,normal,1.0439664270206774,0.004999251311979828,1.0439783969316607,1.027181819348454,1.0570798739925,0.029898054644045935,1.0443993201836164,0.24202956549789834,27.0,0.012458722726607726,anomaly_20260725_185423.csv
20,20.998055908999966,21.996109111999893,0,normal,1.05844135566671,0.004606106209858407,1.058451378004677,1.0481354301806611,1.0691265126260785,0.020991082445417364,1.0586542636762957,-0.42887323730366056,17.0,0.010566253840105903,normal_20260725_184948.csv
21,21.998119544000026,22.996107171999945,0,normal,1.0590773443452244,0.004327548343700894,1.0590861858130336,1.0471409217483576,1.0696527660881356,0.022511844339778042,1.0587117313036631,0.09567401299341682,11.0,0.00933089851735487,normal_20260725_184948.csv
22,22.998106603999993,23.99610675299983,0,normal,1.059497142594729,0.004859069211741663,1.0595082848755832,1.0476782187293958,1.0703564032601478,0.022678184530751988,1.059214440045074,-0.6194766817045911,29.0,0.011758855866210435,normal_20260725_184948.csv
23,23.99810646200013,24.99610679699982,0,normal,1.0592860164182567,0.005183626215391175,1.0592986994044693,1.0482442606568374,1.0707897272574107,0.022545466600573327,1.059214440045074,-0.6196285665527475,12.0,0.013384536010708494,normal_20260725_184948.csv
24,24.998106562999972,25.996107879999734,0,normal,1.0591123685789174,0.005286902983262514,1.0591255641424202,1.0452145521375025,1.0728190434551392,0.02760449131763676,1.0592359793738126,-0.11732583851224065,11.0,0.013920035739112989,normal_20260725_184948.csv
25,25.998107515999898,26.996107834999755,0,normal,1.0592804249815009,0.005484207418643618,1.0592946215666348,1.0466324139830565,1.0727552423549371,0.026122828371880624,1.0587620129188615,-0.4039228518358362,6.0,0.014978437355341804,normal_20260725_184948.csv
26,26.99810778499978,27.996115475999893,0,normal,1.059474383282243,0.005172470271581984,1.059487009490914,1.0447196657477067,1.0702071855486677,0.025487519800960978,1.0606350974769785,0.132462076658316,3.0,0.01332982610778527,normal_20260725_184948.csv
27,27.998108203999898,28.99610802500002,0,normal,1.059466003818534,0.005227115149526574,1.05947889831747,1.0471990211989315,1.075367983529359,0.02816896233042754,1.0592718772817489,-0.18927769557418683,7.0,0.013613244745172422,normal_20260725_184948.csv
28,28.99810788300011,29.996107816999945,0,normal,1.0593630144419626,0.0052168258968595714,1.0593758594757574,1.0457891995999955,1.0726488987548537,0.026859699154858196,1.0592359793738126,-0.21057879804127477,13.0,0.013556580810841476,normal_20260725_184948.csv
29,29.998107416000046,30.996113979999798,0,normal,1.0595927574055586,0.00496242417422838,1.0596043776806512,1.049571083824245,1.072705616653516,0.023134532829271137,1.0592072601714926,-0.362957371997068,11.0,0.012264535966932551,normal_20260725_184948.csv
30,31.99611455399964,32.99416799599977,0,normal,1.0605366045519735,0.005003149545099578,1.0605484058259669,1.0496290487596085,1.0722801592867417,0.0226511105271332,1.0611297281671077,-0.3936021947207138,7.0,0.012470859595981874,normal_20260725_185107.csv
31,32.9961748539995,33.99418196399984,0,normal,1.0598435454226924,0.004803505580052636,1.059854430778114,1.0468067873299256,1.0721312093209483,0.025324421991022694,1.059386742412798,-0.17870305938347242,3.0,0.011498234885428817,normal_20260725_185107.csv
32,33.996175617999604,34.994166969999704,0,normal,1.0595822352430766,0.004953265315456766,1.0595938127792177,1.0490130075456645,1.0716203665477808,0.0226073590021163,1.0592718772817489,-0.4954701429152526,10.0,0.012223941710398227,normal_20260725_185107.csv
33,34.99618330999966,35.99416884699986,0,normal,1.0611486641515324,0.005384017962270434,1.0611623226820672,1.0496870104940803,1.0742075497779746,0.024520539283894305,1.061674272081602,-0.5298481791666654,24.0,0.014446072483142813,normal_20260725_185107.csv
34,35.99618083499991,36.99416794799982,0,normal,1.060221103929611,0.005013505986504535,1.060232957637141,1.0501505892013772,1.0757780812044833,0.0256274920031061,1.0594657049664231,-0.2386610952294168,25.0,0.012524055638182265,normal_20260725_185107.csv
35,36.99618649099967,37.994167826999735,0,normal,1.0597823795856793,0.004609459807270926,1.05979240382256,1.0482660253962257,1.072705616653516,0.02443959125729034,1.0599106566121506,0.35866972607818237,13.0,0.01058336724231246,normal_20260725_185107.csv
36,37.9961762779999,38.994169059999884,0,normal,1.0601216559602302,0.0050520336636773735,1.060133693682075,1.0447196657477067,1.0728190434551392,0.028099377707432538,1.0611512286191822,0.35298723085178496,34.0,0.012711133044425083,normal_20260725_185107.csv
37,38.996186306999796,39.99416968199967,0,normal,1.0602453766082993,0.005043875566056992,1.060257374084236,1.050722537114342,1.0734639304606373,0.022741393346295213,1.0593544373609731,-0.30742175825107054,29.0,0.012669699361739565,normal_20260725_185107.csv
38,39.99617003999948,40.99416947199962,0,normal,1.059572581317863,0.004709352333464945,1.05958304680662,1.0471627094200786,1.0721666754754131,0.025003966055334503,1.059322132309148,-0.0063680615012380315,8.0,0.01104916340881835,normal_20260725_185107.csv
39,40.99618188599971,41.99416785599988,0,normal,1.0597393359411635,0.004593188324224665,1.0597492899360679,1.045796471594736,1.0696527660881356,0.023856294493399544,1.059214440045074,0.02588801137241603,9.0,0.010506772840656169,normal_20260725_185107.csv
40,41.99617013999978,42.99416898099981,0,normal,1.059508852980937,0.0050562609721963225,1.0595209178303182,1.0452363799638815,1.0722163261208066,0.026979946156925116,1.0592718772817489,-0.23376726650272417,8.0,0.012732752025514951,normal_20260725_185107.csv
41,42.99617241299985,43.99416803299983,0,normal,1.0598176046059529,0.004511393055366248,1.0598272065294416,1.0507008232603607,1.0727552423549371,0.022054419094576394,1.0592718772817489,-0.1680234494299535,50.0,0.010136027068513003,normal_20260725_185107.csv
42,43.99618781799973,44.994168345999704,0,normal,1.0597867385864383,0.005360868989259692,1.0598002973202074,1.044683267789812,1.0751770226339474,0.030493754844135523,1.0592718772817489,0.4027655717052405,29.0,0.014312212332123162,normal_20260725_185107.csv
43,44.99617592699952,45.99416880799982,0,normal,1.0605847328922373,0.004954619652584491,1.060596305811028,1.0502592108617756,1.075367983529359,0.02510877266758338,1.0599752308426833,-0.028325358940107126,18.0,0.012225745655986345,normal_20260725_185107.csv
44,45.99618040699989,46.999363668999656,0,normal,1.0599989637000287,0.005670588581907468,1.0600141313303328,1.0466324139830565,1.0733222302738352,0.026689816290778712,1.059386742412798,-0.3227011092268488,11.0,0.01601376128691405,normal_20260725_185107.csv
45,47.00528837199955,47.994167697999735,0,normal,1.0598001549602827,0.004653663735254692,1.0598103722081604,1.0476999952276411,1.0708252378422911,0.023125242614649988,1.059322132309148,-0.2913748374125946,37.0,0.010785283637433416,normal_20260725_185107.csv
46,47.99616703799985,48.99416873699966,0,normal,1.0599729964803997,0.005555853882383247,1.0599875568986648,1.048353079835224,1.076915637364413,0.028562557529189014,1.0592359793738126,0.5232538203816843,15.0,0.01537499174845318,normal_20260725_185107.csv
47,48.99616702199956,49.99417138899981,0,normal,1.0606221576055859,0.0056390474436701105,1.0606371481614247,1.0482660253962257,1.074844528292348,0.02657850289612229,1.0598030241511862,-0.27540044560745747,40.0,0.015836912052408583,normal_20260725_185107.csv
48,49.99617035799975,50.99416770799963,0,normal,1.0599674442367095,0.004938212054799101,1.059978947328672,1.0496290487596085,1.0716203665477808,0.021991317788172315,1.0593544373609731,-0.47617117892258465,27.0,0.01214872827090381,normal_20260725_185107.csv
49,50.9961668989995,51.99417415799963,0,normal,1.059122209306473,0.0052225313570187755,1.059135085378631,1.0441954127461008,1.072705616653516,0.02851020390741521,1.0589056615204206,-0.10985351372933527,23.0,0.013586558584168597,normal_20260725_185107.csv
50,52.994176139000054,53.992228764999716,0,normal,1.0689742931576889,0.004078814536023892,1.0689820747608445,1.058797926896346,1.0777415552905063,0.018943628394160195,1.0689059761736788,-0.4384167327823256,30.0,0.008294808407288653,normal_20260725_185257.csv
51,53.994228178999954,54.99222767500033,0,normal,1.0693279133130726,0.004604661714940781,1.069337827396001,1.0608143381383943,1.0815101525182276,0.020695814379833255,1.0684149474806124,-0.30796558628661863,8.0,0.010563322330061015,normal_20260725_185257.csv
52,54.994227662999954,55.992229419000076,0,normal,1.06912161456882,0.004973956348803217,1.069133184865197,1.0549409888709416,1.0858401263537831,0.030899137482841565,1.0689700089338334,1.1455923658903515,26.0,0.012321060682468259,normal_20260725_185257.csv
53,55.99422899899947,56.99222840600033,0,normal,1.06928918637155,0.004746559687623728,1.0692997212755644,1.0568568256864312,1.0797578061769222,0.02290098049049094,1.0696954239408525,-0.18952159184805373,25.0,0.011221652842995025,normal_20260725_185257.csv
54,56.99422820699966,57.99222802100031,0,normal,1.0702821936588294,0.004429852914499356,1.0702913611068716,1.0573172608068024,1.0791448697927448,0.02182760898594238,1.0706334666915656,-0.19975432065864185,2.0,0.009772942493468722,normal_20260725_185257.csv
55,57.99422793600025,58.992228379999695,0,normal,1.069655492907527,0.004357661386017743,1.0696643691925052,1.0617029245509308,1.0804689398589855,0.018766015308054662,1.0695781043178223,-0.7190679173606078,27.0,0.009458363884547355,normal_20260725_185257.csv
56,58.9942282029997,59.99222817899955,0,normal,1.0689815754402752,0.004318598062659752,1.068990298796018,1.0584602873986344,1.0833930450210578,0.024932757622423418,1.0688419434135243,0.3220515879283705,10.0,0.009288010435344917,normal_20260725_185257.csv
57,59.99422787200002,60.992228602000075,0,normal,1.0699576141522567,0.004884550911852649,1.0699687635253656,1.0605562219891975,1.0823536436858334,0.0217974216966359,1.0696954239408525,-0.45976641713527044,23.0,0.011882133791959452,normal_20260725_185257.csv
58,60.99422688799951,61.992231796999484,0,normal,1.0696042331061513,0.0048555701418303504,1.069615254210597,1.057533020761054,1.0809826363082804,0.023449615547226355,1.0696954239408525,-0.510844730269151,14.0,0.011742595956091785,normal_20260725_185257.csv
59,61.99423284299974,62.99222726500012,0,normal,1.0688010359436657,0.004652645026973581,1.0688111627130397,1.057540212001416,1.079659196228143,0.02211898422672709,1.0687280945123503,-0.4603678075053641,2.0,0.010780984796041494,normal_20260725_185257.csv
60,62.99422692200006,63.99222952400033,0,normal,1.069906392307812,0.004806543340296619,1.0699171889263204,1.057993161603609,1.0826206122183335,0.0246274506147246,1.0696954239408525,-0.21724971270978433,19.0,0.011505864825533802,normal_20260725_185257.csv
61,63.994227514000166,64.99223049899956,0,normal,1.0691343907828885,0.004340173418452041,1.0691432002589736,1.058941570626066,1.0802436808424292,0.02130211021636308,1.0696385464258475,-0.29157366060333034,15.0,0.009381209145917899,normal_20260725_185257.csv
62,64.9942338410001,65.99222907900004,0,normal,1.069143623108611,0.004340323281953526,1.0691524331169993,1.0584602873986344,1.0793562664847969,0.020895979086162475,1.0696954239408525,-0.6450433608452446,22.0,0.009394404729927303,normal_20260725_185257.csv
63,65.99422832900018,66.99223063499994,0,normal,1.0691276569356105,0.004701288692609732,1.069137993404032,1.0565617539926382,1.0797578061769222,0.023196052184284,1.0692047558816786,0.16338429828720358,13.0,0.01100757457748647,normal_20260725_185257.csv
64,66.99422879200029,67.99223394299952,0,normal,1.0686128522170588,0.0046671250810578525,1.0686230439121178,1.0565617539926382,1.0791237278458852,0.022561973853246986,1.0682654585822755,-0.3093397411299219,15.0,0.010852820615503158,normal_20260725_185257.csv
65,67.99423202599974,68.9922286889996,0,normal,1.0691473355221544,0.005151316907110601,1.069159745370167,1.053050554342003,1.0823255379043772,0.029274983562374235,1.0702000794244038,0.25303629173579134,6.0,0.01321655858934189,normal_20260725_185257.csv
66,68.99422829099967,69.99224161199982,0,normal,1.068766343278182,0.004549509400261234,1.0687760263778374,1.0588697511970016,1.0807434108057286,0.021873659608727003,1.06910517256255,-0.38215141217237036,20.0,0.010309858388068492,normal_20260725_185257.csv
67,69.99423978899995,70.99223073400026,0,normal,1.0693168035403944,0.0038767881234039884,1.0693238311288118,1.0605562219891975,1.0781084268291383,0.0175522048399408,1.0692047558816786,-0.5871393812034169,23.0,0.007485893069786919,normal_20260725_185257.csv
68,70.99422818899984,71.99223125499975,0,normal,1.0692866673830212,0.004987471996126335,1.0692982988483615,1.0581944103046472,1.0856089765656878,0.02741456626104055,1.0702000794244038,0.25222804878352134,9.0,0.012404911400910181,normal_20260725_185257.csv
69,71.99422833999961,72.99222917699991,0,normal,1.0693558275096657,0.004277547325057565,1.0693643828181298,1.0596092581701992,1.0809826363082804,0.021373378138081156,1.0692047558816786,-0.16952515296882265,15.0,0.009116497692213139,normal_20260725_185257.csv
70,73.99222965899936,74.99028328799979,0,normal,1.1215400470762775,0.04983936299895091,1.1226468898545081,1.0242531620649262,1.214760791267153,0.19050762920222675,1.118232766466803,-1.1980001758289984,53.0,1.2372662721858059,normal_20260817_100340.csv
71,74.99228540099922,75.99028345699936,0,normal,1.1212846755974264,0.04975481353973813,1.1223880190023414,1.0312605926728704,1.2144038908040438,0.18314329813117336,1.1265263245925503,-1.221262712572135,53.0,1.2336152525484472,normal_20260817_100340.csv
72,75.99228799599952,76.99028329199975,0,normal,1.1236467610381666,0.051805992978006206,1.1248403906777176,0.9945841140899044,1.237265395943813,0.24268128185390847,1.1215871580546932,-0.7045538602343218,53.0,1.3370231795311804,normal_20260817_100340.csv
73,76.99228388599933,77.99028316399928,0,normal,1.123505260870035,0.04935082732188207,1.1245886249469181,1.0300800017474372,1.2261019451905293,0.1960219434430921,1.120087876016877,-1.0106172379863718,53.0,1.213097497587595,normal_20260817_100340.csv
74,77.99228357299945,78.99028340599945,0,normal,1.1241647787329418,0.04970020298063041,1.1252628848051462,1.0246020739779909,1.2127181535707297,0.1881160795927388,1.122780129856242,-1.1206109851754493,53.0,1.2302472229645587,normal_20260817_100340.csv
75,78.9922836119995,79.99028387099953,0,normal,1.1222720212438562,0.05020357570163297,1.1233943602671324,1.020295457208352,1.234206745241655,0.21391128803330295,1.123044260036086,-0.996137235006386,53.0,1.2556341926150592,normal_20260817_100340.csv
76,79.99228385399967,80.99028339100006,0,normal,1.122330209727218,0.052071002042010935,1.1235374888805445,1.0161427360366255,1.2454807385102349,0.22933800247360936,1.1194630543255994,-1.0199116577281864,53.0,1.3502947708096895,normal_20260817_100340.csv
77,80.99228385599964,81.99028348499998,0,normal,1.1211333682133604,0.047727590328504516,1.1221488101851733,1.0346546380314543,1.2206750796178316,0.18602044158637732,1.126154967133742,-1.264485222235106,53.0,1.1344426230114477,normal_20260817_100340.csv
78,81.99228372800009,82.9902831720001,0,normal,1.1243849604385088,0.04869008132764837,1.1254386981439726,1.027714751280724,1.2306276813073886,0.20291293002666455,1.127754308349119,-1.0521512310266166,53.0,1.1806432836138292,normal_20260817_100340.csv
79,82.9922834149993,83.99028339599955,0,normal,1.1210590761576282,0.05101114000495329,1.1222190466392914,1.0138574899856487,1.216937492232037,0.20308000224638834,1.1208819830829648,-1.0233580539002267,53.0,1.295902726089698,normal_20260817_100340.csv
80,83.9922837129998,84.99028386099964,0,normal,1.1218144009658644,0.04522219328602303,1.1227255216570076,1.0302719398294802,1.21811803615249,0.18784609632300975,1.1243233965367794,-0.9077646967262756,51.0,1.0185457916951994,normal_20260817_100340.csv
81,84.99228343699998,85.99028343699958,0,normal,1.1230188362086013,0.04755095541289126,1.1240250886167977,1.0195125158623606,1.2074263952721922,0.18791387940983162,1.1224685118077922,-1.0273486615172145,51.0,1.1262680415646658,normal_20260817_100340.csv
82,85.99228364200009,86.99028873499994,0,normal,1.1204907877033925,0.04813732098726578,1.121524322964063,1.0202507338884887,1.2218457881418583,0.20159505425336954,1.1245127744939138,-0.9329264339063723,51.0,1.1540211592804277,normal_20260817_100340.csv
83,86.99228505099929,87.99028358799934,0,normal,1.1220618014907378,0.04518953922491543,1.1229714069467662,1.0376272307529326,1.2094968333980871,0.1718696026451545,1.126641083042865,-1.1771878137680654,51.0,1.0173621256310992,normal_20260817_100340.csv
84,87.9922836269998,88.99028345999979,0,normal,1.1218536385919669,0.04800392211021963,1.1228802086420437,1.012536443788568,1.210050027891409,0.19751358410284103,1.119204874006542,-1.0608802413361627,51.0,1.1476208374669565,normal_20260817_100340.csv
85,88.99228785099969,89.9902835539997,0,normal,1.1235767806842283,0.04695299678685101,1.124557408939179,1.0053682608875218,1.2483046503157793,0.24293638942825746,1.1158226471980213,-0.5645632412210455,51.0,1.0980091136235495,normal_20260817_100340.csv
86,89.99228396399941,90.99028320399977,0,normal,1.1200094651589074,0.048717882902048724,1.1210685234007776,1.0202880034578472,1.226982395961735,0.20669439250388777,1.1259860985501526,-0.8459082666330908,53.0,1.18207151721261,normal_20260817_100340.csv
87,90.99228366899935,91.9902834099994,0,normal,1.1240785884996953,0.04760532508588147,1.1250861922981723,1.01858712440321,1.2142034796524015,0.1956163552491914,1.1271877128499936,-1.0137588035508882,53.0,1.1286418660344972,normal_20260817_100340.csv
88,91.9922837259992,92.990309541,0,normal,1.1237045364073068,0.04665174678015191,1.1246725170555203,1.022863759256334,1.2168124999357952,0.1939487406794611,1.131114304568729,-0.9226476998708613,53.0,1.0839396200488507,normal_20260817_100340.csv
89,92.99228635799956,93.99028730200008,0,normal,1.123655534431755,0.048432822557509164,1.1246988478521704,1.0258705181454433,1.209081771428219,0.18321125328277565,1.118382376470588,-1.2440978465555514,53.0,1.1681964218902166,normal_20260817_100340.csv
90,93.99228271099948,94.99028208199981,0,normal,1.1248190012287644,0.04921726460018874,1.1258952547461951,1.029755101953858,1.2234567912272176,0.19370168927335962,1.1192999999999995,-1.205726433442539,53.0,1.2066257638475044,normal_20260817_100340.csv
91,94.99228402799964,95.99028902800002,0,normal,1.1219224409679516,0.0476777725204652,1.122935053126404,1.029755101953858,1.2213415247177997,0.19158642276394167,1.1235046461853195,-1.081270897002535,53.0,1.1321357156920495,normal_20260817_100340.csv
92,95.99228532599956,96.99028269599968,0,normal,1.1217849649681617,0.04653145292573966,1.1227496086572464,1.0350588244153085,1.2117959605478144,0.17673713613250586,1.1227733564704854,-1.0108781182044593,53.0,1.078780316164305,normal_20260817_100340.csv
93,96.99228501299969,97.99028353099949,0,normal,1.1236523365116076,0.04604774187737135,1.12459546854858,1.0428836272566562,1.2239415427217102,0.181057915465054,1.1259118304734168,-1.146294734403581,53.0,1.0559972758865808,normal_20260817_100340.csv
94,97.9922868849999,98.99028447799994,0,normal,1.121247943241597,0.050614313553468966,1.1223897535882978,0.9905155475811572,1.2109358694827732,0.22042032190161598,1.1252834842829604,-0.8103556672996652,53.0,1.275802813233846,normal_20260817_100340.csv
95,98.99229242399998,99.99028555299994,0,normal,1.1211009758392483,0.049546280710915845,1.122195273541998,1.0026641361891826,1.242980844582892,0.24031670839370944,1.1250266396845898,-0.7996919718914901,51.0,1.2225634872282136,normal_20260817_100340.csv
96,99.9922877399995,100.99029068499932,0,normal,1.1224574756158623,0.04550765115962267,1.1233796023072522,1.011243753998016,1.237265395943813,0.226021641945797,1.1259591111581273,-0.6262132635637783,51.0,1.0314567309117186,normal_20260817_100340.csv
97,100.99228540900005,101.99028727899987,0,normal,1.124118103209742,0.04798645325643274,1.1251418620156304,1.0370260604247126,1.2160622763658115,0.17903621594109898,1.1315778595488784,-1.2161368384283422,51.0,1.1468637195271603,normal_20260817_100340.csv
98,101.99228826199943,102.99028972499947,0,normal,1.1238075592172523,0.04653272188645063,1.1247705207552339,1.0272928696335824,1.2366444315161895,0.20935156188260717,1.128266697195304,-0.4630164485948498,51.0,1.0785685747150002,normal_20260817_100340.csv
99,102.99229020899931,103.9902822639997,0,normal,1.1233659969766998,0.04779874618172519,1.1243824453005302,1.0416505028079237,1.2240658070545063,0.1824153042465826,1.1247764977985626,-1.1492526056252508,51.0,1.1383813635960405,normal_20260817_100340.csv
100,103.99228259899975,104.99028191399977,0,normal,1.1224159083919645,0.048787718420122674,1.123475728656387,1.0301759752585964,1.215661967818357,0.1854859925597605,1.1300178494165478,-1.1921202284017565,51.0,1.1854017395692253,normal_20260817_100340.csv
101,104.99228191599924,105.99028189699949,0,normal,1.1231661983629502,0.04774405528354416,1.1241805032822798,1.023636708017058,1.2221756256774228,0.1985389176603647,1.1264250574272572,-0.8685817515948404,51.0,1.1353870118445926,normal_20260817_100340.csv
102,105.99228508399939,106.99028350999926,0,normal,1.1220045690126457,0.047737657826367616,1.1230196511459627,1.0406936436819436,1.2225675809541163,0.18187393727217271,1.119674766572476,-1.083000006334901,51.0,1.1354024396512716,normal_20260817_100340.csv
103,106.99228223399952,107.99029717899977,0,normal,1.1225385029472335,0.045959685170633584,1.1234789643157541,1.012378703845552,1.2239104746671627,0.21153177082161068,1.1180083118532282,-0.8556793438134505,53.0,1.0519714791396095,normal_20260817_100340.csv
104,107.99228229199981,108.99028325499968,0,normal,1.123462314066339,0.047751627121034555,1.1244766733996752,1.0335220752359382,1.2495468538634316,0.21602477862749336,1.1280813153674012,-0.7454629296462447,53.0,1.1355669130396768,normal_20260817_100340.csv
105,108.99228723799936,109.99028349699985,0,normal,1.1232135552392692,0.04915423345715706,1.124288588103606,1.0254404614603423,1.2217773201365294,0.1963368586761871,1.1256242913664805,-1.1153410737437748,53.0,1.2032983087537907,normal_20260817_100340.csv
106,109.99228373999996,110.9902832580001,0,normal,1.123604897546983,0.04583005616877718,1.124539176658599,1.0409274614496438,1.2117959605478144,0.1708684990981706,1.12529700079579,-1.0819489026650377,53.0,1.0467629227896875,normal_20260817_100340.csv
107,110.99228335299996,111.99028350099981,0,normal,1.1226954822642399,0.04838117075336137,1.1237374620346159,1.0024289800280115,1.2202825164690343,0.2178535364410228,1.1215873840231976,-0.8320604169743779,53.0,1.1657388279120162,normal_20260817_100340.csv
108,111.99228790999952,112.99028357699991,0,normal,1.1216842318393907,0.04389852233134791,1.1225429150905544,1.0362264038326758,1.204462452714903,0.1682360488822272,1.1244451431706215,-1.3248822128725752,53.0,0.9598327213642456,normal_20260817_100340.csv
109,112.99228380099977,113.9902835969997,0,normal,1.1231219055317616,0.0480826745793598,1.12415068308479,1.020586111016606,1.2264926457178615,0.20590653470125564,1.122373654359367,-1.0189569546802824,53.0,1.151422845074132,normal_20260817_100340.csv
110,113.99228387699989,114.99028387699947,0,normal,1.1201612928387321,0.0461059493542877,1.121109754011622,1.024817300790731,1.223512733893685,0.198695433102954,1.1205969837546412,-0.8316001307081802,53.0,1.058856880526892,normal_20260817_100340.csv
111,114.99228371199936,115.99028382300004,0,normal,1.1213988798463983,0.04504699367596809,1.122303292056118,1.0319461904576226,1.2094968333980871,0.17755064294046452,1.1237144655115907,-1.1292782333352502,53.0,1.0109615143305963,normal_20260817_100340.csv
112,115.99228382499952,116.99028356500004,0,normal,1.1222865872791181,0.048260696362472724,1.1233237640146316,1.0275371380149725,1.2105966875883976,0.18305954957342507,1.1251280327144997,-1.048207700612189,53.0,1.1599570707072342,normal_20260817_100340.csv
113,116.99228416000008,117.99028390099922,0,normal,1.1212490731394043,0.048006236095184694,1.1222762951786873,1.017092783378193,1.2191227829878333,0.2020299996096402,1.1212279563050505,-1.0159900855747745,53.0,1.147710974895946,normal_20260817_100340.csv
114,117.992283865,118.99028675399951,0,normal,1.122927288398749,0.04600818546120532,1.1238694088549612,1.0186841806958622,1.2327085056898082,0.21402432499394597,1.1182972149304016,-1.073213959906387,53.0,1.0541619864402292,normal_20260817_100340.csv
115,118.99228807100009,119.99028379299945,0,normal,1.1206310687746839,0.04551142842088839,1.121554850384055,1.0318209001566114,1.2330045985315707,0.2011836983749593,1.1191844888131717,-1.01071301421789,53.0,1.0317815270289115,normal_20260817_100340.csv
116,119.99228381299964,120.99028333199932,0,normal,1.1233077037034431,0.047163922234024575,1.124297395158416,1.031784047172663,1.215161396687699,0.18337734951503615,1.119442673833725,-1.2130792248073359,51.0,1.1077949932163997,normal_20260817_100340.csv
117,120.99228353799937,121.99028390799958,0,normal,1.121389085182283,0.046935099169404776,1.1223708762704063,1.0029447342700393,1.215818354031555,0.21287361976151575,1.1190961486842852,-0.800402756209416,53.0,1.0975556324080464,normal_20260817_100340.csv
118,121.9922836879996,122.99028333599928,0,normal,1.1224465350986006,0.04512986666439429,1.123353430145651,1.0352351472008663,1.2281532844071217,0.1929181372062554,1.1210583749296912,-0.8588210115459609,51.0,1.0142963616022243,normal_20260817_100340.csv
119,122.99228637499984,123.99028350399932,0,normal,1.1218312476246237,0.04755618206900013,1.1228387856678268,1.0320051453360104,1.2241465721064613,0.19214142677045087,1.120508754985877,-0.772807507390826,51.0,1.1263032969273958,normal_20260817_100340.csv
120,123.992286488,124.99028317299964,0,normal,1.1228966760480008,0.04415801852835726,1.1237645997627794,1.0403720584483225,1.2090314512038138,0.16865939275549136,1.120783365677346,-1.0530922617385354,51.0,0.9710864423682957,normal_20260817_100340.csv
121,124.99230315599927,125.99028343400006,0,normal,1.125233498043806,0.04632144665379244,1.126186530526804,1.0280698857568005,1.237726306579932,0.20965642082313152,1.1235655655100862,-0.6471650710532488,51.0,1.0686554632668546,normal_20260817_100340.csv
122,125.99228782499996,126.99028317600006,0,normal,1.123193284774488,0.04201474619101548,1.1239788226919578,1.0293266682642592,1.2065820983256796,0.17725543006142042,1.12834083946297,-0.9546869891100296,51.0,0.8791308692799559,normal_20260817_100340.csv
123,126.99228704899998,127.99028356700002,0,normal,1.1235446446066355,0.04580613229414923,1.1244779989755245,1.040722873775723,1.2250035959130894,0.18428072213736635,1.1286036682556015,-0.9931831474642938,51.0,1.0449392457029152,normal_20260817_100340.csv
124,127.99228405099986,128.99028340199948,0,normal,1.1208439764665818,0.045722174473446134,1.1217761527238845,1.0394286555603516,1.226151564856482,0.18672290929613045,1.121589933844267,-1.1256776552126149,51.0,1.04120286758829,normal_20260817_100340.csv
125,128.992283478,129.99028344099952,0,normal,1.1200445128776626,0.044039019206146196,1.1209099633958115,1.019751190242012,1.208559597206526,0.18880840696451395,1.1223668785205665,-1.0208674022788462,51.0,0.9659302555463887,normal_20260817_100340.csv
126,129.99228744299944,130.99028351699963,0,normal,1.1200716786718927,0.046516321620787296,1.121037168670156,1.0184601906800286,1.2148046139194566,0.19634442323942802,1.1196260849051347,-0.8837100455733116,51.0,1.0780596166245275,normal_20260817_100340.csv
127,130.99228716699963,131.99028348199954,0,normal,1.1231907995049697,0.04793619391844664,1.1242132585857543,1.0192514017650405,1.24058013042286,0.2213287286578196,1.1206512599499445,-0.7904300559336854,51.0,1.144420207126136,normal_20260817_100340.csv
128,131.99228720599967,132.99028348399952,0,normal,1.1223786357802001,0.04212484260121183,1.1231688672768667,1.0471263963820223,1.2162811393752675,0.16915474299324518,1.1261110330243902,-1.0870081946404058,51.0,0.8837595521707552,normal_20260817_100340.csv
129,132.99228772700008,133.9902835969997,0,normal,1.1219749374016652,0.04422566497555075,1.1228462359557518,1.049679765452302,1.235112205429126,0.1854324399768239,1.123765208056513,-0.927152154252485,51.0,0.9743810391386889,normal_20260817_100340.csv
130,133.99228380299974,134.99028341399935,0,normal,1.1218563006665079,0.04508058379011731,1.1227616926044457,1.0176907830967123,1.2113000701725398,0.19360928707582747,1.127356331356146,-0.8853820403785755,51.0,1.0121176176556135,normal_20260817_100340.csv
131,134.992283693,135.99028817499948,0,normal,1.1179142919796246,0.045536161978091495,1.118841323092779,1.0277517501809472,1.2302568390380928,0.20250508885714558,1.118076334603322,-0.8713989716812294,53.0,1.0326442732025192,normal_20260817_100340.csv
132,135.99228484299965,136.99028343600003,0,normal,1.1229865882103773,0.04589295653601285,1.123923947943098,1.0283583422134526,1.2159809743577406,0.18762263214428798,1.1244941845171605,-1.0005827148607682,53.0,1.0488887715652822,normal_20260817_100340.csv
133,136.9922834379995,137.99028351199925,0,normal,1.122852240040027,0.04470657621752423,1.1237418880330126,1.0334779242925318,1.2214037907260644,0.1879258664335326,1.1206037702952814,-0.8432015633571646,53.0,0.9955541810967911,normal_20260817_100340.csv
134,137.99228803200003,138.9902832359994,0,normal,1.1206078152897303,0.045563278762370533,1.1215337213209418,1.0362264038326758,1.204613979663195,0.1683875758305191,1.1166402195873115,-1.2105307005789152,53.0,1.0338953139115485,normal_20260817_100340.csv
135,138.99228344199946,139.9902835899993,0,normal,1.1210113117616223,0.045842748853954465,1.1219482691817835,1.036204386209593,1.2502526544662882,0.2140482682566951,1.1287990653787767,-0.7870043919141656,53.0,1.046821290086729,normal_20260817_100340.csv
136,139.9922882589999,140.99028316599924,0,normal,1.1228386319573396,0.04499435502560019,1.1237397765497135,1.0394067057701717,1.2285495228113517,0.18914281704117997,1.1287552572062531,-0.9963742188327727,53.0,1.0082139233777319,normal_20260817_100340.csv
137,140.99228339,141.99028344599992,0,normal,1.125017490185939,0.04203025904904947,1.125802334293192,1.026122536542298,1.2427299666460128,0.21660743010371486,1.1296947640845292,-0.34218853040273123,53.0,0.8798899003397858,normal_20260817_100340.csv
138,141.9922838549992,142.9902881879998,0,normal,1.1195653811930788,0.04235778882326823,1.1203663798240289,1.0316734803221417,1.2208245942804394,0.18915111395829776,1.1180831364437978,-1.0151862318765563,51.0,0.8939190291649655,normal_20260817_100340.csv
139,142.99228476400003,143.99028361599994,0,normal,1.120583685919427,0.04545757836962601,1.1215053225821088,1.0314670571569409,1.2385862141974613,0.20711915704052042,1.1222601918195798,-0.6061970694869774,51.0,1.0291780536643975,normal_20260817_100340.csv
140,143.99228380299974,144.9902833219994,0,normal,1.1213788002302307,0.04393608032366983,1.1222391869650605,1.0358226730478537,1.2323876581660496,0.19656498511819587,1.1225904596067078,-0.751257106120562,51.0,0.9615917226233708,normal_20260817_100340.csv
141,144.99228743499953,145.9902833419992,0,normal,1.1233466558507783,0.04337400475945584,1.1241837098535097,1.0505198570231786,1.207779060921326,0.1572592038981473,1.1245804017499148,-1.1810809746414255,51.0,0.9369285320027804,normal_20260817_100340.csv
142,145.99228376999963,146.99028317800003,0,normal,1.1217714361582134,0.04090758242110093,1.1225170757186724,1.039516450086289,1.2077286864192636,0.16821223633297455,1.115306611251678,-1.1478824876281792,51.0,0.8333961532894776,normal_20260817_100340.csv
143,146.99228380899967,147.9902834199993,0,normal,1.1215174140151098,0.040172815694957606,1.1222366796090741,1.055402259804289,1.2074389922476414,0.15203673244335247,1.1217365466097642,-1.098857086227499,51.0,0.803725784155821,normal_20260817_100340.csv
144,147.99228386699997,148.99028340399946,0,normal,1.1242244307597529,0.04199133080659991,1.1250083744488304,1.051937797590713,1.2231335168328925,0.17119571924217958,1.119055373965024,-0.9550510943942525,51.0,0.878645156573323,normal_20260817_100340.csv
145,148.9922837389995,149.99028364599963,0,normal,1.1211307876715322,0.04159149185842138,1.1219019989553456,1.040379368307542,1.215405450868145,0.17502608256060315,1.1232880173846778,-0.9564126081120676,51.0,0.8615035613202786,normal_20260817_100340.csv
146,149.9922840929994,150.99028361099954,0,normal,1.1206794225811663,0.04275335569453891,1.1214946355734385,1.0404890100332629,1.2089622574753935,0.16847324744213066,1.1234231264569745,-1.062442910163022,51.0,0.9102935018239234,normal_20260817_100340.csv
147,150.9922838349994,151.99028363199977,0,normal,1.1221744589324099,0.04254708379845742,1.1229807525599003,1.0412123558621458,1.2114444642656963,0.17023210840355052,1.1226852535939504,-0.9750636119453304,51.0,0.902460046768142,normal_20260817_100340.csv
148,151.99228381899957,152.9902834300001,0,normal,1.118951800659302,0.042247609178576125,1.1197490757665307,1.0246020739779909,1.1999140844243807,0.1753120104463899,1.1209091220968808,-1.058539737462057,51.0,0.8888868868555608,normal_20260817_100340.csv
149,152.9922834129993,153.9902833769993,0,normal,1.122864543111661,0.04369236046084422,1.1237142895505066,1.038821206945642,1.221198300850439,0.18237709390479706,1.1253172752606262,-1.1276868818283692,53.0,0.9509412728380766,normal_20260817_100340.csv
150,153.99228367499927,154.99028360099965,0,normal,1.1221918880336816,0.04239347817059277,1.1229923599740115,1.023658995955196,1.2201827977807258,0.19652380182552975,1.127133736519318,-0.7613493437167422,53.0,0.8950491819889149,normal_20260817_100340.csv
151,154.99230804699982,155.99028343600003,0,normal,1.1224345985918582,0.04670164647990536,1.1234057467807435,1.025477542416215,1.23023211224549,0.20475456982927498,1.1273766096562408,-0.9697098572944145,53.0,1.0861966620292414,normal_20260817_100340.csv
152,155.99228382699948,156.99028765999992,0,normal,1.1197411193629452,0.043076110871551096,1.12056937568363,1.0431169541331402,1.1994132815672836,0.15629632743414335,1.1216687478930665,-1.166877512245918,53.0,0.92417931321338,normal_20260817_100340.csv
153,156.99228421799944,157.9902888659999,0,normal,1.1209240415530508,0.04298659731095742,1.1217479906289112,1.0343311752045377,1.2063425632878912,0.1720113880833536,1.1211194271798166,-0.9516641294994312,53.0,0.920542361992055,normal_20260817_100340.csv
154,157.99228449699967,158.99028321999958,0,normal,1.1238448733101114,0.043086763565852,1.1246705155110983,1.0299914028767423,1.224308086226665,0.1943166833499228,1.124999599999929,-0.7716037381653615,53.0,0.9247733157181846,normal_20260817_100340.csv
155,158.9922873509995,159.99028336999982,0,normal,1.1216478694155898,0.03990661693839287,1.122357554899507,1.0357345654172212,1.2083330418390454,0.17259847642182424,1.1281925500551755,-0.7837540738822759,53.0,0.7932464609641223,normal_20260817_100340.csv
156,159.9922838349994,160.99028322399954,0,normal,1.1187711358918186,0.04023574623801697,1.1194944259709378,1.0482442606568374,1.2092390086331155,0.1609947479762781,1.1179130766916336,-1.0698927874563242,53.0,0.8062426182774372,normal_20260817_100340.csv
157,160.99228335499993,161.99028346699924,0,normal,1.1241788415551033,0.044377071329978646,1.1250543952449588,1.0232354421148635,1.2335904060910978,0.21035496397623432,1.122807222990661,-0.6848793377325348,51.0,0.9807443011404445,normal_20260817_100340.csv
158,161.99228370899982,162.99028328299937,0,normal,1.1219087367928664,0.04490524766476989,1.1228070604338038,1.0425846008837842,1.2168062499839485,0.17422164910016424,1.120345852850806,-1.1327841920985697,51.0,1.0042259975831285,normal_20260817_100340.csv
159,162.99228373000005,163.9902839339993,0,normal,1.1220583033628948,0.04370925982423009,1.122909317594257,1.0357345654172212,1.2269142146050798,0.19117964918785857,1.1228952711628988,-0.9672811686059797,51.0,0.9514659836240853,normal_20260817_100340.csv
160,163.99228699099967,164.99028769500003,0,normal,1.1217247177478051,0.03903172265742533,1.1224035895256215,1.0380888690280807,1.1994323032168177,0.16134343418873698,1.1204544569057682,-0.9036937668401888,51.0,0.7587079998075789,normal_20260817_100340.csv
161,164.992284252,165.99028347500007,0,normal,1.1184564464168387,0.04364464192334672,1.1193076776740163,1.0316734803221417,1.2030093515846,0.17133587126245842,1.1115879975541834,-1.2383642300266098,51.0,0.948652058565319,normal_20260817_100340.csv
162,165.99228701299944,166.99028332799935,0,normal,1.1198209436765694,0.04210806981230034,1.1206123484238428,1.035183722824118,1.2116892670977986,0.17650554427368048,1.1171304758173952,-0.8110224363985186,51.0,0.8831879386474398,normal_20260817_100340.csv
163,166.99228425599995,167.99028349699984,0,normal,1.1234705024197515,0.04411347608963816,1.1243362346647021,1.0236515666964028,1.20344546615125,0.17979389945484714,1.12422869559534,-0.9565211865193248,51.0,0.9692481926920506,normal_20260817_100340.csv
164,167.99228816599955,168.99028355499922,0,normal,1.1218787466392883,0.04336971569032,1.1227167293667624,1.0395530289504236,1.2191227829878333,0.1795697540374097,1.1190621698547405,-0.8510614753591677,51.0,0.9371008153351427,normal_20260817_100340.csv
165,168.99228853799923,169.99028390900003,0,normal,1.1231271773754727,0.04502042714816884,1.1240291345957185,1.0361383305331389,1.2068404907028931,0.17070216016975426,1.1163881986119344,-1.0856397343525535,53.0,1.0094064742039097,normal_20260817_100340.csv
166,169.99228361399946,170.99028355900012,0,normal,1.1214412235951055,0.04231605559964834,1.122239308944398,1.0331025650921597,1.2246621003362517,0.19155953524409197,1.124587164251842,-0.8645973380021639,53.0,0.8917594590722975,normal_20260817_100340.csv
167,170.99228396799936,171.99028373300007,0,normal,1.1202333757812324,0.0412340774819124,1.1209920005780594,1.0514822395076389,1.2092390086331155,0.15775676912547665,1.1220144785162087,-0.9931987059386866,53.0,0.8467396157944949,normal_20260817_100340.csv
168,171.99228688999938,172.99028345399984,0,normal,1.1218321639378088,0.04314426977725669,1.1226614948683329,1.0421176565052528,1.210050027891409,0.16793237138615624,1.122861407298336,-0.9846077811788287,53.0,0.927158937896525,normal_20260817_100340.csv
169,172.99228392699933,173.99028338199972,0,normal,1.1214569238313457,0.04350365376304904,1.1223004053728216,1.04982465678798,1.2205504700748755,0.1707258132868954,1.1251077548395088,-1.006559990940712,53.0,0.9425374829190742,normal_20260817_100340.csv
170,173.99228372499968,174.99028731099952,0,normal,1.12066180987805,0.04301323285749759,1.1214869728712855,1.0206233683391734,1.213921595491241,0.19329822715206757,1.122095811417189,-0.6891583245245818,53.0,0.9214009486262835,normal_20260817_100340.csv
171,174.9922884129992,175.9902838529997,0,normal,1.1212811375172882,0.04066620129709704,1.122018328406448,1.0287797869320725,1.2099683218993793,0.1811885349673068,1.118531966463185,-0.9648742242077772,53.0,0.8238049285651226,normal_20260817_100340.csv
172,175.99228371499976,176.99028384099984,0,normal,1.1197449079361002,0.04297716197208258,1.1205693621101729,1.028158650209198,1.2437637476627144,0.21560509745351641,1.1184503744020116,-0.496338863995184,53.0,0.9199289217947403,normal_20260817_100340.csv
173,176.99228636999942,177.99028383099994,0,normal,1.1199741004750208,0.040334440682475665,1.1207001618809556,1.0188334800152574,1.2084400316110022,0.1896065515957448,1.122800449768346,-0.5973573556873069,51.0,0.8104952790863195,normal_20260817_100340.csv
174,177.99228728599974,178.99028411899963,0,normal,1.1241848095331886,0.042116288236597355,1.1249734520067574,1.0358226730478537,1.2300095487434233,0.19418687569556958,1.1232744766974812,-0.6149613330509407,51.0,0.8834016941827104,normal_20260817_100340.csv
175,178.99228740699982,179.99028348199954,0,normal,1.1213426503305848,0.043033712477309076,1.1221680978623478,1.019087238660165,1.209081771428219,0.1899945327680539,1.1190383791022813,-0.7903946957635957,51.0,0.9223214552829259,normal_20260817_100340.csv
176,179.99228775199936,180.99028351299967,0,normal,1.117976308742875,0.037916144709818585,1.1186190866152785,1.043634461868714,1.2181554950005355,0.17452103313182166,1.117253006261339,-0.8366272337515022,51.0,0.7161291267254553,normal_20260817_100340.csv
177,180.9922848749993,181.99028348999946,0,normal,1.1215618980037552,0.04251691247273201,1.1223674883477335,1.039377438662202,1.2048286102180674,0.16545117155586553,1.1242621583037422,-0.8952765676005332,51.0,0.9002792022458601,normal_20260817_100340.csv
178,181.99228833300003,182.9902833749993,0,normal,1.1213625883185132,0.042619275446726466,1.1221722047529068,1.02939316104198,1.2207996764416345,0.19140651539965448,1.122061923424906,-0.8683679939780755,53.0,0.9050312177829752,normal_20260817_100340.csv
179,182.9922838299999,183.99028387199996,0,normal,1.122619436796799,0.04350389414797174,1.1234620548465355,1.023324625913009,1.2452242569111798,0.22189963099817067,1.1257021479325433,-0.3067488297097958,53.0,0.9426088355963579,normal_20260817_100340.csv
180,183.9922885489996,184.9902840729992,0,normal,1.1213653465558235,0.04406152657066694,1.1222306619318507,1.0345664309265017,1.2049737797977182,0.17040734887121656,1.1225836850765292,-1.0648091004725166,53.0,0.9670942500419567,normal_20260817_100340.csv
181,184.99228373200003,185.99028375699982,0,normal,1.1242277107882985,0.03977303704397724,1.1249310379663278,1.04546190748396,1.196664652273142,0.15120274478918194,1.1325723553045075,-1.1635943904515007,53.0,0.7883487127511428,normal_20260817_100340.csv
182,185.99228369399955,186.99028349699984,0,normal,1.1206416668061114,0.04040705282522543,1.1213699101099512,1.0393847555164544,1.2254815298485733,0.1860967743321189,1.126371044549708,-0.8070128299515122,53.0,0.8131420174945665,normal_20260817_100340.csv
183,186.99228382299955,187.99028342199927,0,normal,1.122512401668055,0.042216648865288774,1.1233059856245757,1.0270559478431542,1.2049927136709169,0.17793676582776263,1.1235046461853195,-1.0569238000698138,53.0,0.8876049972012788,normal_20260817_100340.csv
184,187.9922869709999,188.99028347799958,0,normal,1.1192737470390883,0.044589103030662464,1.1201615548303734,1.022863759256334,1.2018709165297246,0.17900715727339045,1.1161020517855882,-1.1227913985501492,53.0,0.9905743995522787,normal_20260817_100340.csv
185,188.99228402599968,189.99028347799958,0,normal,1.1213230151306681,0.04054360884611771,1.1220557421447475,1.0480338448733415,1.2203510683405818,0.17231722346724032,1.121695867871501,-1.0094144104784486,53.0,0.818626326696187,normal_20260817_100340.csv
186,189.99228399000003,190.9902838299995,0,normal,1.1222034861978496,0.04126121381385891,1.1229617768205646,1.02939316104198,1.1938523652445472,0.1644592042025672,1.1206593436444243,-1.0775331178865228,53.0,0.8486412462900659,normal_20260817_100340.csv
187,190.99228710099942,191.99028364599963,0,normal,1.120022334857857,0.04041890868832037,1.120751408100833,1.031761934750454,1.208609937076475,0.17684800232602083,1.1238565764630883,-0.9700345555105319,53.0,0.8135911038731222,normal_20260817_100340.csv
188,191.99228369399955,192.99028364599963,0,normal,1.121048575979398,0.04186763325725057,1.1218301156681434,1.0248395630536518,1.199330850933136,0.1744912878794842,1.1203322766036867,-1.04528750234693,51.0,0.8729941152092232,normal_20260817_100340.csv
189,192.99228373200003,193.99028360899956,0,normal,1.122154967537924,0.04086698606406811,1.1228988742179769,1.0485561787524786,1.230602961966206,0.18204678321372736,1.1222652360293444,-0.9525691916272616,51.0,0.8317448589872936,normal_20260817_100340.csv
190,194.99028473899943,195.9883377899996,0,normal,1.123293856226817,0.05344502542881613,1.1245645638112558,1.0181988067170378,1.213664710700612,0.19546590398357422,1.132975171837406,-1.0410239352349775,4.0,1.4226109555752122,normal_20260817_100640.csv
191,195.9903364189995,196.98833807600022,0,normal,1.1230865990293877,0.054886678170603935,1.1244269902310242,1.016165188342919,1.228109938075578,0.21194474973265898,1.127909397957123,-0.9216868406134351,4.0,1.5002972578450051,normal_20260817_100640.csv
192,196.9903412419999,197.98833813300007,0,normal,1.1243125142022585,0.053021190180866845,1.1255620268114948,1.006154650140822,1.2330045985315707,0.22684994839074868,1.1259388482506498,-0.8403265604094288,4.0,1.4000234491100265,normal_20260817_100640.csv
193,197.9903380400001,198.98833797999941,0,normal,1.1226012770122078,0.05833873524991537,1.1241161128548953,1.0148546398376468,1.3478323263670449,0.3329776865293981,1.1166947031306271,0.8773339588250204,4.0,1.6949648389651817,normal_20260817_100640.csv
194,198.99033796099957,199.9883383010001,0,normal,1.1188523838395874,0.05573054204359333,1.1202395057040258,1.0128818835382534,1.221229437902641,0.20834755436438757,1.1181035417169556,-1.0920682659129444,4.0,1.5468394237277514,normal_20260817_100640.csv
195,199.9903379489997,200.98833826400005,0,normal,1.120440139839807,0.05122428989994491,1.1216104648406235,1.0134898716810148,1.217281154869326,0.2037912831883113,1.1242489893257632,-1.047132538783529,4.0,1.3067581948581302,normal_20260817_100640.csv
196,200.99033793099989,201.98838982899997,0,normal,1.1191584823053669,0.05207999677369496,1.12036959731153,1.0098289211544695,1.221023918684642,0.21119499753017257,1.119415499267363,-1.0207400805250382,4.0,1.350839188426936,normal_20260817_100640.csv
197,201.9903763479997,202.9883399829996,0,normal,1.1219283161700842,0.05334190637538078,1.1231956666583076,1.0116723283751514,1.2238607641394508,0.21218843576429935,1.1262721643764637,-0.9397392106230602,4.0,1.4174126713960131,normal_20260817_100640.csv
198,202.99033820499972,203.9883363680001,0,normal,1.1223797623031642,0.05045800721682001,1.123513391695889,1.0098590446195943,1.230479357811418,0.22062031319182362,1.1224210840856472,-0.866396808504585,4.0,1.267988548958368,normal_20260817_100640.csv
199,203.99033631299972,204.98833741399994,0,normal,1.1241223557725335,0.05336551351209682,1.125388354649185,1.0164420593422925,1.228964198013921,0.2125221386716285,1.1293109801998735,-0.974962719615379,4.0,1.418266695210342,normal_20260817_100640.csv
200,204.99033650699948,205.9883368589999,0,normal,1.125498496039734,0.05423811659982647,1.1268046138883172,1.0092940800381225,1.233164952469863,0.22387087243174042,1.1388400677882735,-1.028539990122167,4.0,1.465051227436568,normal_20260817_100640.csv
201,205.99033630400027,206.98833779599954,0,normal,1.1211483369451494,0.05428095379712486,1.1224615874852912,1.023094218535126,1.2192350634721756,0.19614084493704964,1.119490227737607,-1.097501271735377,4.0,1.4673441429411214,normal_20260817_100640.csv
202,206.99033633399995,207.98833735599965,0,normal,1.122483579383788,0.055370121308872464,1.1238484045101456,1.013842487766221,1.2344100696284033,0.22056758186218217,1.123436954172329,-0.8760874187172161,4.0,1.5268216210004768,normal_20260817_100640.csv
203,207.99033665299976,208.98834120399988,0,normal,1.122391374413822,0.05504678193547123,1.123740426237305,0.9940640220830848,1.227434776271228,0.23337075418814335,1.1269178053434066,-0.6687788046740875,4.0,1.5090767988995415,normal_20260817_100640.csv
204,208.99034046499946,209.9883379519997,0,normal,1.1223179634603122,0.05453461666040392,1.1236421296480477,1.0169133148897207,1.2247552449367178,0.20784193004699714,1.127754308349119,-1.1547791444181366,4.0,1.481092621811207,normal_20260817_100640.csv
205,209.9903378049994,210.98833837799975,0,normal,1.1202911041460557,0.05430072090875728,1.1216063152104663,1.005451465760531,1.2189481038994237,0.21349663813889275,1.1215530789102908,-0.9014644033650816,4.0,1.4684280164569725,normal_20260817_100640.csv
206,210.99033997199967,211.98833810999986,0,normal,1.1205080637417035,0.06008479366543883,1.1221178651728168,0.9952720532598108,1.2253512027170006,0.23007914945718977,1.12543891437963,-1.0579139294364575,4.0,1.7980483758451253,normal_20260817_100640.csv
207,211.99033790799967,212.98833811199984,0,normal,1.1240465132478912,0.05632974449842809,1.125457064512014,1.0016396657481172,1.229947718401071,0.22830805265295373,1.1274845364793258,-0.8490018775394592,4.0,1.5802085865632496,normal_20260817_100640.csv
208,212.99033792799946,213.98833910600024,0,normal,1.1243446887630508,0.055839791818362995,1.1257304568590119,1.0083668528863887,1.2392553005736953,0.23088844768730654,1.129741886450175,-0.8639914293043542,4.0,1.5528401075115519,normal_20260817_100640.csv
209,213.99033805199997,214.98833833200024,0,normal,1.12202552259328,0.05344915330739033,1.1232978613618028,1.0188633372538245,1.2184676072838374,0.1996042700300129,1.1265398261934638,-1.070870468509078,4.0,1.4227202857854813,normal_20260817_100640.csv
210,214.9903379999996,215.98833775299954,0,normal,1.1244592476142778,0.05807420317775913,1.1259579089024596,0.996730439988666,1.2286485624457466,0.23191812245708066,1.1280374993766829,-1.112587922382013,4.0,1.6796077685517323,normal_20260817_100640.csv
211,215.99034062600003,216.98833836999984,0,normal,1.1207067530657733,0.05872999840602111,1.1222445540433688,0.9915054916640652,1.2392000685926383,0.2476945769285731,1.120434094447326,-0.9839288512498277,4.0,1.7177916909645656,normal_20260817_100640.csv
212,216.9903385939997,217.98833675700007,0,normal,1.1205968630142489,0.05836982801605989,1.122116021728591,0.9947217399856102,1.2329984306559354,0.2382766906703252,1.1206852055773735,-1.0027641869507231,4.0,1.6970087354120227,normal_20260817_100640.csv
213,217.99033631400016,218.98833670800013,0,normal,1.1192711509092068,0.05832683586805957,1.1207898683696245,0.995577651416503,1.2209491758463986,0.2253715244298956,1.122095811417189,-0.9614925226616635,4.0,1.6942373559610084,normal_20260817_100640.csv
214,218.99033646999942,219.98834228099986,0,normal,1.1218883797888872,0.05719627693010588,1.123345428085235,1.0003633040051,1.2217088482940603,0.22134554428896025,1.1172666199256112,-0.9253183632095996,4.0,1.629235304897257,normal_20260817_100640.csv
215,219.99033943099948,220.98833691900018,0,normal,1.1238404625878733,0.05691430145644035,1.1252806863445226,1.0057690937784876,1.2319864812569985,0.22621738747851095,1.1288866462138702,-1.1043828862489238,4.0,1.6132035297239435,normal_20260817_100640.csv
216,220.9903421429999,221.98833771499994,0,normal,1.1217055456270104,0.05753188446080021,1.1231799716964328,0.9987122558575116,1.22612055280058,0.22740829694306852,1.128044241153688,-1.0407591200524926,4.0,1.6484009204519465,normal_20260817_100640.csv
217,221.9903399019995,222.9883392239999,0,normal,1.121850663943035,0.056303473698981,1.1232626555441074,1.004278397656745,1.2144852983877574,0.21020690073101234,1.127268672500039,-1.0021254214746174,4.0,1.5789207168732649,normal_20260817_100640.csv
218,222.99033817100008,223.98833798299984,0,normal,1.121512854460385,0.05630758279414751,1.122925476868345,0.9962649045309184,1.2248359645274955,0.22857105999657712,1.1238836461128885,-0.9178901915800015,4.0,1.5789732726232357,normal_20260817_100640.csv
219,223.99033820800014,224.98833915900013,0,normal,1.1219312851207957,0.05639939403220653,1.123347987125984,1.0069404252486838,1.2348474116262298,0.22790698637754603,1.1185931566034184,-0.8007659173240667,4.0,1.584110181283337,normal_20260817_100640.csv
220,224.990338736,225.98833943699992,0,normal,1.1206028282851734,0.055700521175928705,1.121986295290633,1.006970635122991,1.225630458172446,0.21865982304945497,1.1210990767991915,-1.157978313247429,4.0,1.5450943583334822,normal_20260817_100640.csv
221,225.9903379769994,226.98840777799978,0,normal,1.1170536545988015,0.05850002655949841,1.118584427014787,1.006970635122991,1.2414870679954744,0.23451643287248336,1.1219941443697463,-0.9992140402052945,4.0,1.7043302526831003,normal_20260817_100640.csv
222,226.9903695969997,227.98834178000016,0,normal,1.1223933062253963,0.06013740317326316,1.1240032211341744,0.9882787764593552,1.237412906026117,0.24913412956676173,1.1272349400191604,-1.0606237105077863,4.0,1.8010855932602734,normal_20260817_100640.csv
223,227.99034193099942,228.9883368820001,0,normal,1.1222574570346038,0.05594073015454847,1.1236508199436335,1.0145548481969815,1.2290508288919542,0.21449598069497267,1.1240866292239222,-0.9931069457733468,4.0,1.5587209764338767,normal_20260817_100640.csv
224,228.99033832900022,229.98868166800003,0,normal,1.122190452148862,0.05586121325153075,1.1235799419889978,0.9948058353266732,1.2197963108650558,0.22499047553838258,1.1246953587527602,-0.8112877792395743,4.0,1.554051985441765,normal_20260817_100640.csv
225,229.9903611059999,230.98865156600004,0,normal,1.1221228811741562,0.057802406052092796,1.123610643684012,0.997066101118677,1.2308254181645746,0.23375931704589759,1.1225836850765292,-0.9849524628889315,4.0,1.6639040162053906,normal_20260817_100640.csv
226,230.9903586139999,231.9883876269996,0,normal,1.1244704986767506,0.05673085814316381,1.1259006584330609,0.985026050416942,1.224500632911229,0.23947458249428688,1.1242895756876874,-0.7706705410385504,4.0,1.6034256889648792,normal_20260817_100640.csv
227,231.990401389,232.98833806199946,0,normal,1.1230505125343984,0.057688195640228826,1.1245311830358462,0.9949357868727006,1.234329976140902,0.23939418926820133,1.1304686682964724,-1.0671030360765092,4.0,1.6573521756252096,normal_20260817_100640.csv
228,232.99034024999946,233.98865801299962,0,normal,1.1215546103966079,0.057686971303000045,1.1230371902835632,1.0048234770346482,1.212511191700926,0.20768771466627767,1.119578536771762,-1.0932330071702898,4.0,1.6572864022949645,normal_20260817_100640.csv
229,233.99036537600023,234.98940822199984,0,normal,1.1209489452083148,0.05802229171935949,1.1224496087130147,1.004217815018236,1.2405862606042353,0.23636844558599934,1.1242556453738253,-1.0093686023926378,4.0,1.6769067349559614,normal_20260817_100640.csv
230,234.99036066000008,235.988697236,0,normal,1.1188565908680845,0.05709149806273603,1.1203122377623125,1.0085629231733635,1.251225519241036,0.2426625960676725,1.1163506158109184,-0.8550383041100695,4.0,1.6238068875522074,normal_20260817_100640.csv
231,235.99035763699976,236.98834515599992,0,normal,1.1188389715840765,0.0596648955809516,1.120428732271714,0.9968753984325224,1.2551336741558643,0.2582582757233419,1.1164154468655474,-0.8585161571266684,4.0,1.7729543421447094,normal_20260817_100640.csv
232,236.9903538259996,237.99132585000007,0,normal,1.1203505309367983,0.056416008983568994,1.1217700647815487,1.0033920121268656,1.2274781464449784,0.22408613431811286,1.1216890879383643,-1.0228999941024557,4.0,1.585043713222474,normal_20260817_100640.csv
233,237.99239423000017,238.98833668799944,0,normal,1.1224916458625958,0.057526185591268486,1.1239647490290787,0.9895707251126622,1.2184114329732794,0.22884070786061717,1.1272619260846166,-0.7316317977046958,4.0,1.6480861825652904,normal_20260817_100640.csv
234,238.99033883999982,239.98833934599952,0,normal,1.123729796952686,0.05884279514668967,1.1252693593535728,0.985651221274544,1.2376034138608376,0.25195219258629364,1.132867768100055,-1.0993696488726812,4.0,1.724737456680921,normal_20260817_100640.csv
235,239.99033827599942,240.99131517600017,0,normal,1.1226589769271678,0.055434587081034485,1.1240267665496224,1.0003785083657084,1.2365521824815966,0.2361736741158882,1.1238571356136413,-0.8263813768729613,4.0,1.5303905469200478,normal_20260817_100640.csv
236,240.9924212219994,241.9883381109994,0,normal,1.117412325516365,0.05837906443331943,1.1189362896876658,0.9854120052039148,1.226170171713535,0.24075816650962012,1.1144109251079692,-1.0086284300096788,4.0,1.697296284861416,normal_20260817_100640.csv
237,241.99034104099974,242.98833723699954,0,normal,1.1194377088407539,0.05678523703713272,1.1208770437117535,1.006124415765764,1.2186797979781234,0.21255538221235937,1.1163064498604314,-1.126343778130842,4.0,1.6063544030132308,normal_20260817_100640.csv
238,242.9903364820002,243.98844434900002,0,normal,1.1225886875921,0.05889588466307362,1.1241325930422976,0.9860523566221016,1.2239353291738908,0.23788297255178925,1.1262562585841642,-0.8093649046600886,4.0,1.727731342669134,normal_20260817_100640.csv
239,243.99035387499953,244.98833921499954,0,normal,1.1217070121517925,0.056399754161680825,1.1231240151381325,1.0130170235489628,1.2321161065419115,0.21909908299294867,1.123203346795165,-1.0381104128344827,4.0,1.5842027314380225,normal_20260817_100640.csv
240,244.99033679399963,245.98838417800016,0,normal,1.1254590127433752,0.058136127104466216,1.1269595372683086,1.011243753998016,1.2370502455438095,0.22580649154579358,1.1299236257375982,-0.9499578676456575,4.0,1.683267415394558,normal_20260817_100640.csv
241,245.99038259000008,246.98833737199948,0,normal,1.1244396176306732,0.060671138464556816,1.126075237601822,0.9820800934750687,1.2386169141425445,0.25653682066747574,1.131846924279074,-0.898783766042444,4.0,1.8331730206413577,normal_20260817_100640.csv
242,246.99033706199953,247.98960335499942,0,normal,1.1232606606908544,0.05753823741083219,1.124733373124493,0.992632363969662,1.2338862873052765,0.24125392333561446,1.1295870484384989,-0.862277674054182,4.0,1.6489160425042872,normal_20260817_100640.csv
243,247.99068108699976,248.98833868699967,0,normal,1.118844187250676,0.05844389459451447,1.1203695837356529,0.99017766587618,1.2211111128803962,0.23093344700421625,1.1279431102675346,-0.8740938103615967,4.0,1.7010702165257463,normal_20260817_100640.csv
244,248.99033763599982,249.99131499299983,0,normal,1.1176178592317356,0.05836862792864351,1.1191409991596233,1.0185647254838546,1.2241465721064613,0.2055818466226067,1.1185455645614084,-1.2980286466787785,4.0,1.6968622564372493,normal_20260817_100640.csv
245,249.9923911879996,250.9883383639999,0,normal,1.120782381669957,0.05903849725576538,1.1223362647709463,0.9818477529637678,1.2228163762397035,0.2409686232759357,1.1210990767991915,-0.8993886776499744,4.0,1.7359818439672545,normal_20260817_100640.csv
246,250.99034188799942,251.99089445499976,0,normal,1.1229833230613049,0.05844308826703343,1.124503062886002,0.9998233994061152,1.242026014220314,0.2422026148141987,1.1177838163079656,-1.0543375739199592,4.0,1.7013784740972193,normal_20260817_100640.csv
247,251.9919638350002,252.9883678469996,0,normal,1.124232655765349,0.05671042241766442,1.125662087973118,1.0108526153698174,1.2403778174411213,0.2295252020713039,1.1267692056708862,-1.0089711058093764,4.0,1.601883483254829,normal_20260817_100640.csv
248,252.9903631850002,253.98834246000024,0,normal,1.1202212653229247,0.059862248523636905,1.1218195808952525,0.9773605424816372,1.242889065846184,0.2655285233645468,1.129021372694069,-0.8319188236195787,4.0,1.7848822007547722,normal_20260817_100640.csv
249,253.99036172399974,254.98834072799946,0,normal,1.119549010588599,0.05975872563976712,1.1211427618283052,0.9948669911098668,1.2327763665807354,0.23790937547086866,1.121553480668666,-1.158727281376983,4.0,1.7784514249156995,normal_20260817_100640.csv
250,254.9903442699997,255.98835794600018,0,normal,1.1192854008297268,0.059286758466267776,1.1208544634518791,0.9978971389877817,1.235610848932624,0.23771370994484242,1.12231267033746,-1.0116927688911415,4.0,1.750575454275169,normal_20260817_100640.csv
251,255.99038784000004,256.9883492459994,0,normal,1.1174736309232272,0.0581723612315966,1.1189867467579764,0.9846708384023568,1.2406965986896232,0.2560257602872664,1.1179198808501438,-0.8027024672794845,4.0,1.685304344172195,normal_20260817_100640.csv
252,256.99034810299963,257.98834599699967,0,normal,1.122965422791588,0.058005945854800775,1.1244625518619995,1.0120932071701696,1.248645770424903,0.2365525632547334,1.1195649512198924,-0.9626674188587359,4.0,1.6756610666475789,normal_20260817_100640.csv
253,257.99033829899963,258.9883506979995,0,normal,1.1218943050146821,0.05800429221723785,1.123392776165131,0.9810728872005382,1.263557869668026,0.2824849824674879,1.1252091405601004,-0.8268065391790591,4.0,1.6758341020111798,normal_20260817_100640.csv
254,258.9903461849999,259.98833794300026,0,normal,1.1236409334722752,0.05938827178453512,1.125209275734963,0.9936737744350508,1.2488893706009352,0.2552155961658844,1.1303946655925088,-0.8088957779494077,4.0,1.7565033434061696,normal_20260817_100640.csv
255,259.9903407080001,260.9883374159999,0,normal,1.1246590175090674,0.060187043751452014,1.1262683454221734,0.991190965455194,1.2283823753213,0.23719140986610587,1.132223131719185,-0.8881486401602281,4.0,1.8040526381522968,normal_20260817_100640.csv
256,260.9903401439997,261.9883367100001,0,normal,1.1221325523204633,0.05499676192980178,1.1234794652328988,1.0124237749085112,1.2381686193729833,0.22574484446447207,1.1226446543764417,-0.7332955204391753,4.0,1.5063130343903393,normal_20260817_100640.csv
257,261.9903364009997,262.9883369729996,0,normal,1.12059384111715,0.05527237999499653,1.121956145640283,0.9984685523340232,1.2272736736359986,0.2288051213019754,1.1199588653160435,-0.997369700132523,4.0,1.5214949956232173,normal_20260817_100640.csv
258,262.9903384600002,263.98833714899956,0,normal,1.1192947644143878,0.056429721021281805,1.120716325864846,1.0169357501828715,1.2297127347474286,0.21277698456455707,1.1274508104569352,-1.0586291559418706,4.0,1.5858555074788756,normal_20260817_100640.csv
259,263.99033654399955,264.9883368310002,0,normal,1.1221861789804852,0.056842147436368166,1.123624870684162,0.9994430098810037,1.2401386777292287,0.24069566784822505,1.121153343660001,-0.9508223589265237,4.0,1.6090923384063474,normal_20260817_100640.csv
