name,start_s,end_s,xyz_points,observed_span_s,observed_rate_xyz_per_s,host_interval_max_ms,host_intervals_over_10ms,quality_flags_clear,gap_flagged_points,overrun_flagged_points,saturated_flagged_points,vector_ac_rms_g,mean_x_g,std_x_g,ac_rms_x_g,mean_y_g,std_y_g,ac_rms_y_g,mean_z_g,std_z_g,ac_rms_z_g
S_vor_1,0,5,1035,4.996091683,206.96177444428216,5.816281,0,True,0,0,0,0.014210844680462928,-0.2218855072463762,0.006991586566274879,0.006991586566274879,-0.023219130434782565,0.0072226202116764514,0.0072226202116764514,-1.0702843478260835,0.010044878351498763,0.010044878351498763
S_vor_1,5,10,1035,4.993603338,207.06490484166687,5.975595,0,True,0,0,0,0.012910695822637097,-0.22200985507246282,0.006199445158145309,0.006199445158145309,-0.023381159420289777,0.006768012474770041,0.006768012474770041,-1.0700017391304295,0.009080030478867601,0.009080030478867601
S_vor_1,10,15,1035,4.994925884,207.01007863042798,5.839188,0,True,0,0,0,0.01255965669377514,-0.22177246376811516,0.006201567919041468,0.006201567919041468,-0.02323043478260866,0.006667457294012888,0.006667457294012888,-1.0706536231884012,0.00865046500735772,0.00865046500735772
S_vor_1,15,20,1035,4.995056523,207.00466455962865,5.876817,0,True,0,0,0,0.012694204907250529,-0.22218695652173842,0.00609166960392035,0.00609166960392035,-0.023961449275362267,0.006518681576346842,0.006518681576346842,-1.070725217391299,0.009030016066991935,0.009030016066991935
S_vor_1,20,25,1035,4.995151921,207.00071116015212,13.295968,3,True,0,0,0,0.013526285033574226,-0.222107826086956,0.0066822561645012695,0.0066822561645012695,-0.02314376811594197,0.006878453883707236,0.006878453883707236,-1.0702843478260833,0.009539114819058978,0.009539114819058978
S_vor_1,25,30,1034,4.989272354,207.0442194184535,5.811447,0,True,0,0,0,0.01394105465466034,-0.22207369439071478,0.006222860183708461,0.006222860183708461,-0.02333965183752412,0.007092537983204077,0.007092537983204077,-1.0700596711798804,0.010262793039667576,0.010262793039667576
S_vor_2,0,5,1035,4.996949913,206.92622859996234,5.839151,0,True,0,0,0,0.01305673868945799,-0.2220475362318833,0.006220023860757891,0.006220023860757891,-0.023132463768115893,0.00672570591215546,0.00672570591215546,-1.0708194202898509,0.00930347291926992,0.00930347291926992
S_vor_2,5,10,1035,4.996603054,206.94059320406444,6.040188,0,True,0,0,0,0.012965925433544898,-0.22179130434782562,0.006232684748023234,0.006232684748023234,-0.023279420289855038,0.0066784324907497115,0.0066784324907497115,-1.0706913043478221,0.009201489153745902,0.009201489153745902
S_vor_2,10,15,1035,4.994969324,207.00827831550464,5.860391,0,True,0,0,0,0.013060961706127585,-0.22203623188405727,0.006113505387267048,0.006113505387267048,-0.02369391304347822,0.007066655158055594,0.007066655158055594,-1.0705292753623157,0.009125577102074985,0.009125577102074985
S_vor_2,15,20,1035,4.996703707,206.9364246175824,5.791836,0,True,0,0,0,0.013438071445233206,-0.22210782608695592,0.006366927425322137,0.006366927425322137,-0.024036811594202873,0.007123905965892597,0.007123905965892597,-1.0702918840579674,0.009449548302273094,0.009449548302273094
S_vor_2,20,25,1035,4.997184016,206.91653473022714,6.18878,0,True,0,0,0,0.01688632969477994,-0.22229246376811523,0.008582223016262245,0.008582223016262245,-0.02277449275362313,0.0077369835593578745,0.0077369835593578745,-1.0712828985507217,0.012313921554978817,0.012313921554978817
S_vor_2,25,30,1033,4.986089803,206.97581487182052,5.82178,0,True,0,0,0,0.012630551879578652,-0.22184317521781144,0.006063294289663347,0.006063294289663347,-0.023690706679574035,0.006897638440388936,0.006897638440388936,-1.0708388189738578,0.00867121024340503,0.00867121024340503
B75_300s,0,5,1036,4.999530214,207.01945096795848,5.818021,0,True,0,0,0,0.02073362540170955,-0.22127606177606177,0.013499443944362852,0.013499443944362852,-0.023324710424710418,0.009232276530490798,0.009232276530490798,-1.0701961389961376,0.012744147894463917,0.012744147894463917
B75_300s,5,10,1034,4.989315577,207.04242577117708,5.856594,0,True,0,0,0,0.2046152527203945,-0.21873945841392614,0.1689049224674911,0.1689049224674911,-0.024938878143133426,0.029603542790405522,0.029603542790405522,-1.0727300773694408,0.11163404080448884,0.11163404080448884
B75_300s,10,15,1036,4.999366816,207.0262171376544,5.790484,0,True,0,0,0,0.20408933244054583,-0.21916418918918915,0.16966662446388206,0.16966662446388206,-0.026140540540540567,0.033088256517969296,0.033088256517969296,-1.0726468146718136,0.1084935916985913,0.1084935916985913
B75_300s,15,20,1035,4.993978886,207.04933352815942,5.901946,0,True,0,0,0,0.2049817649328043,-0.2190066666666665,0.17204346328734327,0.17204346328734327,-0.026143188405797088,0.032886333291662295,0.032886333291662295,-1.07160695652174,0.10647562997087065,0.10647562997087065
B75_300s,20,25,1035,4.993654902,207.06276670938445,5.953909,0,True,0,0,0,0.20298353215942003,-0.2188144927536228,0.17037882350839562,0.17037882350839562,-0.02638811594202893,0.032341446521715674,0.032341446521715674,-1.0715692753623203,0.10548649991677736,0.10548649991677736
B75_300s,25,30,1035,4.994461881,207.02931059170896,5.831613,0,True,0,0,0,0.20141215648099267,-0.21979420289855056,0.16916912100801804,0.16916912100801804,-0.02581159420289856,0.032220542264762196,0.032220542264762196,-1.0711698550724662,0.10445334811226986,0.10445334811226986
B75_300s,30,35,1035,4.995263842,206.99607322163143,5.848631,0,True,0,0,0,0.2015186386457965,-0.21973391304347786,0.16945213092785957,0.16945213092785957,-0.025359420289855068,0.03233720394660348,0.03233720394660348,-1.072692173913045,0.10416353626187268,0.10416353626187268
B75_300s,35,40,1035,4.994585173,207.02420004561208,5.81728,0,True,0,0,0,0.20002588200772384,-0.21852811594202853,0.16850374457005826,0.16850374457005826,-0.026244927536231834,0.03125041697684422,0.03125041697684422,-1.071591884057969,0.10315160191489862,0.10315160191489862
B75_300s,40,45,1035,4.993310616,207.07704357240812,5.805779,0,True,0,0,0,0.19943738652362358,-0.21929304347826045,0.16807611511855566,0.16807611511855566,-0.02647855072463762,0.03171761003457537,0.03171761003457537,-1.0707327536231894,0.10256551020553596,0.10256551020553596
B75_300s,45,50,1036,4.998943783,207.04373662287293,6.070649,0,True,0,0,0,0.20022001273681367,-0.21945781853281815,0.16859725681765433,0.16859725681765433,-0.026257239382239363,0.0323679356524656,0.0323679356524656,-1.0703881274131264,0.10303074898053283,0.10303074898053283
B75_300s,50,55,1035,4.995410634,206.98999056500787,6.168224,0,True,0,0,0,0.19945379828861076,-0.21922521739130443,0.16755875275542217,0.16755875275542217,-0.02647101449275362,0.031552968584699546,0.031552968584699546,-1.0711171014492769,0.10349054159822549,0.10349054159822549
B75_300s,55,60,1035,4.993894818,207.05281902875672,5.885354,0,True,0,0,0,0.19928275025166653,-0.218705217391304,0.16769314981393244,0.16769314981393244,-0.026316521739130423,0.03127132018579597,0.03127132018579597,-1.0720779710144928,0.10302779521657052,0.10302779521657052
B75_300s,60,65,1035,4.993917725,207.05186928164701,6.237539,0,True,0,0,0,0.19871277608089968,-0.21908956521739117,0.1673147559042216,0.1673147559042216,-0.02661420289855071,0.03167539896713137,0.03167539896713137,-1.070970144927535,0.10241683911721551,0.10241683911721551
B75_300s,65,70,1036,4.997778949,207.09199237535145,5.851335,0,True,0,0,0,0.19939425917192904,-0.2189797297297296,0.16781390718965752,0.16781390718965752,-0.02661110038610035,0.033044354221158576,0.033044354221158576,-1.0705537644787644,0.10249211578736216,0.10249211578736216
B75_300s,70,75,1035,4.993672079,207.06205446454987,5.904816,0,True,0,0,0,0.20006592351035823,-0.21956811594202846,0.16787806504286756,0.16787806504286756,-0.026105507246376773,0.032197651347247835,0.032197651347247835,-1.0720817391304347,0.1039549915840326,0.1039549915840326
B75_300s,75,80,1035,4.993904284,207.05242655788155,5.82289,0,True,0,0,0,0.1998770297530318,-0.21947391304347807,0.1681771499171435,0.1681771499171435,-0.02625623188405797,0.03261101481479191,0.03261101481479191,-1.070864637681158,0.10297472981945845,0.10297472981945845
B75_300s,80,85,1035,4.993758971,207.05845156017642,5.819205,0,True,0,0,0,0.1992083061447264,-0.21876550724637672,0.16765884840333087,0.16765884840333087,-0.026026376811594178,0.03141442712831229,0.03141442712831229,-1.072108115942028,0.10289603275792474,0.10289603275792474
B75_300s,85,90,1036,4.9986799,207.05466657306863,5.788464,0,True,0,0,0,0.1994064840278058,-0.21924324324324304,0.16745660160052558,0.16745660160052558,-0.02612548262548262,0.03200601908972284,0.03200601908972284,-1.0717960424710435,0.10342556354578239,0.10342556354578239
B75_300s,90,95,1035,4.995334605,206.99314095296725,5.86189,0,True,0,0,0,0.19850473436516675,-0.21953043478260853,0.1674492785885055,0.1674492785885055,-0.026146956521739137,0.03138117497658677,0.03138117497658677,-1.0716559420289855,0.10188272926587363,0.10188272926587363
B75_300s,95,100,1035,4.994360144,207.03352785685692,5.80202,0,True,0,0,0,0.1960368609646635,-0.2194060869565218,0.16634064696433665,0.16634064696433665,-0.026926956521739098,0.03097961832571231,0.03097961832571231,-1.0717162318840587,0.09900254174897644,0.09900254174897644
B75_300s,100,105,1035,4.994091628,207.04465937363855,5.972186,0,True,0,0,0,0.19625767604866698,-0.21931188405797059,0.16589723098977127,0.16589723098977127,-0.026120579710144906,0.030789004431238647,0.030789004431238647,-1.0716747826086972,0.1002358287444323,0.1002358287444323
B75_300s,105,110,1035,4.992966798,207.091302993279,5.76776,0,True,0,0,0,0.1959146450429958,-0.21927797101449242,0.16612504834803438,0.16612504834803438,-0.026327826086956514,0.030959251052131143,0.030959251052131143,-1.071742608695652,0.09912891216984747,0.09912891216984747
B75_300s,110,115,1036,4.997683229,207.09595878230482,5.908316,0,True,0,0,0,0.19491333090494667,-0.21924700772200767,0.16532913434961002,0.16532913434961002,-0.026422876447876442,0.030523193090443077,0.030523193090443077,-1.071419594594595,0.09861956491099186,0.09861956491099186
B75_300s,115,120,1035,4.993806121,207.0564965771926,5.88452,0,True,0,0,0,0.19604951320086716,-0.2183434782608695,0.1659984222714099,0.1659984222714099,-0.02629768115942025,0.03088557649134457,0.03088557649134457,-1.0721571014492743,0.09962939623673811,0.09962939623673811
B75_300s,120,125,1035,4.994290811,207.0364019897679,5.791223,0,True,0,0,0,0.19615660323552875,-0.2195643478260865,0.16576657878464532,0.16576657878464532,-0.02660666666666664,0.03069266421663285,0.03069266421663285,-1.0721457971014483,0.10028367122428108,0.10028367122428108
B75_300s,125,130,1035,4.994047037,207.04650804032866,5.864704,0,True,0,0,0,0.1971332483696508,-0.21901797101449247,0.16629169089179205,0.16629169089179205,-0.025728695652173877,0.031324802689180156,0.031324802689180156,-1.0717313043478267,0.10113035098131025,0.10113035098131025
B75_300s,130,135,1036,4.998358839,207.06796637415252,5.783001,0,True,0,0,0,0.19812561695976255,-0.219800386100386,0.16623819492399575,0.16623819492399575,-0.026091602316602337,0.03217381121845237,0.03217381121845237,-1.071811100386099,0.10287598609868849,0.10287598609868849
B75_300s,135,140,1035,4.995398751,206.99048295053714,5.892945,0,True,0,0,0,0.19829334085180714,-0.21973014492753581,0.16729709896817513,0.16729709896817513,-0.025947246376811537,0.03138373805263953,0.03138373805263953,-1.0714373913043467,0.10172015871422375,0.10172015871422375
B75_300s,140,145,1035,4.994769719,207.01655094662033,6.042186,0,True,0,0,0,0.19777798315355996,-0.21888231884057954,0.16609884504432207,0.16609884504432207,-0.026207246376811585,0.03246736921020938,0.03246736921020938,-1.0713997101449255,0.10233852760226725,0.10233852760226725
B75_300s,145,150,1035,4.992658021,207.10411080647097,5.890908,0,True,0,0,0,0.19663396992199536,-0.21968115942028968,0.16647797771874323,0.16647797771874323,-0.026177101449275327,0.030773214830737014,0.030773214830737014,-1.0712414492753626,0.10001505042213944,0.10001505042213944
B75_300s,150,155,1036,4.999349417,207.0269376412343,5.933389,0,True,0,0,0,0.19469146144828475,-0.21881785714285673,0.16544528904628528,0.16544528904628528,-0.026852027027026996,0.030553656924983918,0.030553656924983918,-1.0708210424710414,0.09797497405853395,0.09797497405853395
B75_300s,155,160,1035,4.995203627,206.99856846896864,5.847668,0,True,0,0,0,0.19676150247603508,-0.21914608695652155,0.16591462355915165,0.16591462355915165,-0.02625999999999995,0.03163603284094018,0.03163603284094018,-1.071610724637681,0.10092862810887038,0.10092862810887038
B75_300s,160,165,1035,4.993830448,207.05548791992146,5.813871,0,True,0,0,0,0.19689237202610665,-0.21942115942028984,0.16630335696487386,0.16630335696487386,-0.02638811594202898,0.029799669353061185,0.029799669353061185,-1.0711171014492749,0.10110281564194362,0.10110281564194362
B75_300s,165,170,1035,4.993486066,207.06976776011695,5.825464,0,True,0,0,0,0.19701313748864868,-0.21948898550724605,0.16570706244861025,0.16570706244861025,-0.025555362318840567,0.03157732779488825,0.03157732779488825,-1.0720026086956538,0.1017753318201802,0.1017753318201802
B75_300s,170,175,1035,4.994326703,207.0349141114247,5.940648,0,True,0,0,0,0.19703582426048308,-0.21976782608695608,0.16626206895601583,0.16626206895601583,-0.026135652173913015,0.030977060773092892,0.030977060773092892,-1.071671014492754,0.10109630148691452,0.10109630148691452
B75_300s,175,180,1036,4.997888619,207.08744810065164,5.844371,0,True,0,0,0,0.19690222105649763,-0.21983803088803064,0.16544067630436393,0.16544067630436393,-0.02647934362934364,0.031711569602803066,0.031711569602803066,-1.071957915057915,0.10195216346043395,0.10195216346043395
B75_300s,180,185,1035,4.994196515,207.04031106793562,5.807649,0,True,0,0,0,0.19652674112868188,-0.21898782608695613,0.16557913812503855,0.16557913812503855,-0.026504927536231897,0.031320343975344195,0.031320343975344195,-1.0716823188405793,0.10112044822732669,0.10112044822732669
B75_300s,185,190,1035,4.994023264,207.04749364179173,5.827667,0,True,0,0,0,0.19664743025976025,-0.21940608695652178,0.16575006081024846,0.16575006081024846,-0.02605652173913045,0.03078958641131708,0.03078958641131708,-1.071478840579709,0.10123798959771067,0.10123798959771067
B75_300s,190,195,1035,4.99390879,207.05223973463882,5.814853,0,True,0,0,0,0.1968066561840236,-0.21919130434782597,0.16527207426870785,0.16527207426870785,-0.02663304347826083,0.03100266390164096,0.03100266390164096,-1.0712452173913045,0.10225867306129637,0.10225867306129637
B75_300s,195,200,1036,4.997312374,207.11132755776777,5.88976,0,True,0,0,0,0.1965151606157499,-0.2193335907335905,0.16546665276327405,0.16546665276327405,-0.02616312741312734,0.03109157466146914,0.03109157466146914,-1.0709000965250948,0.10135240086067213,0.10135240086067213
B75_300s,200,205,1035,4.994609531,207.0231904180459,5.839704,0,True,0,0,0,0.19701006080479005,-0.21915739130434775,0.16585685659673896,0.16585685659673896,-0.025951014492753593,0.030811864933981817,0.030811864933981817,-1.0710040579710136,0.10175999291197851,0.10175999291197851
B75_300s,205,210,1035,4.993858336,207.05433162691943,5.934,0,True,0,0,0,0.19670125352122184,-0.2194776811594202,0.16603020938794727,0.16603020938794727,-0.0260904347826087,0.031792894951170755,0.031792894951170755,-1.071735072463768,0.10057119139215871,0.10057119139215871
B75_300s,210,215,1035,4.993218919,207.0808463985955,5.838389,0,True,0,0,0,0.19618362200209516,-0.21963594202898507,0.16500317497444955,0.16500317497444955,-0.026519999999999995,0.031273297958760174,0.031273297958760174,-1.0709249275362338,0.10140979550810042,0.10140979550810042
B75_300s,215,220,1036,4.998663874,207.05533040207777,5.790926,0,True,0,0,0,0.19634562348990772,-0.21956698841698802,0.16555556087456008,0.16555556087456008,-0.02644922779922783,0.030977739070767035,0.030977739070767035,-1.0712388996139006,0.10091253544141011,0.10091253544141011
B75_300s,220,225,1035,4.993691458,207.06125091959976,5.861963,0,True,0,0,0,0.19723086393884987,-0.21872405797101419,0.16616619138785263,0.16616619138785263,-0.025958550724637663,0.031028917661319343,0.031028917661319343,-1.071324347826086,0.10161701037959978,0.10161701037959978
B75_300s,225,230,1035,4.995082894,207.00357170088637,5.895648,0,True,0,0,0,0.19626736237924966,-0.21979043478260837,0.16549182455778014,0.16549182455778014,-0.026162028985507218,0.030149346741292656,0.030149346741292656,-1.0712866666666663,0.10111553011737553,0.10111553011737553
B75_300s,230,235,1036,4.998971664,207.04258186809358,6.100518,0,True,0,0,0,0.1960505981193277,-0.21877268339768302,0.16542179070106008,0.16542179070106008,-0.02623841698841696,0.03002432815054746,0.03002432815054746,-1.0719014478764468,0.10084645706869949,0.10084645706869949
B75_300s,235,240,1035,4.99388686,207.05314897742798,5.922037,0,True,0,0,0,0.19656460664906983,-0.21971130434782568,0.16590996760433818,0.16590996760433818,-0.02593594202898545,0.031040243832097365,0.031040243832097365,-1.0723492753623183,0.10073743345685801,0.10073743345685801
B75_300s,240,245,1035,4.993668927,207.06218516195997,5.806852,0,True,0,0,0,0.19576895740528902,-0.21892376811594164,0.16535558895119185,0.16535558895119185,-0.026184637681159393,0.030233910732851952,0.030233910732851952,-1.0712489855072473,0.10034403085364024,0.10034403085364024
B75_300s,245,250,1035,4.993609901,207.06463270047092,5.857889,0,True,0,0,0,0.19682068075286874,-0.2200655072463764,0.16600959688983413,0.16600959688983413,-0.02619594202898548,0.03053876672997683,0.03053876672997683,-1.0716898550724632,0.10122538139769802,0.10122538139769802
B75_300s,250,255,1035,4.993416617,207.07264770973947,5.866926,0,True,0,0,0,0.19672061753386946,-0.2193156521739127,0.16592648429286988,0.16592648429286988,-0.026048985507246346,0.030469260448920236,0.030469260448920236,-1.0716220289855087,0.10118807904496828,0.10118807904496828
B75_300s,255,260,1036,4.997281017,207.11262714245714,5.909351,0,True,0,0,0,0.19650843332999826,-0.21943523166023107,0.16544009310154617,0.16544009310154617,-0.02598619691119689,0.031176800177700956,0.031176800177700956,-1.071543822393823,0.10135653454534552,0.10135653454534552
B75_300s,260,265,1035,4.994768992,207.0165810783507,6.738944,0,True,0,0,0,0.19576670837687557,-0.2198620289855073,0.16426436974249112,0.16426436974249112,-0.025551594202898542,0.030869953574477613,0.030869953574477613,-1.0720930434782614,0.10192579118225452,0.10192579118225452
B75_300s,265,270,1035,4.994756801,207.01708635603296,5.819315,0,True,0,0,0,0.19593527995623197,-0.21931565217391286,0.16547781597874792,0.16547781597874792,-0.026109275362318836,0.03109089201263888,0.03109089201263888,-1.070842028985506,0.10020520337931055,0.10020520337931055
B75_300s,270,275,1036,4.998882906,207.04625802651276,5.832926,0,True,0,0,0,0.19630635700508678,-0.2190437258687255,0.16557345268138857,0.16557345268138857,-0.025880791505791503,0.02987593826172332,0.02987593826172332,-1.0713819498069492,0.10113874569498191,0.10113874569498191
B75_300s,275,280,1035,4.993179659,207.08247461840426,5.826925,0,True,0,0,0,0.19668203523302996,-0.21992608695652163,0.16628888539655073,0.16628888539655073,-0.02619594202898547,0.030114273871027438,0.030114273871027438,-1.070499130434782,0.10062286065403013,0.10062286065403013
B75_300s,280,285,1035,4.993190006,207.0820454974691,5.846666,0,True,0,0,0,0.19517627492380238,-0.21922898550724607,0.16502558089049765,0.16502558089049765,-0.025917101449275348,0.030883013909269653,0.030883013909269653,-1.072292753623188,0.09953178083790806,0.09953178083790806
B75_300s,285,290,1036,4.996947908,207.12643378630955,5.824907,0,True,0,0,0,0.19580231013617255,-0.21989826254826228,0.1647243098620525,0.1647243098620525,-0.026362644787644756,0.03128391818523605,0.03128391818523605,-1.0717169884169884,0.10112251410102423,0.10112251410102423
B75_300s,290,295,1035,4.9936637,207.06240189943108,5.837592,0,True,0,0,0,0.19605478719335692,-0.21938724637681145,0.16557173552711535,0.16557173552711535,-0.026056521739130416,0.0306268768878203,0.0306268768878203,-1.0719272463768117,0.10042646258865104,0.10042646258865104
B75_300s,295,300,1033,4.984047787,207.0606150069002,5.809389,0,True,0,0,0,0.19737513657274525,-0.21942313649564354,0.1660581271847374,0.1660581271847374,-0.025582187802516945,0.030995122063455796,0.030995122063455796,-1.0715863504356231,0.10208303160309719,0.10208303160309719
